timeStamp,elapsed,label,responseCode,responseMessage,threadName,dataType,success,failureMessage,bytes,sentBytes,grpThreads,allThreads,URL,Latency,IdleTime,Connect
1765098000000,111,HTTP Request - /api/products,200,OK,Thread Group 1-1,text,true,,1323,453,5,5,http://api.demo.com/api/products,111,0,8
1765098000085,127,HTTP Request - /api/users,200,OK,Thread Group 1-2,text,true,,2271,341,5,5,http://api.demo.com/api/users,127,0,10
1765098000172,91,HTTP Request - /api/products,200,OK,Thread Group 1-3,text,true,,2793,484,5,5,http://api.demo.com/api/products,91,0,2
1765098000281,99,HTTP Request - /api/inventory,200,OK,Thread Group 1-4,text,true,,1965,494,5,5,http://api.demo.com/api/inventory,99,0,9
1765098000368,106,HTTP Request - /api/products,200,OK,Thread Group 1-5,text,true,,2606,494,5,5,http://api.demo.com/api/products,106,0,10
1765098000458,106,HTTP Request - /api/inventory,200,OK,Thread Group 1-1,text,true,,2826,318,5,5,http://api.demo.com/api/inventory,106,0,1
1765098000550,139,HTTP Request - /api/orders,200,OK,Thread Group 1-2,text,true,,3882,468,5,5,http://api.demo.com/api/orders,139,0,4
1765098000646,94,HTTP Request - /api/orders,200,OK,Thread Group 1-3,text,true,,2977,286,5,5,http://api.demo.com/api/orders,94,0,5
1765098000744,141,HTTP Request - /api/inventory,200,OK,Thread Group 1-4,text,true,,2370,329,5,5,http://api.demo.com/api/inventory,141,0,9
1765098000828,84,HTTP Request - /api/users,200,OK,Thread Group 1-5,text,true,,2245,506,5,5,http://api.demo.com/api/users,84,0,5
1765098000934,131,HTTP Request - /api/orders,200,OK,Thread Group 1-1,text,true,,2226,476,5,5,http://api.demo.com/api/orders,131,0,10
1765098001038,109,HTTP Request - /api/users,200,OK,Thread Group 1-2,text,true,,2662,351,5,5,http://api.demo.com/api/users,109,0,10
1765098001124,91,HTTP Request - /api/inventory,200,OK,Thread Group 1-3,text,true,,2413,389,5,5,http://api.demo.com/api/inventory,91,0,5
1765098001214,92,HTTP Request - /api/users,200,OK,Thread Group 1-4,text,true,,1174,452,5,5,http://api.demo.com/api/users,92,0,2
1765098001328,125,HTTP Request - /api/orders,200,OK,Thread Group 1-5,text,true,,3010,260,5,5,http://api.demo.com/api/orders,125,0,10
1765098001421,124,HTTP Request - /api/products,200,OK,Thread Group 1-1,text,true,,2725,302,5,5,http://api.demo.com/api/products,124,0,3
1765098001534,97,HTTP Request - /api/orders,200,OK,Thread Group 1-2,text,true,,1169,416,5,5,http://api.demo.com/api/orders,97,0,7
1765098001614,136,HTTP Request - /api/products,200,OK,Thread Group 1-3,text,true,,3259,406,5,5,http://api.demo.com/api/products,136,0,1
1765098001713,112,HTTP Request - /api/checkout,200,OK,Thread Group 1-4,text,true,,3526,291,5,5,http://api.demo.com/api/checkout,112,0,1
1765098001817,144,HTTP Request - /api/orders,200,OK,Thread Group 1-5,text,true,,3994,278,5,5,http://api.demo.com/api/orders,144,0,3
1765098001934,106,HTTP Request - /api/users,200,OK,Thread Group 1-1,text,true,,2920,393,5,5,http://api.demo.com/api/users,106,0,4
1765098002014,109,HTTP Request - /api/checkout,200,OK,Thread Group 1-2,text,true,,1669,498,5,5,http://api.demo.com/api/checkout,109,0,4
1765098002100,91,HTTP Request - /api/orders,200,OK,Thread Group 1-3,text,true,,4036,505,5,5,http://api.demo.com/api/orders,91,0,10
1765098002203,85,HTTP Request - /api/inventory,200,OK,Thread Group 1-4,text,true,,1726,505,5,5,http://api.demo.com/api/inventory,85,0,7
1765098002304,102,HTTP Request - /api/inventory,200,OK,Thread Group 1-5,text,true,,1993,492,5,5,http://api.demo.com/api/inventory,102,0,10
1765098002391,95,HTTP Request - /api/users,200,OK,Thread Group 1-1,text,true,,2361,324,5,5,http://api.demo.com/api/users,95,0,8
1765098002496,108,HTTP Request - /api/checkout,200,OK,Thread Group 1-2,text,true,,2481,495,5,5,http://api.demo.com/api/checkout,108,0,4
1765098002595,136,HTTP Request - /api/inventory,200,OK,Thread Group 1-3,text,true,,4056,281,5,5,http://api.demo.com/api/inventory,136,0,8
1765098002684,130,HTTP Request - /api/checkout,200,OK,Thread Group 1-4,text,true,,2016,508,5,5,http://api.demo.com/api/checkout,130,0,9
1765098002773,138,HTTP Request - /api/checkout,200,OK,Thread Group 1-5,text,true,,2927,308,5,5,http://api.demo.com/api/checkout,138,0,5
1765098002876,150,HTTP Request - /api/orders,200,OK,Thread Group 1-1,text,true,,2330,318,5,5,http://api.demo.com/api/orders,150,0,6
1765098002988,96,HTTP Request - /api/orders,200,OK,Thread Group 1-2,text,true,,3473,349,5,5,http://api.demo.com/api/orders,96,0,6
1765098003095,134,HTTP Request - /api/users,200,OK,Thread Group 1-3,text,true,,1634,348,5,5,http://api.demo.com/api/users,134,0,8
1765098003191,117,HTTP Request - /api/checkout,200,OK,Thread Group 1-4,text,true,,3920,337,5,5,http://api.demo.com/api/checkout,117,0,8
1765098003271,145,HTTP Request - /api/products,200,OK,Thread Group 1-5,text,true,,2243,391,5,5,http://api.demo.com/api/products,145,0,3
1765098003354,115,HTTP Request - /api/checkout,200,OK,Thread Group 1-1,text,true,,3359,286,5,5,http://api.demo.com/api/checkout,115,0,3
1765098003440,113,HTTP Request - /api/checkout,200,OK,Thread Group 1-2,text,true,,3707,339,5,5,http://api.demo.com/api/checkout,113,0,3
1765098003547,90,HTTP Request - /api/orders,200,OK,Thread Group 1-3,text,true,,2903,338,5,5,http://api.demo.com/api/orders,90,0,10
1765098003642,135,HTTP Request - /api/products,200,OK,Thread Group 1-4,text,true,,1877,361,5,5,http://api.demo.com/api/products,135,0,4
1765098003751,82,HTTP Request - /api/checkout,200,OK,Thread Group 1-5,text,true,,2653,437,5,5,http://api.demo.com/api/checkout,82,0,6
1765098003867,104,HTTP Request - /api/products,200,OK,Thread Group 1-1,text,true,,1789,500,5,5,http://api.demo.com/api/products,104,0,4
1765098003976,113,HTTP Request - /api/users,200,OK,Thread Group 1-2,text,true,,1469,369,5,5,http://api.demo.com/api/users,113,0,8
1765098004079,81,HTTP Request - /api/users,200,OK,Thread Group 1-3,text,true,,1150,449,5,5,http://api.demo.com/api/users,81,0,8
1765098004164,128,HTTP Request - /api/products,200,OK,Thread Group 1-4,text,true,,2695,269,5,5,http://api.demo.com/api/products,128,0,1
1765098004256,139,HTTP Request - /api/products,200,OK,Thread Group 1-5,text,true,,2810,503,5,5,http://api.demo.com/api/products,139,0,9
1765098004362,148,HTTP Request - /api/inventory,200,OK,Thread Group 1-1,text,true,,2054,273,5,5,http://api.demo.com/api/inventory,148,0,1
1765098004479,135,HTTP Request - /api/orders,200,OK,Thread Group 1-2,text,true,,4093,293,5,5,http://api.demo.com/api/orders,135,0,7
1765098004576,105,HTTP Request - /api/inventory,200,OK,Thread Group 1-3,text,true,,3031,262,5,5,http://api.demo.com/api/inventory,105,0,8
1765098004662,112,HTTP Request - /api/products,200,OK,Thread Group 1-4,text,true,,3961,256,5,5,http://api.demo.com/api/products,112,0,9
1765098004778,132,HTTP Request - /api/checkout,200,OK,Thread Group 1-5,text,true,,3702,385,5,5,http://api.demo.com/api/checkout,132,0,2
1765098004874,136,HTTP Request - /api/users,200,OK,Thread Group 1-1,text,true,,2762,404,5,5,http://api.demo.com/api/users,136,0,1
1765098004976,80,HTTP Request - /api/users,200,OK,Thread Group 1-2,text,true,,2748,511,5,5,http://api.demo.com/api/users,80,0,2
1765098005063,148,HTTP Request - /api/inventory,200,OK,Thread Group 1-3,text,true,,3251,410,5,5,http://api.demo.com/api/inventory,148,0,10
1765098005167,147,HTTP Request - /api/inventory,200,OK,Thread Group 1-4,text,true,,1719,351,5,5,http://api.demo.com/api/inventory,147,0,2
1765098005256,98,HTTP Request - /api/products,200,OK,Thread Group 1-5,text,true,,3790,446,5,5,http://api.demo.com/api/products,98,0,9
1765098005374,125,HTTP Request - /api/orders,200,OK,Thread Group 1-1,text,true,,1776,267,5,5,http://api.demo.com/api/orders,125,0,4
1765098005489,85,HTTP Request - /api/products,200,OK,Thread Group 1-2,text,true,,2401,495,5,5,http://api.demo.com/api/products,85,0,2
1765098005603,110,HTTP Request - /api/inventory,200,OK,Thread Group 1-3,text,true,,3432,285,5,5,http://api.demo.com/api/inventory,110,0,9
1765098005712,126,HTTP Request - /api/checkout,200,OK,Thread Group 1-4,text,true,,1551,412,5,5,http://api.demo.com/api/checkout,126,0,5
1765098005829,100,HTTP Request - /api/products,200,OK,Thread Group 1-5,text,true,,1100,385,5,5,http://api.demo.com/api/products,100,0,9
1765098005948,91,HTTP Request - /api/products,200,OK,Thread Group 1-1,text,true,,2539,444,5,5,http://api.demo.com/api/products,91,0,8
1765098006038,146,HTTP Request - /api/orders,200,OK,Thread Group 1-2,text,true,,3634,291,5,5,http://api.demo.com/api/orders,146,0,8
1765098006146,116,HTTP Request - /api/users,200,OK,Thread Group 1-3,text,true,,1728,364,5,5,http://api.demo.com/api/users,116,0,8
1765098006247,136,HTTP Request - /api/products,200,OK,Thread Group 1-4,text,true,,3669,402,5,5,http://api.demo.com/api/products,136,0,3
1765098006342,83,HTTP Request - /api/orders,200,OK,Thread Group 1-5,text,true,,1305,263,5,5,http://api.demo.com/api/orders,83,0,3
1765098006454,142,HTTP Request - /api/users,200,OK,Thread Group 1-1,text,true,,1316,312,5,5,http://api.demo.com/api/users,142,0,7
1765098006537,143,HTTP Request - /api/checkout,200,OK,Thread Group 1-2,text,true,,3623,420,5,5,http://api.demo.com/api/checkout,143,0,8
1765098006652,121,HTTP Request - /api/checkout,200,OK,Thread Group 1-3,text,true,,2468,433,5,5,http://api.demo.com/api/checkout,121,0,1
1765098006748,82,HTTP Request - /api/users,200,OK,Thread Group 1-4,text,true,,3689,270,5,5,http://api.demo.com/api/users,82,0,8
1765098006854,100,HTTP Request - /api/checkout,200,OK,Thread Group 1-5,text,true,,3812,332,5,5,http://api.demo.com/api/checkout,100,0,7
1765098006945,118,HTTP Request - /api/inventory,200,OK,Thread Group 1-1,text,true,,2136,302,5,5,http://api.demo.com/api/inventory,118,0,2
1765098007049,119,HTTP Request - /api/orders,200,OK,Thread Group 1-2,text,true,,3657,461,5,5,http://api.demo.com/api/orders,119,0,8
1765098007154,109,HTTP Request - /api/inventory,200,OK,Thread Group 1-3,text,true,,3311,444,5,5,http://api.demo.com/api/inventory,109,0,5
1765098007254,136,HTTP Request - /api/products,200,OK,Thread Group 1-4,text,true,,3026,474,5,5,http://api.demo.com/api/products,136,0,10
1765098007346,104,HTTP Request - /api/inventory,200,OK,Thread Group 1-5,text,true,,3421,359,5,5,http://api.demo.com/api/inventory,104,0,6
1765098007427,105,HTTP Request - /api/inventory,200,OK,Thread Group 1-1,text,true,,3895,311,5,5,http://api.demo.com/api/inventory,105,0,7
1765098007520,103,HTTP Request - /api/users,200,OK,Thread Group 1-2,text,true,,1927,377,5,5,http://api.demo.com/api/users,103,0,1
1765098007634,104,HTTP Request - /api/products,200,OK,Thread Group 1-3,text,true,,2591,286,5,5,http://api.demo.com/api/products,104,0,2
1765098007734,140,HTTP Request - /api/orders,200,OK,Thread Group 1-4,text,true,,3279,506,5,5,http://api.demo.com/api/orders,140,0,2
1765098007846,129,HTTP Request - /api/inventory,200,OK,Thread Group 1-5,text,true,,3615,330,5,5,http://api.demo.com/api/inventory,129,0,4
1765098007937,102,HTTP Request - /api/orders,200,OK,Thread Group 1-1,text,true,,4094,274,5,5,http://api.demo.com/api/orders,102,0,4
1765098008029,114,HTTP Request - /api/orders,200,OK,Thread Group 1-2,text,true,,1073,319,5,5,http://api.demo.com/api/orders,114,0,4
1765098008145,110,HTTP Request - /api/products,200,OK,Thread Group 1-3,text,true,,3173,415,5,5,http://api.demo.com/api/products,110,0,6
1765098008225,92,HTTP Request - /api/checkout,200,OK,Thread Group 1-4,text,true,,1794,390,5,5,http://api.demo.com/api/checkout,92,0,9
1765098008315,143,HTTP Request - /api/products,200,OK,Thread Group 1-5,text,true,,1969,317,5,5,http://api.demo.com/api/products,143,0,6
1765098008435,115,HTTP Request - /api/products,200,OK,Thread Group 1-1,text,true,,3498,482,5,5,http://api.demo.com/api/products,115,0,6
1765098008543,94,HTTP Request - /api/checkout,200,OK,Thread Group 1-2,text,true,,2870,404,5,5,http://api.demo.com/api/checkout,94,0,3
1765098008645,147,HTTP Request - /api/checkout,200,OK,Thread Group 1-3,text,true,,2260,395,5,5,http://api.demo.com/api/checkout,147,0,7
1765098008742,108,HTTP Request - /api/checkout,200,OK,Thread Group 1-4,text,true,,1419,365,5,5,http://api.demo.com/api/checkout,108,0,2
1765098008850,104,HTTP Request - /api/orders,200,OK,Thread Group 1-5,text,true,,2786,405,5,5,http://api.demo.com/api/orders,104,0,3
1765098008969,150,HTTP Request - /api/checkout,200,OK,Thread Group 1-1,text,true,,3094,308,5,5,http://api.demo.com/api/checkout,150,0,6
1765098009085,131,HTTP Request - /api/products,200,OK,Thread Group 1-2,text,true,,2382,409,5,5,http://api.demo.com/api/products,131,0,1
1765098009165,105,HTTP Request - /api/users,200,OK,Thread Group 1-3,text,true,,3083,320,5,5,http://api.demo.com/api/users,105,0,9
1765098009259,82,HTTP Request - /api/inventory,200,OK,Thread Group 1-4,text,true,,3550,499,5,5,http://api.demo.com/api/inventory,82,0,7
1765098009371,106,HTTP Request - /api/products,200,OK,Thread Group 1-5,text,true,,1071,271,5,5,http://api.demo.com/api/products,106,0,1
1765098009470,143,HTTP Request - /api/orders,200,OK,Thread Group 1-1,text,true,,2572,401,5,5,http://api.demo.com/api/orders,143,0,9
1765098009590,91,HTTP Request - /api/inventory,200,OK,Thread Group 1-2,text,true,,1374,345,5,5,http://api.demo.com/api/inventory,91,0,3
1765098009704,96,HTTP Request - /api/checkout,200,OK,Thread Group 1-3,text,true,,1208,431,5,5,http://api.demo.com/api/checkout,96,0,10
1765098009790,135,HTTP Request - /api/checkout,200,OK,Thread Group 1-4,text,true,,1927,373,5,5,http://api.demo.com/api/checkout,135,0,9
1765098009876,132,HTTP Request - /api/orders,200,OK,Thread Group 1-5,text,true,,1184,395,5,5,http://api.demo.com/api/orders,132,0,2
1765098009978,134,HTTP Request - /api/inventory,200,OK,Thread Group 1-1,text,true,,1294,467,5,5,http://api.demo.com/api/inventory,134,0,7
1765098010062,143,HTTP Request - /api/products,200,OK,Thread Group 1-2,text,true,,2850,268,5,5,http://api.demo.com/api/products,143,0,1
1765098010155,133,HTTP Request - /api/inventory,200,OK,Thread Group 1-3,text,true,,2795,408,5,5,http://api.demo.com/api/inventory,133,0,1
1765098010265,118,HTTP Request - /api/checkout,200,OK,Thread Group 1-4,text,true,,1132,342,5,5,http://api.demo.com/api/checkout,118,0,4
1765098010364,109,HTTP Request - /api/users,200,OK,Thread Group 1-5,text,true,,1243,510,5,5,http://api.demo.com/api/users,109,0,8
1765098010452,115,HTTP Request - /api/users,200,OK,Thread Group 1-1,text,true,,2154,266,5,5,http://api.demo.com/api/users,115,0,7
1765098010564,106,HTTP Request - /api/users,200,OK,Thread Group 1-2,text,true,,2922,435,5,5,http://api.demo.com/api/users,106,0,7
1765098010650,81,HTTP Request - /api/orders,200,OK,Thread Group 1-3,text,true,,3124,258,5,5,http://api.demo.com/api/orders,81,0,10
1765098010736,99,HTTP Request - /api/inventory,200,OK,Thread Group 1-4,text,true,,1982,286,5,5,http://api.demo.com/api/inventory,99,0,6
1765098010827,128,HTTP Request - /api/users,200,OK,Thread Group 1-5,text,true,,2194,369,5,5,http://api.demo.com/api/users,128,0,4
1765098010947,119,HTTP Request - /api/checkout,200,OK,Thread Group 1-1,text,true,,2205,412,5,5,http://api.demo.com/api/checkout,119,0,5
1765098011038,108,HTTP Request - /api/orders,200,OK,Thread Group 1-2,text,true,,2620,445,5,5,http://api.demo.com/api/orders,108,0,7
1765098011145,98,HTTP Request - /api/orders,200,OK,Thread Group 1-3,text,true,,1092,312,5,5,http://api.demo.com/api/orders,98,0,2
1765098011233,137,HTTP Request - /api/orders,200,OK,Thread Group 1-4,text,true,,3568,258,5,5,http://api.demo.com/api/orders,137,0,2
1765098011339,116,HTTP Request - /api/products,200,OK,Thread Group 1-5,text,true,,1186,292,5,5,http://api.demo.com/api/products,116,0,8
1765098011455,109,HTTP Request - /api/orders,200,OK,Thread Group 1-1,text,true,,2539,291,5,5,http://api.demo.com/api/orders,109,0,9
1765098011556,86,HTTP Request - /api/inventory,200,OK,Thread Group 1-2,text,true,,1740,440,5,5,http://api.demo.com/api/inventory,86,0,6
1765098011640,124,HTTP Request - /api/products,200,OK,Thread Group 1-3,text,true,,3613,456,5,5,http://api.demo.com/api/products,124,0,3
1765098011723,129,HTTP Request - /api/orders,200,OK,Thread Group 1-4,text,true,,1851,467,5,5,http://api.demo.com/api/orders,129,0,10
1765098011812,123,HTTP Request - /api/products,200,OK,Thread Group 1-5,text,true,,1167,502,5,5,http://api.demo.com/api/products,123,0,4
1765098011908,114,HTTP Request - /api/inventory,200,OK,Thread Group 1-1,text,true,,2978,441,5,5,http://api.demo.com/api/inventory,114,0,7
1765098011990,86,HTTP Request - /api/inventory,200,OK,Thread Group 1-2,text,true,,2246,443,5,5,http://api.demo.com/api/inventory,86,0,7
1765098012099,142,HTTP Request - /api/orders,200,OK,Thread Group 1-3,text,true,,2102,448,5,5,http://api.demo.com/api/orders,142,0,10
1765098012199,128,HTTP Request - /api/orders,200,OK,Thread Group 1-4,text,true,,1647,387,5,5,http://api.demo.com/api/orders,128,0,9
1765098012298,136,HTTP Request - /api/inventory,200,OK,Thread Group 1-5,text,true,,3960,265,5,5,http://api.demo.com/api/inventory,136,0,8
1765098012405,101,HTTP Request - /api/products,200,OK,Thread Group 1-1,text,true,,1342,424,5,5,http://api.demo.com/api/products,101,0,8
1765098012492,137,HTTP Request - /api/users,200,OK,Thread Group 1-2,text,true,,3724,319,5,5,http://api.demo.com/api/users,137,0,7
1765098012586,123,HTTP Request - /api/orders,200,OK,Thread Group 1-3,text,true,,2657,435,5,5,http://api.demo.com/api/orders,123,0,9
1765098012697,131,HTTP Request - /api/checkout,200,OK,Thread Group 1-4,text,true,,3102,328,5,5,http://api.demo.com/api/checkout,131,0,3
1765098012799,136,HTTP Request - /api/orders,200,OK,Thread Group 1-5,text,true,,3107,343,5,5,http://api.demo.com/api/orders,136,0,3
1765098012882,96,HTTP Request - /api/checkout,200,OK,Thread Group 1-1,text,true,,1752,489,5,5,http://api.demo.com/api/checkout,96,0,6
1765098013002,138,HTTP Request - /api/orders,200,OK,Thread Group 1-2,text,true,,2293,415,5,5,http://api.demo.com/api/orders,138,0,8
1765098013104,82,HTTP Request - /api/users,200,OK,Thread Group 1-3,text,true,,3951,367,5,5,http://api.demo.com/api/users,82,0,8
1765098013218,103,HTTP Request - /api/checkout,200,OK,Thread Group 1-4,text,true,,2957,332,5,5,http://api.demo.com/api/checkout,103,0,8
1765098013320,143,HTTP Request - /api/users,200,OK,Thread Group 1-5,text,true,,2486,347,5,5,http://api.demo.com/api/users,143,0,6
1765098013405,144,HTTP Request - /api/checkout,200,OK,Thread Group 1-1,text,true,,2644,505,5,5,http://api.demo.com/api/checkout,144,0,3
1765098013515,145,HTTP Request - /api/orders,200,OK,Thread Group 1-2,text,true,,1643,355,5,5,http://api.demo.com/api/orders,145,0,2
1765098013617,113,HTTP Request - /api/products,200,OK,Thread Group 1-3,text,true,,2962,507,5,5,http://api.demo.com/api/products,113,0,9
1765098013717,113,HTTP Request - /api/users,200,OK,Thread Group 1-4,text,true,,2254,444,5,5,http://api.demo.com/api/users,113,0,1
1765098013803,121,HTTP Request - /api/checkout,200,OK,Thread Group 1-5,text,true,,3815,363,5,5,http://api.demo.com/api/checkout,121,0,6
1765098013908,92,HTTP Request - /api/orders,200,OK,Thread Group 1-1,text,true,,2656,459,5,5,http://api.demo.com/api/orders,92,0,7
1765098014011,83,HTTP Request - /api/products,200,OK,Thread Group 1-2,text,true,,2173,393,5,5,http://api.demo.com/api/products,83,0,4
1765098014112,80,HTTP Request - /api/users,200,OK,Thread Group 1-3,text,true,,1841,391,5,5,http://api.demo.com/api/users,80,0,5
1765098014218,149,HTTP Request - /api/inventory,200,OK,Thread Group 1-4,text,true,,2220,329,5,5,http://api.demo.com/api/inventory,149,0,9
1765098014337,121,HTTP Request - /api/checkout,200,OK,Thread Group 1-5,text,true,,1963,411,5,5,http://api.demo.com/api/checkout,121,0,2
1765098014448,149,HTTP Request - /api/orders,200,OK,Thread Group 1-1,text,true,,3018,405,5,5,http://api.demo.com/api/orders,149,0,10
1765098014538,113,HTTP Request - /api/users,200,OK,Thread Group 1-2,text,true,,2781,455,5,5,http://api.demo.com/api/users,113,0,5
1765098014658,121,HTTP Request - /api/users,200,OK,Thread Group 1-3,text,true,,1305,273,5,5,http://api.demo.com/api/users,121,0,5
1765098014740,109,HTTP Request - /api/products,200,OK,Thread Group 1-4,text,true,,2789,392,5,5,http://api.demo.com/api/products,109,0,10
1765098014836,134,HTTP Request - /api/inventory,200,OK,Thread Group 1-5,text,true,,2830,332,5,5,http://api.demo.com/api/inventory,134,0,3
1765098014918,101,HTTP Request - /api/inventory,200,OK,Thread Group 1-1,text,true,,2764,507,5,5,http://api.demo.com/api/inventory,101,0,9
1765098015038,99,HTTP Request - /api/orders,200,OK,Thread Group 1-2,text,true,,2068,461,5,5,http://api.demo.com/api/orders,99,0,4
1765098015123,126,HTTP Request - /api/products,200,OK,Thread Group 1-3,text,true,,2948,353,5,5,http://api.demo.com/api/products,126,0,6
1765098015210,107,HTTP Request - /api/checkout,200,OK,Thread Group 1-4,text,true,,2405,470,5,5,http://api.demo.com/api/checkout,107,0,3
1765098015294,110,HTTP Request - /api/products,200,OK,Thread Group 1-5,text,true,,3729,416,5,5,http://api.demo.com/api/products,110,0,4
1765098015384,140,HTTP Request - /api/inventory,200,OK,Thread Group 1-1,text,true,,2311,396,5,5,http://api.demo.com/api/inventory,140,0,10
1765098015481,87,HTTP Request - /api/checkout,200,OK,Thread Group 1-2,text,true,,3596,493,5,5,http://api.demo.com/api/checkout,87,0,10
1765098015586,117,HTTP Request - /api/products,200,OK,Thread Group 1-3,text,true,,1834,450,5,5,http://api.demo.com/api/products,117,0,7
1765098015697,109,HTTP Request - /api/orders,200,OK,Thread Group 1-4,text,true,,2468,393,5,5,http://api.demo.com/api/orders,109,0,9
1765098015805,91,HTTP Request - /api/checkout,200,OK,Thread Group 1-5,text,true,,3155,388,5,5,http://api.demo.com/api/checkout,91,0,7
1765098015919,138,HTTP Request - /api/checkout,200,OK,Thread Group 1-1,text,true,,3342,447,5,5,http://api.demo.com/api/checkout,138,0,2
1765098016008,89,HTTP Request - /api/users,200,OK,Thread Group 1-2,text,true,,1659,341,5,5,http://api.demo.com/api/users,89,0,10
1765098016089,105,HTTP Request - /api/checkout,200,OK,Thread Group 1-3,text,true,,3759,396,5,5,http://api.demo.com/api/checkout,105,0,7
1765098016203,135,HTTP Request - /api/orders,200,OK,Thread Group 1-4,text,true,,1510,441,5,5,http://api.demo.com/api/orders,135,0,4
1765098016290,143,HTTP Request - /api/orders,200,OK,Thread Group 1-5,text,true,,3989,490,5,5,http://api.demo.com/api/orders,143,0,8
1765098016391,102,HTTP Request - /api/checkout,200,OK,Thread Group 1-1,text,true,,2345,436,5,5,http://api.demo.com/api/checkout,102,0,3
1765098016501,116,HTTP Request - /api/orders,200,OK,Thread Group 1-2,text,true,,3526,310,5,5,http://api.demo.com/api/orders,116,0,4
1765098016620,88,HTTP Request - /api/inventory,200,OK,Thread Group 1-3,text,true,,2611,442,5,5,http://api.demo.com/api/inventory,88,0,3
1765098016713,81,HTTP Request - /api/products,200,OK,Thread Group 1-4,text,true,,3154,404,5,5,http://api.demo.com/api/products,81,0,4
1765098016831,99,HTTP Request - /api/checkout,200,OK,Thread Group 1-5,text,true,,2698,308,5,5,http://api.demo.com/api/checkout,99,0,8
1765098016925,115,HTTP Request - /api/inventory,200,OK,Thread Group 1-1,text,true,,3551,435,5,5,http://api.demo.com/api/inventory,115,0,3
1765098017032,100,HTTP Request - /api/orders,200,OK,Thread Group 1-2,text,true,,3277,344,5,5,http://api.demo.com/api/orders,100,0,3
1765098017147,119,HTTP Request - /api/inventory,200,OK,Thread Group 1-3,text,true,,1461,466,5,5,http://api.demo.com/api/inventory,119,0,9
1765098017238,91,HTTP Request - /api/checkout,200,OK,Thread Group 1-4,text,true,,1615,258,5,5,http://api.demo.com/api/checkout,91,0,10
1765098017344,91,HTTP Request - /api/orders,200,OK,Thread Group 1-5,text,true,,3809,379,5,5,http://api.demo.com/api/orders,91,0,1
1765098017432,88,HTTP Request - /api/products,200,OK,Thread Group 1-1,text,true,,3906,268,5,5,http://api.demo.com/api/products,88,0,4
1765098017552,116,HTTP Request - /api/orders,200,OK,Thread Group 1-2,text,true,,2425,359,5,5,http://api.demo.com/api/orders,116,0,2
1765098017649,123,HTTP Request - /api/orders,200,OK,Thread Group 1-3,text,true,,1848,474,5,5,http://api.demo.com/api/orders,123,0,3
1765098017753,106,HTTP Request - /api/inventory,200,OK,Thread Group 1-4,text,true,,3852,438,5,5,http://api.demo.com/api/inventory,106,0,8
1765098017857,120,HTTP Request - /api/users,200,OK,Thread Group 1-5,text,true,,2818,351,5,5,http://api.demo.com/api/users,120,0,1
1765098017939,117,HTTP Request - /api/checkout,200,OK,Thread Group 1-1,text,true,,1570,508,5,5,http://api.demo.com/api/checkout,117,0,1
1765098018054,119,HTTP Request - /api/inventory,200,OK,Thread Group 1-2,text,true,,3888,289,5,5,http://api.demo.com/api/inventory,119,0,1
1765098018139,140,HTTP Request - /api/checkout,200,OK,Thread Group 1-3,text,true,,2211,357,5,5,http://api.demo.com/api/checkout,140,0,2
1765098018224,88,HTTP Request - /api/users,200,OK,Thread Group 1-4,text,true,,2246,448,5,5,http://api.demo.com/api/users,88,0,2
1765098018327,86,HTTP Request - /api/checkout,200,OK,Thread Group 1-5,text,true,,3017,498,5,5,http://api.demo.com/api/checkout,86,0,2
1765098018422,144,HTTP Request - /api/orders,200,OK,Thread Group 1-1,text,true,,1148,361,5,5,http://api.demo.com/api/orders,144,0,10
1765098018539,118,HTTP Request - /api/users,200,OK,Thread Group 1-2,text,true,,2740,469,5,5,http://api.demo.com/api/users,118,0,9
1765098018645,131,HTTP Request - /api/checkout,200,OK,Thread Group 1-3,text,true,,3317,359,5,5,http://api.demo.com/api/checkout,131,0,4
1765098018756,118,HTTP Request - /api/products,200,OK,Thread Group 1-4,text,true,,2073,487,5,5,http://api.demo.com/api/products,118,0,5
1765098018876,148,HTTP Request - /api/products,200,OK,Thread Group 1-5,text,true,,1863,262,5,5,http://api.demo.com/api/products,148,0,7
1765098018993,118,HTTP Request - /api/orders,200,OK,Thread Group 1-1,text,true,,3207,484,5,5,http://api.demo.com/api/orders,118,0,1
1765098019103,137,HTTP Request - /api/checkout,200,OK,Thread Group 1-2,text,true,,2393,430,5,5,http://api.demo.com/api/checkout,137,0,4
1765098019183,140,HTTP Request - /api/inventory,200,OK,Thread Group 1-3,text,true,,2941,372,5,5,http://api.demo.com/api/inventory,140,0,2
1765098019293,143,HTTP Request - /api/checkout,200,OK,Thread Group 1-4,text,true,,1221,469,5,5,http://api.demo.com/api/checkout,143,0,5
1765098019382,125,HTTP Request - /api/inventory,200,OK,Thread Group 1-5,text,true,,1676,426,5,5,http://api.demo.com/api/inventory,125,0,6
1765098019489,101,HTTP Request - /api/users,200,OK,Thread Group 1-1,text,true,,1533,289,5,5,http://api.demo.com/api/users,101,0,3
1765098019574,119,HTTP Request - /api/inventory,200,OK,Thread Group 1-2,text,true,,3251,331,5,5,http://api.demo.com/api/inventory,119,0,2
1765098019664,90,HTTP Request - /api/users,200,OK,Thread Group 1-3,text,true,,3471,418,5,5,http://api.demo.com/api/users,90,0,8
1765098019782,121,HTTP Request - /api/inventory,200,OK,Thread Group 1-4,text,true,,3321,454,5,5,http://api.demo.com/api/inventory,121,0,3
1765098019894,83,HTTP Request - /api/products,200,OK,Thread Group 1-5,text,true,,3350,389,5,5,http://api.demo.com/api/products,83,0,7
1765098020000,108,HTTP Request - /api/orders,200,OK,Thread Group 1-1,text,true,,3382,351,5,5,http://api.demo.com/api/orders,108,0,3
1765098020094,117,HTTP Request - /api/checkout,200,OK,Thread Group 1-2,text,true,,3113,405,5,5,http://api.demo.com/api/checkout,117,0,5
1765098020214,122,HTTP Request - /api/checkout,200,OK,Thread Group 1-3,text,true,,2385,481,5,5,http://api.demo.com/api/checkout,122,0,10
1765098020325,103,HTTP Request - /api/inventory,200,OK,Thread Group 1-4,text,true,,3649,321,5,5,http://api.demo.com/api/inventory,103,0,6
1765098020423,134,HTTP Request - /api/products,200,OK,Thread Group 1-5,text,true,,1892,473,5,5,http://api.demo.com/api/products,134,0,7
1765098020510,108,HTTP Request - /api/inventory,200,OK,Thread Group 1-1,text,true,,3061,366,5,5,http://api.demo.com/api/inventory,108,0,2
1765098020594,116,HTTP Request - /api/checkout,200,OK,Thread Group 1-2,text,true,,4096,329,5,5,http://api.demo.com/api/checkout,116,0,4
1765098020683,98,HTTP Request - /api/products,200,OK,Thread Group 1-3,text,true,,1642,471,5,5,http://api.demo.com/api/products,98,0,4
1765098020785,107,HTTP Request - /api/checkout,200,OK,Thread Group 1-4,text,true,,2317,443,5,5,http://api.demo.com/api/checkout,107,0,10
1765098020901,109,HTTP Request - /api/inventory,200,OK,Thread Group 1-5,text,true,,1743,415,5,5,http://api.demo.com/api/inventory,109,0,10
1765098020985,94,HTTP Request - /api/inventory,200,OK,Thread Group 1-1,text,true,,4078,415,5,5,http://api.demo.com/api/inventory,94,0,9
1765098021087,104,HTTP Request - /api/checkout,200,OK,Thread Group 1-2,text,true,,1514,279,5,5,http://api.demo.com/api/checkout,104,0,5
1765098021183,90,HTTP Request - /api/users,200,OK,Thread Group 1-3,text,true,,1038,324,5,5,http://api.demo.com/api/users,90,0,4
1765098021292,92,HTTP Request - /api/users,200,OK,Thread Group 1-4,text,true,,3744,405,5,5,http://api.demo.com/api/users,92,0,6
1765098021380,82,HTTP Request - /api/inventory,200,OK,Thread Group 1-5,text,true,,1448,312,5,5,http://api.demo.com/api/inventory,82,0,10
1765098021492,131,HTTP Request - /api/checkout,200,OK,Thread Group 1-1,text,true,,1262,396,5,5,http://api.demo.com/api/checkout,131,0,2
1765098021603,92,HTTP Request - /api/users,200,OK,Thread Group 1-2,text,true,,2249,288,5,5,http://api.demo.com/api/users,92,0,6
1765098021715,124,HTTP Request - /api/orders,200,OK,Thread Group 1-3,text,true,,2009,502,5,5,http://api.demo.com/api/orders,124,0,9
1765098021827,135,HTTP Request - /api/products,200,OK,Thread Group 1-4,text,true,,2011,425,5,5,http://api.demo.com/api/products,135,0,10
1765098021947,87,HTTP Request - /api/users,200,OK,Thread Group 1-5,text,true,,3789,284,5,5,http://api.demo.com/api/users,87,0,7
1765098022060,82,HTTP Request - /api/inventory,200,OK,Thread Group 1-1,text,true,,1725,442,5,5,http://api.demo.com/api/inventory,82,0,9
1765098022145,127,HTTP Request - /api/orders,200,OK,Thread Group 1-2,text,true,,1888,388,5,5,http://api.demo.com/api/orders,127,0,5
1765098022261,92,HTTP Request - /api/inventory,200,OK,Thread Group 1-3,text,true,,3858,462,5,5,http://api.demo.com/api/inventory,92,0,5
1765098022358,133,HTTP Request - /api/products,200,OK,Thread Group 1-4,text,true,,1777,317,5,5,http://api.demo.com/api/products,133,0,1
1765098022461,97,HTTP Request - /api/inventory,200,OK,Thread Group 1-5,text,true,,3542,423,5,5,http://api.demo.com/api/inventory,97,0,8
1765098022547,122,HTTP Request - /api/orders,200,OK,Thread Group 1-1,text,true,,3295,506,5,5,http://api.demo.com/api/orders,122,0,6
1765098022627,115,HTTP Request - /api/checkout,200,OK,Thread Group 1-2,text,true,,1399,277,5,5,http://api.demo.com/api/checkout,115,0,4
1765098022718,108,HTTP Request - /api/users,200,OK,Thread Group 1-3,text,true,,1048,404,5,5,http://api.demo.com/api/users,108,0,5
1765098022838,134,HTTP Request - /api/products,200,OK,Thread Group 1-4,text,true,,1499,281,5,5,http://api.demo.com/api/products,134,0,5
1765098022919,119,HTTP Request - /api/products,200,OK,Thread Group 1-5,text,true,,2886,281,5,5,http://api.demo.com/api/products,119,0,4
1765098023023,93,HTTP Request - /api/products,200,OK,Thread Group 1-1,text,true,,1725,268,5,5,http://api.demo.com/api/products,93,0,8
1765098023118,145,HTTP Request - /api/users,200,OK,Thread Group 1-2,text,true,,1815,266,5,5,http://api.demo.com/api/users,145,0,3
1765098023216,123,HTTP Request - /api/users,200,OK,Thread Group 1-3,text,true,,1930,300,5,5,http://api.demo.com/api/users,123,0,3
1765098023300,125,HTTP Request - /api/users,200,OK,Thread Group 1-4,text,true,,2391,340,5,5,http://api.demo.com/api/users,125,0,7
1765098023410,144,HTTP Request - /api/checkout,200,OK,Thread Group 1-5,text,true,,3150,300,5,5,http://api.demo.com/api/checkout,144,0,8
1765098023516,116,HTTP Request - /api/products,200,OK,Thread Group 1-1,text,true,,1145,471,5,5,http://api.demo.com/api/products,116,0,6
1765098023604,119,HTTP Request - /api/checkout,200,OK,Thread Group 1-2,text,true,,2256,495,5,5,http://api.demo.com/api/checkout,119,0,4
1765098023689,92,HTTP Request - /api/checkout,200,OK,Thread Group 1-3,text,true,,3903,465,5,5,http://api.demo.com/api/checkout,92,0,10
1765098023785,109,HTTP Request - /api/users,200,OK,Thread Group 1-4,text,true,,3120,472,5,5,http://api.demo.com/api/users,109,0,1
1765098023870,137,HTTP Request - /api/inventory,200,OK,Thread Group 1-5,text,true,,1816,285,5,5,http://api.demo.com/api/inventory,137,0,2
1765098023968,129,HTTP Request - /api/checkout,200,OK,Thread Group 1-1,text,true,,4033,289,5,5,http://api.demo.com/api/checkout,129,0,9
1765098024060,83,HTTP Request - /api/products,200,OK,Thread Group 1-2,text,true,,3526,445,5,5,http://api.demo.com/api/products,83,0,10
1765098024162,96,HTTP Request - /api/users,200,OK,Thread Group 1-3,text,true,,3653,363,5,5,http://api.demo.com/api/users,96,0,10
1765098024250,106,HTTP Request - /api/products,200,OK,Thread Group 1-4,text,true,,2810,278,5,5,http://api.demo.com/api/products,106,0,6
1765098024356,147,HTTP Request - /api/products,200,OK,Thread Group 1-5,text,true,,2212,313,5,5,http://api.demo.com/api/products,147,0,8
1765098024455,98,HTTP Request - /api/inventory,200,OK,Thread Group 1-1,text,true,,2770,367,5,5,http://api.demo.com/api/inventory,98,0,4
1765098024558,125,HTTP Request - /api/products,200,OK,Thread Group 1-2,text,true,,1386,298,5,5,http://api.demo.com/api/products,125,0,2
1765098024665,139,HTTP Request - /api/checkout,200,OK,Thread Group 1-3,text,true,,1101,387,5,5,http://api.demo.com/api/checkout,139,0,8
1765098024781,121,HTTP Request - /api/inventory,200,OK,Thread Group 1-4,text,true,,3247,376,5,5,http://api.demo.com/api/inventory,121,0,5
1765098024870,145,HTTP Request - /api/inventory,200,OK,Thread Group 1-5,text,true,,2324,369,5,5,http://api.demo.com/api/inventory,145,0,4
1765098024968,119,HTTP Request - /api/users,200,OK,Thread Group 1-1,text,true,,3266,458,5,5,http://api.demo.com/api/users,119,0,5
1765098025050,137,HTTP Request - /api/inventory,200,OK,Thread Group 1-2,text,true,,3953,477,5,5,http://api.demo.com/api/inventory,137,0,8
1765098025131,147,HTTP Request - /api/users,200,OK,Thread Group 1-3,text,true,,1541,309,5,5,http://api.demo.com/api/users,147,0,3
1765098025214,95,HTTP Request - /api/checkout,200,OK,Thread Group 1-4,text,true,,2240,349,5,5,http://api.demo.com/api/checkout,95,0,7
1765098025320,100,HTTP Request - /api/products,200,OK,Thread Group 1-5,text,true,,4019,411,5,5,http://api.demo.com/api/products,100,0,10
1765098025435,112,HTTP Request - /api/inventory,200,OK,Thread Group 1-1,text,true,,3817,492,5,5,http://api.demo.com/api/inventory,112,0,6
1765098025538,131,HTTP Request - /api/products,200,OK,Thread Group 1-2,text,true,,1249,445,5,5,http://api.demo.com/api/products,131,0,9
1765098025626,94,HTTP Request - /api/orders,200,OK,Thread Group 1-3,text,true,,3907,416,5,5,http://api.demo.com/api/orders,94,0,4
1765098025732,140,HTTP Request - /api/inventory,200,OK,Thread Group 1-4,text,true,,1970,373,5,5,http://api.demo.com/api/inventory,140,0,2
1765098025841,106,HTTP Request - /api/checkout,200,OK,Thread Group 1-5,text,true,,1985,472,5,5,http://api.demo.com/api/checkout,106,0,5
1765098025947,137,HTTP Request - /api/checkout,200,OK,Thread Group 1-1,text,true,,3030,472,5,5,http://api.demo.com/api/checkout,137,0,3
1765098026060,99,HTTP Request - /api/inventory,200,OK,Thread Group 1-2,text,true,,1251,455,5,5,http://api.demo.com/api/inventory,99,0,5
1765098026153,80,HTTP Request - /api/inventory,200,OK,Thread Group 1-3,text,true,,1872,431,5,5,http://api.demo.com/api/inventory,80,0,3
1765098026244,141,HTTP Request - /api/inventory,200,OK,Thread Group 1-4,text,true,,2475,390,5,5,http://api.demo.com/api/inventory,141,0,10
1765098026362,123,HTTP Request - /api/products,200,OK,Thread Group 1-5,text,true,,2142,351,5,5,http://api.demo.com/api/products,123,0,9
1765098026482,85,HTTP Request - /api/checkout,200,OK,Thread Group 1-1,text,true,,2947,332,5,5,http://api.demo.com/api/checkout,85,0,8
1765098026575,80,HTTP Request - /api/checkout,200,OK,Thread Group 1-2,text,true,,3153,461,5,5,http://api.demo.com/api/checkout,80,0,3
1765098026658,132,HTTP Request - /api/orders,200,OK,Thread Group 1-3,text,true,,3891,501,5,5,http://api.demo.com/api/orders,132,0,7
1765098026742,147,HTTP Request - /api/inventory,200,OK,Thread Group 1-4,text,true,,2333,380,5,5,http://api.demo.com/api/inventory,147,0,9
1765098026825,123,HTTP Request - /api/orders,200,OK,Thread Group 1-5,text,true,,3607,278,5,5,http://api.demo.com/api/orders,123,0,4
1765098026933,113,HTTP Request - /api/inventory,200,OK,Thread Group 1-1,text,true,,1304,479,5,5,http://api.demo.com/api/inventory,113,0,4
1765098027032,82,HTTP Request - /api/products,200,OK,Thread Group 1-2,text,true,,3390,322,5,5,http://api.demo.com/api/products,82,0,7
1765098027133,146,HTTP Request - /api/checkout,200,OK,Thread Group 1-3,text,true,,1035,391,5,5,http://api.demo.com/api/checkout,146,0,5
1765098027218,111,HTTP Request - /api/inventory,200,OK,Thread Group 1-4,text,true,,2712,473,5,5,http://api.demo.com/api/inventory,111,0,8
1765098027337,86,HTTP Request - /api/orders,200,OK,Thread Group 1-5,text,true,,2090,410,5,5,http://api.demo.com/api/orders,86,0,1
1765098027436,92,HTTP Request - /api/orders,200,OK,Thread Group 1-1,text,true,,3819,440,5,5,http://api.demo.com/api/orders,92,0,3
1765098027547,148,HTTP Request - /api/products,200,OK,Thread Group 1-2,text,true,,1979,351,5,5,http://api.demo.com/api/products,148,0,8
1765098027632,109,HTTP Request - /api/inventory,200,OK,Thread Group 1-3,text,true,,1177,452,5,5,http://api.demo.com/api/inventory,109,0,7
1765098027713,111,HTTP Request - /api/users,200,OK,Thread Group 1-4,text,true,,2724,349,5,5,http://api.demo.com/api/users,111,0,3
1765098027803,83,HTTP Request - /api/orders,200,OK,Thread Group 1-5,text,true,,1136,384,5,5,http://api.demo.com/api/orders,83,0,4
1765098027905,87,HTTP Request - /api/checkout,200,OK,Thread Group 1-1,text,true,,3860,258,5,5,http://api.demo.com/api/checkout,87,0,3
1765098027990,144,HTTP Request - /api/inventory,200,OK,Thread Group 1-2,text,true,,1151,399,5,5,http://api.demo.com/api/inventory,144,0,6
1765098028101,136,HTTP Request - /api/inventory,200,OK,Thread Group 1-3,text,true,,2706,487,5,5,http://api.demo.com/api/inventory,136,0,1
1765098028199,108,HTTP Request - /api/products,200,OK,Thread Group 1-4,text,true,,3891,261,5,5,http://api.demo.com/api/products,108,0,7
1765098028300,86,HTTP Request - /api/products,200,OK,Thread Group 1-5,text,true,,3357,302,5,5,http://api.demo.com/api/products,86,0,6
1765098028394,93,HTTP Request - /api/products,200,OK,Thread Group 1-1,text,true,,2058,477,5,5,http://api.demo.com/api/products,93,0,9
1765098028494,133,HTTP Request - /api/users,200,OK,Thread Group 1-2,text,true,,3252,295,5,5,http://api.demo.com/api/users,133,0,2
1765098028612,115,HTTP Request - /api/users,200,OK,Thread Group 1-3,text,true,,1305,319,5,5,http://api.demo.com/api/users,115,0,6
1765098028698,98,HTTP Request - /api/users,200,OK,Thread Group 1-4,text,true,,1149,377,5,5,http://api.demo.com/api/users,98,0,2
1765098028805,112,HTTP Request - /api/products,200,OK,Thread Group 1-5,text,true,,2181,439,5,5,http://api.demo.com/api/products,112,0,1
1765098028886,127,HTTP Request - /api/inventory,200,OK,Thread Group 1-1,text,true,,3737,454,5,5,http://api.demo.com/api/inventory,127,0,9
1765098028971,107,HTTP Request - /api/products,200,OK,Thread Group 1-2,text,true,,1453,495,5,5,http://api.demo.com/api/products,107,0,8
1765098029056,85,HTTP Request - /api/checkout,200,OK,Thread Group 1-3,text,true,,3829,444,5,5,http://api.demo.com/api/checkout,85,0,4
1765098029146,87,HTTP Request - /api/users,200,OK,Thread Group 1-4,text,true,,3886,422,5,5,http://api.demo.com/api/users,87,0,10
1765098029234,106,HTTP Request - /api/inventory,200,OK,Thread Group 1-5,text,true,,2475,318,5,5,http://api.demo.com/api/inventory,106,0,2
1765098029321,122,HTTP Request - /api/checkout,200,OK,Thread Group 1-1,text,true,,1538,504,5,5,http://api.demo.com/api/checkout,122,0,9
1765098029414,123,HTTP Request - /api/inventory,200,OK,Thread Group 1-2,text,true,,1027,286,5,5,http://api.demo.com/api/inventory,123,0,1
1765098029534,102,HTTP Request - /api/orders,200,OK,Thread Group 1-3,text,true,,1049,303,5,5,http://api.demo.com/api/orders,102,0,7
1765098029636,136,HTTP Request - /api/checkout,200,OK,Thread Group 1-4,text,true,,2820,258,5,5,http://api.demo.com/api/checkout,136,0,4
1765098029749,123,HTTP Request - /api/products,200,OK,Thread Group 1-5,text,true,,1835,269,5,5,http://api.demo.com/api/products,123,0,5
1765098029836,127,HTTP Request - /api/orders,200,OK,Thread Group 1-1,text,true,,1058,419,5,5,http://api.demo.com/api/orders,127,0,8
1765098029927,123,HTTP Request - /api/orders,200,OK,Thread Group 1-2,text,true,,2701,483,5,5,http://api.demo.com/api/orders,123,0,7
1765098030025,143,HTTP Request - /api/products,200,OK,Thread Group 1-3,text,true,,1609,334,5,5,http://api.demo.com/api/products,143,0,5
1765098030125,96,HTTP Request - /api/products,200,OK,Thread Group 1-4,text,true,,1576,437,5,5,http://api.demo.com/api/products,96,0,2
1765098030210,132,HTTP Request - /api/users,200,OK,Thread Group 1-5,text,true,,3199,414,5,5,http://api.demo.com/api/users,132,0,7
1765098030327,134,HTTP Request - /api/orders,200,OK,Thread Group 1-1,text,true,,1132,352,5,5,http://api.demo.com/api/orders,134,0,2
1765098030441,142,HTTP Request - /api/products,200,OK,Thread Group 1-2,text,true,,3584,360,5,5,http://api.demo.com/api/products,142,0,3
1765098030543,126,HTTP Request - /api/orders,200,OK,Thread Group 1-3,text,true,,1219,299,5,5,http://api.demo.com/api/orders,126,0,10
1765098030650,149,HTTP Request - /api/inventory,200,OK,Thread Group 1-4,text,true,,3053,383,5,5,http://api.demo.com/api/inventory,149,0,2
1765098030742,91,HTTP Request - /api/products,200,OK,Thread Group 1-5,text,true,,2307,295,5,5,http://api.demo.com/api/products,91,0,4
1765098030834,141,HTTP Request - /api/orders,200,OK,Thread Group 1-1,text,true,,4023,373,5,5,http://api.demo.com/api/orders,141,0,9
1765098030920,100,HTTP Request - /api/products,200,OK,Thread Group 1-2,text,true,,2797,302,5,5,http://api.demo.com/api/products,100,0,10
1765098031023,143,HTTP Request - /api/orders,200,OK,Thread Group 1-3,text,true,,1138,478,5,5,http://api.demo.com/api/orders,143,0,10
1765098031133,104,HTTP Request - /api/checkout,200,OK,Thread Group 1-4,text,true,,3492,405,5,5,http://api.demo.com/api/checkout,104,0,2
1765098031216,92,HTTP Request - /api/checkout,200,OK,Thread Group 1-5,text,true,,3361,405,5,5,http://api.demo.com/api/checkout,92,0,2
1765098031311,115,HTTP Request - /api/checkout,200,OK,Thread Group 1-1,text,true,,1737,503,5,5,http://api.demo.com/api/checkout,115,0,7
1765098031430,85,HTTP Request - /api/checkout,200,OK,Thread Group 1-2,text,true,,2292,398,5,5,http://api.demo.com/api/checkout,85,0,8
1765098031540,123,HTTP Request - /api/checkout,200,OK,Thread Group 1-3,text,true,,3809,457,5,5,http://api.demo.com/api/checkout,123,0,8
1765098031642,115,HTTP Request - /api/orders,200,OK,Thread Group 1-4,text,true,,1564,477,5,5,http://api.demo.com/api/orders,115,0,8
1765098031735,101,HTTP Request - /api/checkout,200,OK,Thread Group 1-5,text,true,,3732,325,5,5,http://api.demo.com/api/checkout,101,0,6
1765098031827,120,HTTP Request - /api/users,200,OK,Thread Group 1-1,text,true,,2659,285,5,5,http://api.demo.com/api/users,120,0,2
1765098031920,91,HTTP Request - /api/users,200,OK,Thread Group 1-2,text,true,,2626,402,5,5,http://api.demo.com/api/users,91,0,6
1765098032039,121,HTTP Request - /api/users,200,OK,Thread Group 1-3,text,true,,1649,311,5,5,http://api.demo.com/api/users,121,0,10
1765098032151,148,HTTP Request - /api/products,200,OK,Thread Group 1-4,text,true,,2399,411,5,5,http://api.demo.com/api/products,148,0,8
1765098032250,142,HTTP Request - /api/checkout,200,OK,Thread Group 1-5,text,true,,3952,313,5,5,http://api.demo.com/api/checkout,142,0,4
1765098032348,150,HTTP Request - /api/checkout,200,OK,Thread Group 1-1,text,true,,1318,508,5,5,http://api.demo.com/api/checkout,150,0,7
1765098032446,124,HTTP Request - /api/products,200,OK,Thread Group 1-2,text,true,,3796,259,5,5,http://api.demo.com/api/products,124,0,7
1765098032560,84,HTTP Request - /api/orders,200,OK,Thread Group 1-3,text,true,,1117,360,5,5,http://api.demo.com/api/orders,84,0,9
1765098032653,133,HTTP Request - /api/inventory,200,OK,Thread Group 1-4,text,true,,2717,439,5,5,http://api.demo.com/api/inventory,133,0,5
1765098032745,142,HTTP Request - /api/checkout,200,OK,Thread Group 1-5,text,true,,2995,457,5,5,http://api.demo.com/api/checkout,142,0,1
1765098032856,94,HTTP Request - /api/checkout,200,OK,Thread Group 1-1,text,true,,2535,436,5,5,http://api.demo.com/api/checkout,94,0,7
1765098032955,81,HTTP Request - /api/inventory,200,OK,Thread Group 1-2,text,true,,3078,334,5,5,http://api.demo.com/api/inventory,81,0,2
1765098033043,87,HTTP Request - /api/inventory,200,OK,Thread Group 1-3,text,true,,3195,496,5,5,http://api.demo.com/api/inventory,87,0,8
1765098033158,110,HTTP Request - /api/products,200,OK,Thread Group 1-4,text,true,,1545,331,5,5,http://api.demo.com/api/products,110,0,3
1765098033250,110,HTTP Request - /api/checkout,200,OK,Thread Group 1-5,text,true,,3499,310,5,5,http://api.demo.com/api/checkout,110,0,6
1765098033343,137,HTTP Request - /api/products,200,OK,Thread Group 1-1,text,true,,1459,468,5,5,http://api.demo.com/api/products,137,0,1
1765098033453,126,HTTP Request - /api/orders,200,OK,Thread Group 1-2,text,true,,4041,465,5,5,http://api.demo.com/api/orders,126,0,6
1765098033536,147,HTTP Request - /api/users,200,OK,Thread Group 1-3,text,true,,2376,333,5,5,http://api.demo.com/api/users,147,0,7
1765098033648,107,HTTP Request - /api/checkout,200,OK,Thread Group 1-4,text,true,,1721,334,5,5,http://api.demo.com/api/checkout,107,0,1
1765098033760,138,HTTP Request - /api/products,200,OK,Thread Group 1-5,text,true,,1383,502,5,5,http://api.demo.com/api/products,138,0,4
1765098033879,146,HTTP Request - /api/users,200,OK,Thread Group 1-1,text,true,,2302,510,5,5,http://api.demo.com/api/users,146,0,6
1765098033972,129,HTTP Request - /api/checkout,200,OK,Thread Group 1-2,text,true,,2501,290,5,5,http://api.demo.com/api/checkout,129,0,9
1765098034060,135,HTTP Request - /api/checkout,200,OK,Thread Group 1-3,text,true,,1162,299,5,5,http://api.demo.com/api/checkout,135,0,3
1765098034150,116,HTTP Request - /api/orders,200,OK,Thread Group 1-4,text,true,,1519,342,5,5,http://api.demo.com/api/orders,116,0,2
1765098034268,95,HTTP Request - /api/orders,200,OK,Thread Group 1-5,text,true,,1753,412,5,5,http://api.demo.com/api/orders,95,0,6
1765098034367,124,HTTP Request - /api/orders,200,OK,Thread Group 1-1,text,true,,1484,426,5,5,http://api.demo.com/api/orders,124,0,1
1765098034483,101,HTTP Request - /api/checkout,200,OK,Thread Group 1-2,text,true,,3281,450,5,5,http://api.demo.com/api/checkout,101,0,2
1765098034600,106,HTTP Request - /api/inventory,200,OK,Thread Group 1-3,text,true,,2886,335,5,5,http://api.demo.com/api/inventory,106,0,1
1765098034689,117,HTTP Request - /api/checkout,200,OK,Thread Group 1-4,text,true,,2774,370,5,5,http://api.demo.com/api/checkout,117,0,10
1765098034777,114,HTTP Request - /api/checkout,200,OK,Thread Group 1-5,text,true,,3652,286,5,5,http://api.demo.com/api/checkout,114,0,1
1765098034889,94,HTTP Request - /api/checkout,200,OK,Thread Group 1-1,text,true,,2519,296,5,5,http://api.demo.com/api/checkout,94,0,10
1765098035003,117,HTTP Request - /api/orders,200,OK,Thread Group 1-2,text,true,,3886,388,5,5,http://api.demo.com/api/orders,117,0,6
1765098035105,114,HTTP Request - /api/checkout,200,OK,Thread Group 1-3,text,true,,1666,291,5,5,http://api.demo.com/api/checkout,114,0,3
1765098035196,112,HTTP Request - /api/orders,200,OK,Thread Group 1-4,text,true,,2221,421,5,5,http://api.demo.com/api/orders,112,0,3
1765098035277,95,HTTP Request - /api/inventory,200,OK,Thread Group 1-5,text,true,,3485,478,5,5,http://api.demo.com/api/inventory,95,0,4
1765098035380,110,HTTP Request - /api/orders,200,OK,Thread Group 1-1,text,true,,3286,334,5,5,http://api.demo.com/api/orders,110,0,9
1765098035476,86,HTTP Request - /api/checkout,200,OK,Thread Group 1-2,text,true,,3010,492,5,5,http://api.demo.com/api/checkout,86,0,4
1765098035563,143,HTTP Request - /api/users,200,OK,Thread Group 1-3,text,true,,1159,332,5,5,http://api.demo.com/api/users,143,0,2
1765098035652,89,HTTP Request - /api/products,200,OK,Thread Group 1-4,text,true,,1309,464,5,5,http://api.demo.com/api/products,89,0,8
1765098035745,103,HTTP Request - /api/checkout,200,OK,Thread Group 1-5,text,true,,3267,348,5,5,http://api.demo.com/api/checkout,103,0,9
1765098035847,104,HTTP Request - /api/orders,200,OK,Thread Group 1-1,text,true,,4051,325,5,5,http://api.demo.com/api/orders,104,0,7
1765098035937,98,HTTP Request - /api/orders,200,OK,Thread Group 1-2,text,true,,2865,472,5,5,http://api.demo.com/api/orders,98,0,5
1765098036019,136,HTTP Request - /api/users,200,OK,Thread Group 1-3,text,true,,1504,435,5,5,http://api.demo.com/api/users,136,0,6
1765098036138,136,HTTP Request - /api/orders,200,OK,Thread Group 1-4,text,true,,2900,341,5,5,http://api.demo.com/api/orders,136,0,10
1765098036239,129,HTTP Request - /api/products,200,OK,Thread Group 1-5,text,true,,2995,256,5,5,http://api.demo.com/api/products,129,0,5
1765098036329,132,HTTP Request - /api/checkout,200,OK,Thread Group 1-1,text,true,,3257,437,5,5,http://api.demo.com/api/checkout,132,0,6
1765098036419,98,HTTP Request - /api/users,200,OK,Thread Group 1-2,text,true,,3141,281,5,5,http://api.demo.com/api/users,98,0,2
1765098036503,94,HTTP Request - /api/users,200,OK,Thread Group 1-3,text,true,,3645,501,5,5,http://api.demo.com/api/users,94,0,1
1765098036598,84,HTTP Request - /api/checkout,200,OK,Thread Group 1-4,text,true,,2824,387,5,5,http://api.demo.com/api/checkout,84,0,6
1765098036696,116,HTTP Request - /api/users,200,OK,Thread Group 1-5,text,true,,1114,387,5,5,http://api.demo.com/api/users,116,0,6
1765098036784,127,HTTP Request - /api/inventory,200,OK,Thread Group 1-1,text,true,,3452,431,5,5,http://api.demo.com/api/inventory,127,0,4
1765098036899,94,HTTP Request - /api/orders,200,OK,Thread Group 1-2,text,true,,3161,322,5,5,http://api.demo.com/api/orders,94,0,5
1765098036980,141,HTTP Request - /api/users,200,OK,Thread Group 1-3,text,true,,2862,365,5,5,http://api.demo.com/api/users,141,0,4
1765098037076,126,HTTP Request - /api/users,200,OK,Thread Group 1-4,text,true,,3233,413,5,5,http://api.demo.com/api/users,126,0,2
1765098037167,90,HTTP Request - /api/orders,200,OK,Thread Group 1-5,text,true,,4021,445,5,5,http://api.demo.com/api/orders,90,0,9
1765098037280,115,HTTP Request - /api/inventory,200,OK,Thread Group 1-1,text,true,,3563,482,5,5,http://api.demo.com/api/inventory,115,0,7
1765098037366,131,HTTP Request - /api/checkout,200,OK,Thread Group 1-2,text,true,,2504,331,5,5,http://api.demo.com/api/checkout,131,0,5
1765098037468,82,HTTP Request - /api/users,200,OK,Thread Group 1-3,text,true,,2140,336,5,5,http://api.demo.com/api/users,82,0,9
1765098037560,111,HTTP Request - /api/orders,200,OK,Thread Group 1-4,text,true,,2174,396,5,5,http://api.demo.com/api/orders,111,0,6
1765098037670,147,HTTP Request - /api/inventory,200,OK,Thread Group 1-5,text,true,,2406,464,5,5,http://api.demo.com/api/inventory,147,0,3
1765098037783,128,HTTP Request - /api/inventory,200,OK,Thread Group 1-1,text,true,,1959,272,5,5,http://api.demo.com/api/inventory,128,0,9
1765098037889,145,HTTP Request - /api/products,200,OK,Thread Group 1-2,text,true,,2085,260,5,5,http://api.demo.com/api/products,145,0,7
1765098037974,138,HTTP Request - /api/inventory,200,OK,Thread Group 1-3,text,true,,3715,487,5,5,http://api.demo.com/api/inventory,138,0,6
1765098038079,93,HTTP Request - /api/products,200,OK,Thread Group 1-4,text,true,,3024,423,5,5,http://api.demo.com/api/products,93,0,10
1765098038165,101,HTTP Request - /api/orders,200,OK,Thread Group 1-5,text,true,,1552,388,5,5,http://api.demo.com/api/orders,101,0,8
1765098038275,141,HTTP Request - /api/checkout,200,OK,Thread Group 1-1,text,true,,1393,370,5,5,http://api.demo.com/api/checkout,141,0,2
1765098038364,111,HTTP Request - /api/users,200,OK,Thread Group 1-2,text,true,,2415,257,5,5,http://api.demo.com/api/users,111,0,1
1765098038474,119,HTTP Request - /api/checkout,200,OK,Thread Group 1-3,text,true,,2169,476,5,5,http://api.demo.com/api/checkout,119,0,9
1765098038572,95,HTTP Request - /api/inventory,200,OK,Thread Group 1-4,text,true,,1514,366,5,5,http://api.demo.com/api/inventory,95,0,6
1765098038687,84,HTTP Request - /api/orders,200,OK,Thread Group 1-5,text,true,,2303,351,5,5,http://api.demo.com/api/orders,84,0,1
1765098038770,97,HTTP Request - /api/orders,200,OK,Thread Group 1-1,text,true,,2106,424,5,5,http://api.demo.com/api/orders,97,0,9
1765098038890,100,HTTP Request - /api/products,200,OK,Thread Group 1-2,text,true,,3013,477,5,5,http://api.demo.com/api/products,100,0,2
1765098038993,132,HTTP Request - /api/orders,200,OK,Thread Group 1-3,text,true,,2522,462,5,5,http://api.demo.com/api/orders,132,0,8
1765098039104,136,HTTP Request - /api/products,200,OK,Thread Group 1-4,text,true,,1897,417,5,5,http://api.demo.com/api/products,136,0,4
1765098039191,114,HTTP Request - /api/checkout,200,OK,Thread Group 1-5,text,true,,1934,481,5,5,http://api.demo.com/api/checkout,114,0,1
1765098039284,96,HTTP Request - /api/checkout,200,OK,Thread Group 1-1,text,true,,3536,312,5,5,http://api.demo.com/api/checkout,96,0,1
1765098039367,112,HTTP Request - /api/products,200,OK,Thread Group 1-2,text,true,,2306,336,5,5,http://api.demo.com/api/products,112,0,8
1765098039458,106,HTTP Request - /api/products,200,OK,Thread Group 1-3,text,true,,1053,499,5,5,http://api.demo.com/api/products,106,0,4
1765098039562,83,HTTP Request - /api/orders,200,OK,Thread Group 1-4,text,true,,3721,353,5,5,http://api.demo.com/api/orders,83,0,4
1765098039647,108,HTTP Request - /api/inventory,200,OK,Thread Group 1-5,text,true,,3543,437,5,5,http://api.demo.com/api/inventory,108,0,8
1765098039755,81,HTTP Request - /api/inventory,200,OK,Thread Group 1-1,text,true,,2432,460,5,5,http://api.demo.com/api/inventory,81,0,2
1765098039849,146,HTTP Request - /api/users,200,OK,Thread Group 1-2,text,true,,3332,320,5,5,http://api.demo.com/api/users,146,0,1
1765098039948,130,HTTP Request - /api/orders,200,OK,Thread Group 1-3,text,true,,2604,379,5,5,http://api.demo.com/api/orders,130,0,5
1765098040061,101,HTTP Request - /api/orders,200,OK,Thread Group 1-4,text,true,,1814,466,5,5,http://api.demo.com/api/orders,101,0,4
1765098040158,109,HTTP Request - /api/checkout,200,OK,Thread Group 1-5,text,true,,3050,448,5,5,http://api.demo.com/api/checkout,109,0,9
1765098040266,114,HTTP Request - /api/inventory,200,OK,Thread Group 1-1,text,true,,1200,491,5,5,http://api.demo.com/api/inventory,114,0,10
1765098040358,111,HTTP Request - /api/orders,200,OK,Thread Group 1-2,text,true,,3145,285,5,5,http://api.demo.com/api/orders,111,0,4
1765098040446,142,HTTP Request - /api/inventory,200,OK,Thread Group 1-3,text,true,,3557,471,5,5,http://api.demo.com/api/inventory,142,0,10
1765098040527,106,HTTP Request - /api/checkout,200,OK,Thread Group 1-4,text,true,,1676,481,5,5,http://api.demo.com/api/checkout,106,0,6
1765098040614,106,HTTP Request - /api/checkout,200,OK,Thread Group 1-5,text,true,,1404,309,5,5,http://api.demo.com/api/checkout,106,0,2
1765098040721,92,HTTP Request - /api/checkout,200,OK,Thread Group 1-1,text,true,,1300,416,5,5,http://api.demo.com/api/checkout,92,0,5
1765098040839,86,HTTP Request - /api/inventory,200,OK,Thread Group 1-2,text,true,,1128,399,5,5,http://api.demo.com/api/inventory,86,0,8
1765098040942,96,HTTP Request - /api/checkout,200,OK,Thread Group 1-3,text,true,,3582,314,5,5,http://api.demo.com/api/checkout,96,0,7
1765098041057,136,HTTP Request - /api/products,200,OK,Thread Group 1-4,text,true,,1547,321,5,5,http://api.demo.com/api/products,136,0,2
1765098041161,97,HTTP Request - /api/users,200,OK,Thread Group 1-5,text,true,,2208,368,5,5,http://api.demo.com/api/users,97,0,2
1765098041250,124,HTTP Request - /api/checkout,200,OK,Thread Group 1-1,text,true,,2720,256,5,5,http://api.demo.com/api/checkout,124,0,4
1765098041348,96,HTTP Request - /api/orders,200,OK,Thread Group 1-2,text,true,,1778,352,5,5,http://api.demo.com/api/orders,96,0,3
1765098041467,133,HTTP Request - /api/checkout,200,OK,Thread Group 1-3,text,true,,1735,349,5,5,http://api.demo.com/api/checkout,133,0,10
1765098041566,92,HTTP Request - /api/orders,200,OK,Thread Group 1-4,text,true,,1939,311,5,5,http://api.demo.com/api/orders,92,0,5
1765098041677,142,HTTP Request - /api/inventory,200,OK,Thread Group 1-5,text,true,,1050,413,5,5,http://api.demo.com/api/inventory,142,0,7
1765098041796,120,HTTP Request - /api/inventory,200,OK,Thread Group 1-1,text,true,,2382,483,5,5,http://api.demo.com/api/inventory,120,0,3
1765098041901,130,HTTP Request - /api/checkout,200,OK,Thread Group 1-2,text,true,,3565,308,5,5,http://api.demo.com/api/checkout,130,0,2
1765098042004,100,HTTP Request - /api/orders,200,OK,Thread Group 1-3,text,true,,3432,505,5,5,http://api.demo.com/api/orders,100,0,3
1765098042084,84,HTTP Request - /api/checkout,200,OK,Thread Group 1-4,text,true,,3164,339,5,5,http://api.demo.com/api/checkout,84,0,5
1765098042192,82,HTTP Request - /api/inventory,200,OK,Thread Group 1-5,text,true,,1268,324,5,5,http://api.demo.com/api/inventory,82,0,8
1765098042275,101,HTTP Request - /api/inventory,200,OK,Thread Group 1-1,text,true,,3978,445,5,5,http://api.demo.com/api/inventory,101,0,6
1765098042369,132,HTTP Request - /api/inventory,200,OK,Thread Group 1-2,text,true,,3186,443,5,5,http://api.demo.com/api/inventory,132,0,10
1765098042471,110,HTTP Request - /api/users,200,OK,Thread Group 1-3,text,true,,1816,507,5,5,http://api.demo.com/api/users,110,0,5
1765098042564,80,HTTP Request - /api/users,200,OK,Thread Group 1-4,text,true,,1806,357,5,5,http://api.demo.com/api/users,80,0,1
1765098042652,99,HTTP Request - /api/checkout,200,OK,Thread Group 1-5,text,true,,3113,333,5,5,http://api.demo.com/api/checkout,99,0,9
1765098042735,3287,HTTP Request - /api/checkout,200,OK,Thread Group 1-1,text,true,,2164,434,5,5,http://api.demo.com/api/checkout,3287,0,8
1765098042840,3881,HTTP Request - /api/checkout,200,OK,Thread Group 1-2,text,true,,3578,282,5,5,http://api.demo.com/api/checkout,3881,0,6
1765098042926,83,HTTP Request - /api/users,200,OK,Thread Group 1-3,text,true,,1082,353,5,5,http://api.demo.com/api/users,83,0,5
1765098043027,89,HTTP Request - /api/inventory,200,OK,Thread Group 1-4,text,true,,1944,424,5,5,http://api.demo.com/api/inventory,89,0,4
1765098043107,3066,HTTP Request - /api/users,200,OK,Thread Group 1-5,text,true,,1381,316,5,5,http://api.demo.com/api/users,3066,0,4
1765098043227,84,HTTP Request - /api/inventory,200,OK,Thread Group 1-1,text,true,,2583,313,5,5,http://api.demo.com/api/inventory,84,0,9
1765098043322,141,HTTP Request - /api/orders,200,OK,Thread Group 1-2,text,true,,3171,301,5,5,http://api.demo.com/api/orders,141,0,3
1765098043408,92,HTTP Request - /api/products,200,OK,Thread Group 1-3,text,true,,3749,314,5,5,http://api.demo.com/api/products,92,0,6
1765098043488,4528,HTTP Request - /api/inventory,200,OK,Thread Group 1-4,text,true,,4018,454,5,5,http://api.demo.com/api/inventory,4528,0,3
1765098043608,4749,HTTP Request - /api/checkout,200,OK,Thread Group 1-5,text,true,,4091,422,5,5,http://api.demo.com/api/checkout,4749,0,8
1765098043699,4456,HTTP Request - /api/orders,200,OK,Thread Group 1-1,text,true,,1089,500,5,5,http://api.demo.com/api/orders,4456,0,9
1765098043781,115,HTTP Request - /api/products,200,OK,Thread Group 1-2,text,true,,1564,475,5,5,http://api.demo.com/api/products,115,0,4
1765098043888,124,HTTP Request - /api/checkout,200,OK,Thread Group 1-3,text,true,,1578,437,5,5,http://api.demo.com/api/checkout,124,0,10
1765098043981,4053,HTTP Request - /api/checkout,200,OK,Thread Group 1-4,text,true,,1676,357,5,5,http://api.demo.com/api/checkout,4053,0,3
1765098044087,114,HTTP Request - /api/orders,200,OK,Thread Group 1-5,text,true,,3252,346,5,5,http://api.demo.com/api/orders,114,0,3
1765098044176,144,HTTP Request - /api/inventory,200,OK,Thread Group 1-1,text,true,,2917,509,5,5,http://api.demo.com/api/inventory,144,0,5
1765098044288,101,HTTP Request - /api/orders,200,OK,Thread Group 1-2,text,true,,2208,294,5,5,http://api.demo.com/api/orders,101,0,9
1765098044374,96,HTTP Request - /api/checkout,200,OK,Thread Group 1-3,text,true,,1701,471,5,5,http://api.demo.com/api/checkout,96,0,5
1765098044491,4199,HTTP Request - /api/orders,200,OK,Thread Group 1-4,text,true,,2690,402,5,5,http://api.demo.com/api/orders,4199,0,5
1765098044595,114,HTTP Request - /api/products,200,OK,Thread Group 1-5,text,true,,1302,351,5,5,http://api.demo.com/api/products,114,0,8
1765098044700,92,HTTP Request - /api/orders,200,OK,Thread Group 1-1,text,true,,1497,387,5,5,http://api.demo.com/api/orders,92,0,10
1765098044815,119,HTTP Request - /api/users,200,OK,Thread Group 1-2,text,true,,1421,375,5,5,http://api.demo.com/api/users,119,0,8
1765098044897,126,HTTP Request - /api/orders,200,OK,Thread Group 1-3,text,true,,1380,326,5,5,http://api.demo.com/api/orders,126,0,4
1765098045003,117,HTTP Request - /api/orders,200,OK,Thread Group 1-4,text,true,,2675,496,5,5,http://api.demo.com/api/orders,117,0,10
1765098045092,102,HTTP Request - /api/inventory,200,OK,Thread Group 1-5,text,true,,3134,381,5,5,http://api.demo.com/api/inventory,102,0,6
1765098045195,148,HTTP Request - /api/inventory,200,OK,Thread Group 1-1,text,true,,3474,499,5,5,http://api.demo.com/api/inventory,148,0,10
1765098045276,80,HTTP Request - /api/users,200,OK,Thread Group 1-2,text,true,,3080,266,5,5,http://api.demo.com/api/users,80,0,1
1765098045385,133,HTTP Request - /api/checkout,200,OK,Thread Group 1-3,text,true,,1616,479,5,5,http://api.demo.com/api/checkout,133,0,4
1765098045484,3754,HTTP Request - /api/checkout,200,OK,Thread Group 1-4,text,true,,1533,505,5,5,http://api.demo.com/api/checkout,3754,0,2
1765098045569,99,HTTP Request - /api/products,200,OK,Thread Group 1-5,text,true,,2434,279,5,5,http://api.demo.com/api/products,99,0,3
1765098045680,132,HTTP Request - /api/inventory,200,OK,Thread Group 1-1,text,true,,2983,264,5,5,http://api.demo.com/api/inventory,132,0,7
1765098045775,120,HTTP Request - /api/products,200,OK,Thread Group 1-2,text,true,,1982,422,5,5,http://api.demo.com/api/products,120,0,4
1765098045889,129,HTTP Request - /api/users,200,OK,Thread Group 1-3,text,true,,3488,260,5,5,http://api.demo.com/api/users,129,0,2
1765098046000,4778,HTTP Request - /api/users,200,OK,Thread Group 1-4,text,true,,1125,263,5,5,http://api.demo.com/api/users,4778,0,2
1765098046103,103,HTTP Request - /api/users,200,OK,Thread Group 1-5,text,true,,1298,386,5,5,http://api.demo.com/api/users,103,0,7
1765098046220,4703,HTTP Request - /api/products,200,OK,Thread Group 1-1,text,true,,1904,414,5,5,http://api.demo.com/api/products,4703,0,5
1765098046328,116,HTTP Request - /api/inventory,200,OK,Thread Group 1-2,text,true,,1087,451,5,5,http://api.demo.com/api/inventory,116,0,8
1765098046431,148,HTTP Request - /api/checkout,200,OK,Thread Group 1-3,text,true,,1156,379,5,5,http://api.demo.com/api/checkout,148,0,5
1765098046533,4374,HTTP Request - /api/checkout,200,OK,Thread Group 1-4,text,true,,1913,414,5,5,http://api.demo.com/api/checkout,4374,0,8
1765098046651,113,HTTP Request - /api/orders,200,OK,Thread Group 1-5,text,true,,3207,423,5,5,http://api.demo.com/api/orders,113,0,10
1765098046757,4061,HTTP Request - /api/products,200,OK,Thread Group 1-1,text,true,,2728,470,5,5,http://api.demo.com/api/products,4061,0,2
1765098046872,104,HTTP Request - /api/users,200,OK,Thread Group 1-2,text,true,,2462,440,5,5,http://api.demo.com/api/users,104,0,6
1765098046984,3722,HTTP Request - /api/orders,200,OK,Thread Group 1-3,text,true,,2778,381,5,5,http://api.demo.com/api/orders,3722,0,2
1765098047093,105,HTTP Request - /api/inventory,200,OK,Thread Group 1-4,text,true,,3551,331,5,5,http://api.demo.com/api/inventory,105,0,6
1765098047176,150,HTTP Request - /api/inventory,200,OK,Thread Group 1-5,text,true,,2578,320,5,5,http://api.demo.com/api/inventory,150,0,5
1765098047289,4106,HTTP Request - /api/products,200,OK,Thread Group 1-1,text,true,,2159,506,5,5,http://api.demo.com/api/products,4106,0,8
1765098047376,3071,HTTP Request - /api/checkout,200,OK,Thread Group 1-2,text,true,,3324,385,5,5,http://api.demo.com/api/checkout,3071,0,2
1765098047474,3120,HTTP Request - /api/products,200,OK,Thread Group 1-3,text,true,,3798,286,5,5,http://api.demo.com/api/products,3120,0,1
1765098047575,105,HTTP Request - /api/users,200,OK,Thread Group 1-4,text,true,,1638,324,5,5,http://api.demo.com/api/users,105,0,9
1765098047667,144,HTTP Request - /api/checkout,200,OK,Thread Group 1-5,text,true,,2306,301,5,5,http://api.demo.com/api/checkout,144,0,8
1765098047755,141,HTTP Request - /api/inventory,200,OK,Thread Group 1-1,text,true,,2354,477,5,5,http://api.demo.com/api/inventory,141,0,8
1765098047864,137,HTTP Request - /api/products,200,OK,Thread Group 1-2,text,true,,1094,452,5,5,http://api.demo.com/api/products,137,0,9
1765098047979,82,HTTP Request - /api/users,200,OK,Thread Group 1-3,text,true,,2496,368,5,5,http://api.demo.com/api/users,82,0,3
1765098048063,136,HTTP Request - /api/users,200,OK,Thread Group 1-4,text,true,,1263,355,5,5,http://api.demo.com/api/users,136,0,8
1765098048160,124,HTTP Request - /api/users,200,OK,Thread Group 1-5,text,true,,2092,404,5,5,http://api.demo.com/api/users,124,0,7
1765098048241,120,HTTP Request - /api/inventory,200,OK,Thread Group 1-1,text,true,,3190,395,5,5,http://api.demo.com/api/inventory,120,0,2
1765098048358,102,HTTP Request - /api/products,200,OK,Thread Group 1-2,text,true,,1823,272,5,5,http://api.demo.com/api/products,102,0,8
1765098048438,84,HTTP Request - /api/orders,200,OK,Thread Group 1-3,text,true,,1544,379,5,5,http://api.demo.com/api/orders,84,0,3
1765098048530,143,HTTP Request - /api/inventory,200,OK,Thread Group 1-4,text,true,,3056,270,5,5,http://api.demo.com/api/inventory,143,0,9
1765098048624,121,HTTP Request - /api/users,200,OK,Thread Group 1-5,text,true,,4059,367,5,5,http://api.demo.com/api/users,121,0,4
1765098048714,87,HTTP Request - /api/orders,200,OK,Thread Group 1-1,text,true,,3203,460,5,5,http://api.demo.com/api/orders,87,0,2
1765098048796,96,HTTP Request - /api/products,200,OK,Thread Group 1-2,text,true,,2503,259,5,5,http://api.demo.com/api/products,96,0,8
1765098048915,125,HTTP Request - /api/checkout,200,OK,Thread Group 1-3,text,true,,1159,466,5,5,http://api.demo.com/api/checkout,125,0,2
1765098048996,82,HTTP Request - /api/products,200,OK,Thread Group 1-4,text,true,,2659,313,5,5,http://api.demo.com/api/products,82,0,7
1765098049083,122,HTTP Request - /api/orders,200,OK,Thread Group 1-5,text,true,,3490,341,5,5,http://api.demo.com/api/orders,122,0,7
1765098049180,140,HTTP Request - /api/users,200,OK,Thread Group 1-1,text,true,,3435,363,5,5,http://api.demo.com/api/users,140,0,3
1765098049265,133,HTTP Request - /api/checkout,200,OK,Thread Group 1-2,text,true,,3006,258,5,5,http://api.demo.com/api/checkout,133,0,4
1765098049349,108,HTTP Request - /api/inventory,200,OK,Thread Group 1-3,text,true,,2719,422,5,5,http://api.demo.com/api/inventory,108,0,9
1765098049449,124,HTTP Request - /api/inventory,200,OK,Thread Group 1-4,text,true,,2164,328,5,5,http://api.demo.com/api/inventory,124,0,2
1765098049545,126,HTTP Request - /api/users,200,OK,Thread Group 1-5,text,true,,2764,449,5,5,http://api.demo.com/api/users,126,0,8
1765098049630,128,HTTP Request - /api/inventory,200,OK,Thread Group 1-1,text,true,,2570,302,5,5,http://api.demo.com/api/inventory,128,0,6
1765098049724,92,HTTP Request - /api/inventory,200,OK,Thread Group 1-2,text,true,,2553,306,5,5,http://api.demo.com/api/inventory,92,0,7
1765098049817,107,HTTP Request - /api/products,200,OK,Thread Group 1-3,text,true,,2368,360,5,5,http://api.demo.com/api/products,107,0,10
1765098049935,125,HTTP Request - /api/inventory,200,OK,Thread Group 1-4,text,true,,1893,410,5,5,http://api.demo.com/api/inventory,125,0,9
1765098050034,123,HTTP Request - /api/users,200,OK,Thread Group 1-5,text,true,,2250,339,5,5,http://api.demo.com/api/users,123,0,7
1765098050153,129,HTTP Request - /api/orders,200,OK,Thread Group 1-1,text,true,,1834,435,5,5,http://api.demo.com/api/orders,129,0,10
1765098050261,94,HTTP Request - /api/users,200,OK,Thread Group 1-2,text,true,,2718,415,5,5,http://api.demo.com/api/users,94,0,2
1765098050380,90,HTTP Request - /api/orders,200,OK,Thread Group 1-3,text,true,,1083,325,5,5,http://api.demo.com/api/orders,90,0,4
1765098050493,133,HTTP Request - /api/orders,200,OK,Thread Group 1-4,text,true,,4014,476,5,5,http://api.demo.com/api/orders,133,0,2
1765098050610,86,HTTP Request - /api/products,200,OK,Thread Group 1-5,text,true,,4086,295,5,5,http://api.demo.com/api/products,86,0,2
1765098050702,95,HTTP Request - /api/orders,200,OK,Thread Group 1-1,text,true,,3818,453,5,5,http://api.demo.com/api/orders,95,0,2
1765098050793,119,HTTP Request - /api/orders,200,OK,Thread Group 1-2,text,true,,3953,375,5,5,http://api.demo.com/api/orders,119,0,8
1765098050900,95,HTTP Request - /api/orders,200,OK,Thread Group 1-3,text,true,,2736,299,5,5,http://api.demo.com/api/orders,95,0,2
1765098050993,117,HTTP Request - /api/users,200,OK,Thread Group 1-4,text,true,,3216,425,5,5,http://api.demo.com/api/users,117,0,10
1765098051087,119,HTTP Request - /api/checkout,200,OK,Thread Group 1-5,text,true,,2449,416,5,5,http://api.demo.com/api/checkout,119,0,3
1765098051205,121,HTTP Request - /api/orders,200,OK,Thread Group 1-1,text,true,,3805,464,5,5,http://api.demo.com/api/orders,121,0,4
1765098051295,97,HTTP Request - /api/orders,200,OK,Thread Group 1-2,text,true,,2154,292,5,5,http://api.demo.com/api/orders,97,0,10
1765098051394,144,HTTP Request - /api/users,200,OK,Thread Group 1-3,text,true,,2106,301,5,5,http://api.demo.com/api/users,144,0,3
1765098051480,118,HTTP Request - /api/inventory,200,OK,Thread Group 1-4,text,true,,3366,402,5,5,http://api.demo.com/api/inventory,118,0,9
1765098051599,94,HTTP Request - /api/products,200,OK,Thread Group 1-5,text,true,,1459,277,5,5,http://api.demo.com/api/products,94,0,9
1765098051699,129,HTTP Request - /api/checkout,200,OK,Thread Group 1-1,text,true,,2878,398,5,5,http://api.demo.com/api/checkout,129,0,8
1765098051815,109,HTTP Request - /api/inventory,200,OK,Thread Group 1-2,text,true,,3876,361,5,5,http://api.demo.com/api/inventory,109,0,2
1765098051927,116,HTTP Request - /api/products,200,OK,Thread Group 1-3,text,true,,2713,301,5,5,http://api.demo.com/api/products,116,0,3
1765098052046,128,HTTP Request - /api/users,200,OK,Thread Group 1-4,text,true,,3593,486,5,5,http://api.demo.com/api/users,128,0,4
1765098052151,107,HTTP Request - /api/inventory,200,OK,Thread Group 1-5,text,true,,3114,320,5,5,http://api.demo.com/api/inventory,107,0,10
1765098052244,112,HTTP Request - /api/inventory,200,OK,Thread Group 1-1,text,true,,3725,316,5,5,http://api.demo.com/api/inventory,112,0,9
1765098052356,145,HTTP Request - /api/users,200,OK,Thread Group 1-2,text,true,,2791,486,5,5,http://api.demo.com/api/users,145,0,3
1765098052473,104,HTTP Request - /api/users,200,OK,Thread Group 1-3,text,true,,2018,312,5,5,http://api.demo.com/api/users,104,0,2
1765098052556,115,HTTP Request - /api/checkout,200,OK,Thread Group 1-4,text,true,,1617,362,5,5,http://api.demo.com/api/checkout,115,0,8
1765098052673,87,HTTP Request - /api/users,200,OK,Thread Group 1-5,text,true,,3388,304,5,5,http://api.demo.com/api/users,87,0,8
1765098052766,145,HTTP Request - /api/users,200,OK,Thread Group 1-1,text,true,,1264,378,5,5,http://api.demo.com/api/users,145,0,2
1765098052879,106,HTTP Request - /api/products,200,OK,Thread Group 1-2,text,true,,2798,391,5,5,http://api.demo.com/api/products,106,0,3
1765098052959,121,HTTP Request - /api/inventory,200,OK,Thread Group 1-3,text,true,,4010,435,5,5,http://api.demo.com/api/inventory,121,0,6
1765098053053,132,HTTP Request - /api/checkout,200,OK,Thread Group 1-4,text,true,,2740,307,5,5,http://api.demo.com/api/checkout,132,0,2
1765098053146,92,HTTP Request - /api/users,200,OK,Thread Group 1-5,text,true,,3197,504,5,5,http://api.demo.com/api/users,92,0,3
1765098053265,125,HTTP Request - /api/orders,200,OK,Thread Group 1-1,text,true,,1935,493,5,5,http://api.demo.com/api/orders,125,0,6
1765098053354,130,HTTP Request - /api/products,200,OK,Thread Group 1-2,text,true,,3625,298,5,5,http://api.demo.com/api/products,130,0,1
1765098053474,132,HTTP Request - /api/inventory,200,OK,Thread Group 1-3,text,true,,3100,289,5,5,http://api.demo.com/api/inventory,132,0,9
1765098053591,122,HTTP Request - /api/users,200,OK,Thread Group 1-4,text,true,,2530,310,5,5,http://api.demo.com/api/users,122,0,1
1765098053710,136,HTTP Request - /api/checkout,200,OK,Thread Group 1-5,text,true,,1400,373,5,5,http://api.demo.com/api/checkout,136,0,5
1765098053805,82,HTTP Request - /api/inventory,200,OK,Thread Group 1-1,text,true,,1637,258,5,5,http://api.demo.com/api/inventory,82,0,7
1765098053886,88,HTTP Request - /api/orders,200,OK,Thread Group 1-2,text,true,,3370,444,5,5,http://api.demo.com/api/orders,88,0,3
1765098053992,146,HTTP Request - /api/inventory,200,OK,Thread Group 1-3,text,true,,2139,430,5,5,http://api.demo.com/api/inventory,146,0,7
1765098054085,147,HTTP Request - /api/inventory,200,OK,Thread Group 1-4,text,true,,3996,360,5,5,http://api.demo.com/api/inventory,147,0,3
1765098054168,83,HTTP Request - /api/users,200,OK,Thread Group 1-5,text,true,,2861,298,5,5,http://api.demo.com/api/users,83,0,3
1765098054265,119,HTTP Request - /api/orders,200,OK,Thread Group 1-1,text,true,,2628,386,5,5,http://api.demo.com/api/orders,119,0,5
1765098054349,140,HTTP Request - /api/inventory,200,OK,Thread Group 1-2,text,true,,3070,389,5,5,http://api.demo.com/api/inventory,140,0,8
1765098054432,135,HTTP Request - /api/users,200,OK,Thread Group 1-3,text,true,,2770,475,5,5,http://api.demo.com/api/users,135,0,6
1765098054523,119,HTTP Request - /api/checkout,200,OK,Thread Group 1-4,text,true,,1066,424,5,5,http://api.demo.com/api/checkout,119,0,10
1765098054620,127,HTTP Request - /api/products,200,OK,Thread Group 1-5,text,true,,2716,346,5,5,http://api.demo.com/api/products,127,0,8
1765098054721,91,HTTP Request - /api/users,200,OK,Thread Group 1-1,text,true,,3883,339,5,5,http://api.demo.com/api/users,91,0,1
1765098054815,112,HTTP Request - /api/products,200,OK,Thread Group 1-2,text,true,,2655,348,5,5,http://api.demo.com/api/products,112,0,6
1765098054934,85,HTTP Request - /api/users,200,OK,Thread Group 1-3,text,true,,2514,333,5,5,http://api.demo.com/api/users,85,0,1
1765098055027,127,HTTP Request - /api/inventory,200,OK,Thread Group 1-4,text,true,,3737,422,5,5,http://api.demo.com/api/inventory,127,0,7
1765098055142,117,HTTP Request - /api/checkout,200,OK,Thread Group 1-5,text,true,,3756,414,5,5,http://api.demo.com/api/checkout,117,0,1
1765098055254,113,HTTP Request - /api/users,200,OK,Thread Group 1-1,text,true,,1437,327,5,5,http://api.demo.com/api/users,113,0,7
1765098055339,144,HTTP Request - /api/inventory,200,OK,Thread Group 1-2,text,true,,1532,330,5,5,http://api.demo.com/api/inventory,144,0,4
1765098055431,85,HTTP Request - /api/products,200,OK,Thread Group 1-3,text,true,,1135,379,5,5,http://api.demo.com/api/products,85,0,4
1765098055538,123,HTTP Request - /api/users,200,OK,Thread Group 1-4,text,true,,1076,470,5,5,http://api.demo.com/api/users,123,0,6
1765098055627,144,HTTP Request - /api/orders,200,OK,Thread Group 1-5,text,true,,1581,449,5,5,http://api.demo.com/api/orders,144,0,7
1765098055713,114,HTTP Request - /api/products,200,OK,Thread Group 1-1,text,true,,2961,294,5,5,http://api.demo.com/api/products,114,0,7
1765098055796,100,HTTP Request - /api/checkout,200,OK,Thread Group 1-2,text,true,,1570,482,5,5,http://api.demo.com/api/checkout,100,0,7
1765098055901,131,HTTP Request - /api/checkout,200,OK,Thread Group 1-3,text,true,,2968,510,5,5,http://api.demo.com/api/checkout,131,0,7
1765098056001,150,HTTP Request - /api/products,200,OK,Thread Group 1-4,text,true,,1697,325,5,5,http://api.demo.com/api/products,150,0,6
1765098056085,141,HTTP Request - /api/users,200,OK,Thread Group 1-5,text,true,,3743,416,5,5,http://api.demo.com/api/users,141,0,9
1765098056177,112,HTTP Request - /api/orders,200,OK,Thread Group 1-1,text,true,,4040,382,5,5,http://api.demo.com/api/orders,112,0,5
1765098056297,123,HTTP Request - /api/orders,200,OK,Thread Group 1-2,text,true,,3933,297,5,5,http://api.demo.com/api/orders,123,0,5
1765098056395,127,HTTP Request - /api/products,200,OK,Thread Group 1-3,text,true,,3191,298,5,5,http://api.demo.com/api/products,127,0,7
1765098056514,148,HTTP Request - /api/checkout,200,OK,Thread Group 1-4,text,true,,2260,271,5,5,http://api.demo.com/api/checkout,148,0,10
1765098056622,116,HTTP Request - /api/products,200,OK,Thread Group 1-5,text,true,,3525,297,5,5,http://api.demo.com/api/products,116,0,6
1765098056705,145,HTTP Request - /api/checkout,200,OK,Thread Group 1-1,text,true,,2128,310,5,5,http://api.demo.com/api/checkout,145,0,9
1765098056815,109,HTTP Request - /api/inventory,200,OK,Thread Group 1-2,text,true,,3478,490,5,5,http://api.demo.com/api/inventory,109,0,7
1765098056924,110,HTTP Request - /api/checkout,200,OK,Thread Group 1-3,text,true,,1814,366,5,5,http://api.demo.com/api/checkout,110,0,9
1765098057044,111,HTTP Request - /api/inventory,200,OK,Thread Group 1-4,text,true,,1976,497,5,5,http://api.demo.com/api/inventory,111,0,1
1765098057161,125,HTTP Request - /api/inventory,200,OK,Thread Group 1-5,text,true,,1090,463,5,5,http://api.demo.com/api/inventory,125,0,5
1765098057276,138,HTTP Request - /api/users,200,OK,Thread Group 1-1,text,true,,3459,442,5,5,http://api.demo.com/api/users,138,0,9
1765098057395,148,HTTP Request - /api/inventory,200,OK,Thread Group 1-2,text,true,,2092,364,5,5,http://api.demo.com/api/inventory,148,0,5
1765098057498,115,HTTP Request - /api/checkout,200,OK,Thread Group 1-3,text,true,,2792,362,5,5,http://api.demo.com/api/checkout,115,0,8
1765098057602,104,HTTP Request - /api/orders,200,OK,Thread Group 1-4,text,true,,1612,446,5,5,http://api.demo.com/api/orders,104,0,9
1765098057692,102,HTTP Request - /api/users,200,OK,Thread Group 1-5,text,true,,1212,317,5,5,http://api.demo.com/api/users,102,0,5
1765098057809,88,HTTP Request - /api/users,200,OK,Thread Group 1-1,text,true,,3785,317,5,5,http://api.demo.com/api/users,88,0,9
1765098057925,123,HTTP Request - /api/inventory,200,OK,Thread Group 1-2,text,true,,2219,298,5,5,http://api.demo.com/api/inventory,123,0,1
1765098058015,95,HTTP Request - /api/orders,200,OK,Thread Group 1-3,text,true,,3614,330,5,5,http://api.demo.com/api/orders,95,0,1
1765098058097,109,HTTP Request - /api/inventory,200,OK,Thread Group 1-4,text,true,,1113,400,5,5,http://api.demo.com/api/inventory,109,0,4
1765098058182,109,HTTP Request - /api/products,200,OK,Thread Group 1-5,text,true,,1141,474,5,5,http://api.demo.com/api/products,109,0,8
1765098058272,124,HTTP Request - /api/inventory,200,OK,Thread Group 1-1,text,true,,2815,447,5,5,http://api.demo.com/api/inventory,124,0,4
1765098058352,133,HTTP Request - /api/inventory,200,OK,Thread Group 1-2,text,true,,1693,411,5,5,http://api.demo.com/api/inventory,133,0,1
1765098058457,148,HTTP Request - /api/inventory,200,OK,Thread Group 1-3,text,true,,2918,453,5,5,http://api.demo.com/api/inventory,148,0,6
1765098058554,103,HTTP Request - /api/orders,200,OK,Thread Group 1-4,text,true,,3300,420,5,5,http://api.demo.com/api/orders,103,0,3
1765098058642,122,HTTP Request - /api/products,200,OK,Thread Group 1-5,text,true,,3381,304,5,5,http://api.demo.com/api/products,122,0,7
1765098058748,106,HTTP Request - /api/users,200,OK,Thread Group 1-1,text,true,,3135,292,5,5,http://api.demo.com/api/users,106,0,2
1765098058852,132,HTTP Request - /api/orders,200,OK,Thread Group 1-2,text,true,,3855,442,5,5,http://api.demo.com/api/orders,132,0,3
1765098058966,103,HTTP Request - /api/users,200,OK,Thread Group 1-3,text,true,,3689,333,5,5,http://api.demo.com/api/users,103,0,7
1765098059066,135,HTTP Request - /api/inventory,200,OK,Thread Group 1-4,text,true,,2854,274,5,5,http://api.demo.com/api/inventory,135,0,5
1765098059185,95,HTTP Request - /api/orders,200,OK,Thread Group 1-5,text,true,,3100,325,5,5,http://api.demo.com/api/orders,95,0,8
1765098059285,121,HTTP Request - /api/inventory,200,OK,Thread Group 1-1,text,true,,3850,289,5,5,http://api.demo.com/api/inventory,121,0,10
1765098059376,96,HTTP Request - /api/users,200,OK,Thread Group 1-2,text,true,,1907,321,5,5,http://api.demo.com/api/users,96,0,6
1765098059481,127,HTTP Request - /api/orders,200,OK,Thread Group 1-3,text,true,,3590,354,5,5,http://api.demo.com/api/orders,127,0,2
1765098059597,147,HTTP Request - /api/orders,200,OK,Thread Group 1-4,text,true,,3081,349,5,5,http://api.demo.com/api/orders,147,0,4
1765098059713,81,HTTP Request - /api/products,200,OK,Thread Group 1-5,text,true,,2751,486,5,5,http://api.demo.com/api/products,81,0,7
1765098059811,148,HTTP Request - /api/checkout,200,OK,Thread Group 1-1,text,true,,3840,472,5,5,http://api.demo.com/api/checkout,148,0,5
1765098059895,125,HTTP Request - /api/orders,200,OK,Thread Group 1-2,text,true,,3020,431,5,5,http://api.demo.com/api/orders,125,0,1
1765098059976,92,HTTP Request - /api/inventory,200,OK,Thread Group 1-3,text,true,,2561,453,5,5,http://api.demo.com/api/inventory,92,0,9
1765098060075,147,HTTP Request - /api/orders,200,OK,Thread Group 1-4,text,true,,3376,445,5,5,http://api.demo.com/api/orders,147,0,3
1765098060188,115,HTTP Request - /api/checkout,200,OK,Thread Group 1-5,text,true,,2839,378,5,5,http://api.demo.com/api/checkout,115,0,7
1765098060281,111,HTTP Request - /api/products,200,OK,Thread Group 1-1,text,true,,3163,329,5,5,http://api.demo.com/api/products,111,0,8
1765098060370,112,HTTP Request - /api/products,200,OK,Thread Group 1-2,text,true,,2861,288,5,5,http://api.demo.com/api/products,112,0,3
1765098060458,141,HTTP Request - /api/orders,200,OK,Thread Group 1-3,text,true,,3227,264,5,5,http://api.demo.com/api/orders,141,0,7
1765098060576,120,HTTP Request - /api/inventory,200,OK,Thread Group 1-4,text,true,,1817,267,5,5,http://api.demo.com/api/inventory,120,0,4
1765098060692,115,HTTP Request - /api/users,200,OK,Thread Group 1-5,text,true,,3594,293,5,5,http://api.demo.com/api/users,115,0,3
1765098060797,97,HTTP Request - /api/products,200,OK,Thread Group 1-1,text,true,,3613,450,5,5,http://api.demo.com/api/products,97,0,6
1765098060906,138,HTTP Request - /api/checkout,200,OK,Thread Group 1-2,text,true,,1614,361,5,5,http://api.demo.com/api/checkout,138,0,4
1765098060997,131,HTTP Request - /api/orders,200,OK,Thread Group 1-3,text,true,,2437,498,5,5,http://api.demo.com/api/orders,131,0,2
1765098061092,143,HTTP Request - /api/users,200,OK,Thread Group 1-4,text,true,,1683,414,5,5,http://api.demo.com/api/users,143,0,5
1765098061208,126,HTTP Request - /api/products,200,OK,Thread Group 1-5,text,true,,2956,397,5,5,http://api.demo.com/api/products,126,0,9
1765098061301,138,HTTP Request - /api/checkout,200,OK,Thread Group 1-1,text,true,,1630,438,5,5,http://api.demo.com/api/checkout,138,0,2
1765098061408,149,HTTP Request - /api/checkout,200,OK,Thread Group 1-2,text,true,,1806,493,5,5,http://api.demo.com/api/checkout,149,0,2
1765098061494,95,HTTP Request - /api/checkout,200,OK,Thread Group 1-3,text,true,,2154,286,5,5,http://api.demo.com/api/checkout,95,0,3
1765098061612,123,HTTP Request - /api/orders,200,OK,Thread Group 1-4,text,true,,2716,507,5,5,http://api.demo.com/api/orders,123,0,3
1765098061701,137,HTTP Request - /api/checkout,200,OK,Thread Group 1-5,text,true,,3694,439,5,5,http://api.demo.com/api/checkout,137,0,9
1765098061812,100,HTTP Request - /api/users,200,OK,Thread Group 1-1,text,true,,1290,492,5,5,http://api.demo.com/api/users,100,0,10
1765098061903,109,HTTP Request - /api/users,200,OK,Thread Group 1-2,text,true,,3489,435,5,5,http://api.demo.com/api/users,109,0,5
1765098062010,111,HTTP Request - /api/orders,200,OK,Thread Group 1-3,text,true,,1978,389,5,5,http://api.demo.com/api/orders,111,0,6
1765098062113,106,HTTP Request - /api/inventory,200,OK,Thread Group 1-4,text,true,,3479,414,5,5,http://api.demo.com/api/inventory,106,0,6
1765098062196,91,HTTP Request - /api/inventory,200,OK,Thread Group 1-5,text,true,,1273,265,5,5,http://api.demo.com/api/inventory,91,0,1
1765098062296,108,HTTP Request - /api/orders,200,OK,Thread Group 1-1,text,true,,1200,368,5,5,http://api.demo.com/api/orders,108,0,10
1765098062409,138,HTTP Request - /api/users,200,OK,Thread Group 1-2,text,true,,1306,349,5,5,http://api.demo.com/api/users,138,0,5
1765098062524,134,HTTP Request - /api/users,200,OK,Thread Group 1-3,text,true,,1181,438,5,5,http://api.demo.com/api/users,134,0,7
1765098062612,87,HTTP Request - /api/users,200,OK,Thread Group 1-4,text,true,,3831,283,5,5,http://api.demo.com/api/users,87,0,10
1765098062725,89,HTTP Request - /api/users,200,OK,Thread Group 1-5,text,true,,3432,445,5,5,http://api.demo.com/api/users,89,0,10
1765098062810,148,HTTP Request - /api/products,200,OK,Thread Group 1-1,text,true,,2608,282,5,5,http://api.demo.com/api/products,148,0,1
1765098062914,101,HTTP Request - /api/checkout,200,OK,Thread Group 1-2,text,true,,3642,373,5,5,http://api.demo.com/api/checkout,101,0,3
1765098063005,106,HTTP Request - /api/orders,200,OK,Thread Group 1-3,text,true,,3818,422,5,5,http://api.demo.com/api/orders,106,0,5
1765098063100,113,HTTP Request - /api/orders,200,OK,Thread Group 1-4,text,true,,2308,318,5,5,http://api.demo.com/api/orders,113,0,2
1765098063189,130,HTTP Request - /api/products,200,OK,Thread Group 1-5,text,true,,1206,413,5,5,http://api.demo.com/api/products,130,0,6
1765098063274,139,HTTP Request - /api/checkout,200,OK,Thread Group 1-1,text,true,,3777,435,5,5,http://api.demo.com/api/checkout,139,0,2
1765098063392,142,HTTP Request - /api/products,200,OK,Thread Group 1-2,text,true,,3016,472,5,5,http://api.demo.com/api/products,142,0,7
1765098063486,136,HTTP Request - /api/inventory,200,OK,Thread Group 1-3,text,true,,3510,307,5,5,http://api.demo.com/api/inventory,136,0,7
1765098063590,131,HTTP Request - /api/products,200,OK,Thread Group 1-4,text,true,,1714,408,5,5,http://api.demo.com/api/products,131,0,9
1765098063699,132,HTTP Request - /api/products,200,OK,Thread Group 1-5,text,true,,1250,364,5,5,http://api.demo.com/api/products,132,0,2
1765098063783,95,HTTP Request - /api/products,200,OK,Thread Group 1-1,text,true,,3259,397,5,5,http://api.demo.com/api/products,95,0,10
1765098063900,114,HTTP Request - /api/checkout,200,OK,Thread Group 1-2,text,true,,2686,268,5,5,http://api.demo.com/api/checkout,114,0,4
1765098063994,92,HTTP Request - /api/inventory,200,OK,Thread Group 1-3,text,true,,1346,444,5,5,http://api.demo.com/api/inventory,92,0,9
1765098064108,120,HTTP Request - /api/products,200,OK,Thread Group 1-4,text,true,,1045,418,5,5,http://api.demo.com/api/products,120,0,3
1765098064202,82,HTTP Request - /api/users,200,OK,Thread Group 1-5,text,true,,2150,311,5,5,http://api.demo.com/api/users,82,0,9
1765098064286,105,HTTP Request - /api/products,200,OK,Thread Group 1-1,text,true,,2968,276,5,5,http://api.demo.com/api/products,105,0,4
1765098064400,92,HTTP Request - /api/checkout,200,OK,Thread Group 1-2,text,true,,2168,465,5,5,http://api.demo.com/api/checkout,92,0,4
1765098064511,120,HTTP Request - /api/users,200,OK,Thread Group 1-3,text,true,,4040,432,5,5,http://api.demo.com/api/users,120,0,9
1765098064629,97,HTTP Request - /api/orders,200,OK,Thread Group 1-4,text,true,,1920,281,5,5,http://api.demo.com/api/orders,97,0,10
1765098064745,132,HTTP Request - /api/users,200,OK,Thread Group 1-5,text,true,,2727,380,5,5,http://api.demo.com/api/users,132,0,5
1765098064829,150,HTTP Request - /api/inventory,200,OK,Thread Group 1-1,text,true,,1299,324,5,5,http://api.demo.com/api/inventory,150,0,2
1765098064924,131,HTTP Request - /api/orders,200,OK,Thread Group 1-2,text,true,,1928,391,5,5,http://api.demo.com/api/orders,131,0,3
1765098065008,131,HTTP Request - /api/checkout,200,OK,Thread Group 1-3,text,true,,2484,359,5,5,http://api.demo.com/api/checkout,131,0,1
1765098065126,111,HTTP Request - /api/checkout,200,OK,Thread Group 1-4,text,true,,1308,349,5,5,http://api.demo.com/api/checkout,111,0,5
1765098065237,80,HTTP Request - /api/users,200,OK,Thread Group 1-5,text,true,,3613,453,5,5,http://api.demo.com/api/users,80,0,4
1765098065318,137,HTTP Request - /api/users,200,OK,Thread Group 1-1,text,true,,2135,256,5,5,http://api.demo.com/api/users,137,0,4
1765098065401,147,HTTP Request - /api/checkout,200,OK,Thread Group 1-2,text,true,,3083,357,5,5,http://api.demo.com/api/checkout,147,0,8
1765098065490,147,HTTP Request - /api/users,200,OK,Thread Group 1-3,text,true,,1335,306,5,5,http://api.demo.com/api/users,147,0,3
1765098065579,138,HTTP Request - /api/checkout,200,OK,Thread Group 1-4,text,true,,3415,271,5,5,http://api.demo.com/api/checkout,138,0,8
1765098065693,130,HTTP Request - /api/checkout,200,OK,Thread Group 1-5,text,true,,1395,397,5,5,http://api.demo.com/api/checkout,130,0,4
1765098065779,138,HTTP Request - /api/orders,200,OK,Thread Group 1-1,text,true,,2812,383,5,5,http://api.demo.com/api/orders,138,0,2
1765098065891,89,HTTP Request - /api/users,200,OK,Thread Group 1-2,text,true,,2256,445,5,5,http://api.demo.com/api/users,89,0,8
1765098065975,130,HTTP Request - /api/inventory,200,OK,Thread Group 1-3,text,true,,1753,410,5,5,http://api.demo.com/api/inventory,130,0,2
1765098066063,110,HTTP Request - /api/users,200,OK,Thread Group 1-4,text,true,,3177,341,5,5,http://api.demo.com/api/users,110,0,6
1765098066157,100,HTTP Request - /api/checkout,200,OK,Thread Group 1-5,text,true,,3030,364,5,5,http://api.demo.com/api/checkout,100,0,3
1765098066268,145,HTTP Request - /api/inventory,200,OK,Thread Group 1-1,text,true,,1750,289,5,5,http://api.demo.com/api/inventory,145,0,6
1765098066361,146,HTTP Request - /api/inventory,200,OK,Thread Group 1-2,text,true,,1181,259,5,5,http://api.demo.com/api/inventory,146,0,5
1765098066460,148,HTTP Request - /api/inventory,200,OK,Thread Group 1-3,text,true,,2194,461,5,5,http://api.demo.com/api/inventory,148,0,5
1765098066547,100,HTTP Request - /api/orders,200,OK,Thread Group 1-4,text,true,,1657,492,5,5,http://api.demo.com/api/orders,100,0,7
1765098066665,140,HTTP Request - /api/inventory,200,OK,Thread Group 1-5,text,true,,3918,497,5,5,http://api.demo.com/api/inventory,140,0,2
1765098066771,137,HTTP Request - /api/inventory,200,OK,Thread Group 1-1,text,true,,3305,422,5,5,http://api.demo.com/api/inventory,137,0,1
1765098066858,105,HTTP Request - /api/orders,200,OK,Thread Group 1-2,text,true,,3987,438,5,5,http://api.demo.com/api/orders,105,0,7
1765098066962,132,HTTP Request - /api/orders,200,OK,Thread Group 1-3,text,true,,1902,388,5,5,http://api.demo.com/api/orders,132,0,7
1765098067063,131,HTTP Request - /api/checkout,200,OK,Thread Group 1-4,text,true,,3482,340,5,5,http://api.demo.com/api/checkout,131,0,1
1765098067183,103,HTTP Request - /api/inventory,200,OK,Thread Group 1-5,text,true,,3776,336,5,5,http://api.demo.com/api/inventory,103,0,9
1765098067292,90,HTTP Request - /api/products,200,OK,Thread Group 1-1,text,true,,3184,347,5,5,http://api.demo.com/api/products,90,0,9
1765098067388,136,HTTP Request - /api/inventory,200,OK,Thread Group 1-2,text,true,,2172,349,5,5,http://api.demo.com/api/inventory,136,0,8
1765098067507,111,HTTP Request - /api/inventory,200,OK,Thread Group 1-3,text,true,,1220,479,5,5,http://api.demo.com/api/inventory,111,0,4
1765098067601,107,HTTP Request - /api/products,200,OK,Thread Group 1-4,text,true,,2800,440,5,5,http://api.demo.com/api/products,107,0,7
1765098067689,141,HTTP Request - /api/users,200,OK,Thread Group 1-5,text,true,,2843,406,5,5,http://api.demo.com/api/users,141,0,7
1765098067779,150,HTTP Request - /api/checkout,200,OK,Thread Group 1-1,text,true,,2694,372,5,5,http://api.demo.com/api/checkout,150,0,3
1765098067880,118,HTTP Request - /api/checkout,200,OK,Thread Group 1-2,text,true,,2049,314,5,5,http://api.demo.com/api/checkout,118,0,8
1765098067993,124,HTTP Request - /api/inventory,200,OK,Thread Group 1-3,text,true,,1144,458,5,5,http://api.demo.com/api/inventory,124,0,6
1765098068080,82,HTTP Request - /api/checkout,200,OK,Thread Group 1-4,text,true,,3691,283,5,5,http://api.demo.com/api/checkout,82,0,7
1765098068198,126,HTTP Request - /api/users,200,OK,Thread Group 1-5,text,true,,2498,440,5,5,http://api.demo.com/api/users,126,0,8
1765098068287,82,HTTP Request - /api/checkout,200,OK,Thread Group 1-1,text,true,,3174,261,5,5,http://api.demo.com/api/checkout,82,0,7
1765098068380,123,HTTP Request - /api/inventory,200,OK,Thread Group 1-2,text,true,,1232,477,5,5,http://api.demo.com/api/inventory,123,0,10
1765098068478,148,HTTP Request - /api/products,200,OK,Thread Group 1-3,text,true,,2557,342,5,5,http://api.demo.com/api/products,148,0,10
1765098068577,107,HTTP Request - /api/checkout,200,OK,Thread Group 1-4,text,true,,1437,328,5,5,http://api.demo.com/api/checkout,107,0,10
1765098068674,91,HTTP Request - /api/orders,200,OK,Thread Group 1-5,text,true,,2017,487,5,5,http://api.demo.com/api/orders,91,0,3
1765098068770,143,HTTP Request - /api/inventory,200,OK,Thread Group 1-1,text,true,,3878,405,5,5,http://api.demo.com/api/inventory,143,0,9
1765098068885,103,HTTP Request - /api/checkout,200,OK,Thread Group 1-2,text,true,,2848,381,5,5,http://api.demo.com/api/checkout,103,0,8
1765098068985,98,HTTP Request - /api/products,200,OK,Thread Group 1-3,text,true,,3549,485,5,5,http://api.demo.com/api/products,98,0,9
1765098069077,119,HTTP Request - /api/users,200,OK,Thread Group 1-4,text,true,,2629,467,5,5,http://api.demo.com/api/users,119,0,10
1765098069164,133,HTTP Request - /api/inventory,200,OK,Thread Group 1-5,text,true,,3923,363,5,5,http://api.demo.com/api/inventory,133,0,7
1765098069246,112,HTTP Request - /api/inventory,200,OK,Thread Group 1-1,text,true,,3902,302,5,5,http://api.demo.com/api/inventory,112,0,2
1765098069342,146,HTTP Request - /api/inventory,200,OK,Thread Group 1-2,text,true,,1510,460,5,5,http://api.demo.com/api/inventory,146,0,1
1765098069427,83,HTTP Request - /api/users,200,OK,Thread Group 1-3,text,true,,3393,497,5,5,http://api.demo.com/api/users,83,0,7
1765098069522,90,HTTP Request - /api/inventory,200,OK,Thread Group 1-4,text,true,,3851,440,5,5,http://api.demo.com/api/inventory,90,0,1
1765098069629,98,HTTP Request - /api/users,200,OK,Thread Group 1-5,text,true,,3290,375,5,5,http://api.demo.com/api/users,98,0,9
1765098069745,130,HTTP Request - /api/users,200,OK,Thread Group 1-1,text,true,,1293,269,5,5,http://api.demo.com/api/users,130,0,7
1765098069850,114,HTTP Request - /api/inventory,200,OK,Thread Group 1-2,text,true,,2103,284,5,5,http://api.demo.com/api/inventory,114,0,7
1765098069949,124,HTTP Request - /api/users,200,OK,Thread Group 1-3,text,true,,3232,380,5,5,http://api.demo.com/api/users,124,0,3
1765098070054,150,HTTP Request - /api/checkout,200,OK,Thread Group 1-4,text,true,,1834,264,5,5,http://api.demo.com/api/checkout,150,0,6
1765098070137,150,HTTP Request - /api/inventory,200,OK,Thread Group 1-5,text,true,,3706,427,5,5,http://api.demo.com/api/inventory,150,0,8
1765098070221,113,HTTP Request - /api/users,200,OK,Thread Group 1-1,text,true,,1738,496,5,5,http://api.demo.com/api/users,113,0,5
1765098070336,121,HTTP Request - /api/orders,200,OK,Thread Group 1-2,text,true,,2107,433,5,5,http://api.demo.com/api/orders,121,0,6
1765098070423,107,HTTP Request - /api/products,200,OK,Thread Group 1-3,text,true,,3121,260,5,5,http://api.demo.com/api/products,107,0,6
1765098070513,116,HTTP Request - /api/checkout,200,OK,Thread Group 1-4,text,true,,3987,496,5,5,http://api.demo.com/api/checkout,116,0,2
1765098070602,142,HTTP Request - /api/users,200,OK,Thread Group 1-5,text,true,,3455,446,5,5,http://api.demo.com/api/users,142,0,4
1765098070715,84,HTTP Request - /api/inventory,200,OK,Thread Group 1-1,text,true,,1643,331,5,5,http://api.demo.com/api/inventory,84,0,7
1765098070796,90,HTTP Request - /api/users,200,OK,Thread Group 1-2,text,true,,3452,446,5,5,http://api.demo.com/api/users,90,0,4
1765098070905,148,HTTP Request - /api/checkout,200,OK,Thread Group 1-3,text,true,,2897,371,5,5,http://api.demo.com/api/checkout,148,0,4
1765098071007,105,HTTP Request - /api/products,200,OK,Thread Group 1-4,text,true,,3136,315,5,5,http://api.demo.com/api/products,105,0,1
1765098071093,127,HTTP Request - /api/inventory,200,OK,Thread Group 1-5,text,true,,3446,326,5,5,http://api.demo.com/api/inventory,127,0,9
1765098071208,115,HTTP Request - /api/users,200,OK,Thread Group 1-1,text,true,,1451,266,5,5,http://api.demo.com/api/users,115,0,9
1765098071309,90,HTTP Request - /api/orders,200,OK,Thread Group 1-2,text,true,,3450,445,5,5,http://api.demo.com/api/orders,90,0,2
1765098071412,120,HTTP Request - /api/checkout,200,OK,Thread Group 1-3,text,true,,1164,499,5,5,http://api.demo.com/api/checkout,120,0,10
1765098071524,150,HTTP Request - /api/inventory,200,OK,Thread Group 1-4,text,true,,3789,353,5,5,http://api.demo.com/api/inventory,150,0,1
1765098071614,123,HTTP Request - /api/products,200,OK,Thread Group 1-5,text,true,,3167,295,5,5,http://api.demo.com/api/products,123,0,5
1765098071731,122,HTTP Request - /api/inventory,200,OK,Thread Group 1-1,text,true,,2375,348,5,5,http://api.demo.com/api/inventory,122,0,2
1765098071812,123,HTTP Request - /api/users,200,OK,Thread Group 1-2,text,true,,3442,335,5,5,http://api.demo.com/api/users,123,0,2
1765098071909,89,HTTP Request - /api/products,200,OK,Thread Group 1-3,text,true,,1817,315,5,5,http://api.demo.com/api/products,89,0,3
1765098071994,89,HTTP Request - /api/products,200,OK,Thread Group 1-4,text,true,,2056,269,5,5,http://api.demo.com/api/products,89,0,10
1765098072095,102,HTTP Request - /api/checkout,200,OK,Thread Group 1-5,text,true,,3404,283,5,5,http://api.demo.com/api/checkout,102,0,2
1765098072205,129,HTTP Request - /api/products,200,OK,Thread Group 1-1,text,true,,2513,392,5,5,http://api.demo.com/api/products,129,0,7
1765098072287,84,HTTP Request - /api/orders,200,OK,Thread Group 1-2,text,true,,3164,273,5,5,http://api.demo.com/api/orders,84,0,9
1765098072375,138,HTTP Request - /api/checkout,200,OK,Thread Group 1-3,text,true,,2293,348,5,5,http://api.demo.com/api/checkout,138,0,10
1765098072465,103,HTTP Request - /api/orders,200,OK,Thread Group 1-4,text,true,,2497,378,5,5,http://api.demo.com/api/orders,103,0,6
1765098072584,124,HTTP Request - /api/users,200,OK,Thread Group 1-5,text,true,,2891,479,5,5,http://api.demo.com/api/users,124,0,10
1765098072676,141,HTTP Request - /api/checkout,200,OK,Thread Group 1-1,text,true,,3883,393,5,5,http://api.demo.com/api/checkout,141,0,4
1765098072777,133,HTTP Request - /api/orders,200,OK,Thread Group 1-2,text,true,,3935,341,5,5,http://api.demo.com/api/orders,133,0,2
1765098072887,140,HTTP Request - /api/orders,200,OK,Thread Group 1-3,text,true,,3654,382,5,5,http://api.demo.com/api/orders,140,0,5
1765098072995,127,HTTP Request - /api/inventory,200,OK,Thread Group 1-4,text,true,,3861,438,5,5,http://api.demo.com/api/inventory,127,0,6
1765098073075,146,HTTP Request - /api/checkout,200,OK,Thread Group 1-5,text,true,,3344,451,5,5,http://api.demo.com/api/checkout,146,0,9
1765098073190,121,HTTP Request - /api/inventory,200,OK,Thread Group 1-1,text,true,,1093,341,5,5,http://api.demo.com/api/inventory,121,0,8
1765098073284,103,HTTP Request - /api/checkout,200,OK,Thread Group 1-2,text,true,,2004,270,5,5,http://api.demo.com/api/checkout,103,0,2
1765098073370,140,HTTP Request - /api/users,200,OK,Thread Group 1-3,text,true,,3307,430,5,5,http://api.demo.com/api/users,140,0,7
1765098073451,96,HTTP Request - /api/inventory,200,OK,Thread Group 1-4,text,true,,2199,319,5,5,http://api.demo.com/api/inventory,96,0,10
1765098073531,140,HTTP Request - /api/products,200,OK,Thread Group 1-5,text,true,,3308,276,5,5,http://api.demo.com/api/products,140,0,1
1765098073620,149,HTTP Request - /api/inventory,200,OK,Thread Group 1-1,text,true,,3216,276,5,5,http://api.demo.com/api/inventory,149,0,2
1765098073701,90,HTTP Request - /api/users,200,OK,Thread Group 1-2,text,true,,3232,400,5,5,http://api.demo.com/api/users,90,0,7
1765098073814,129,HTTP Request - /api/products,200,OK,Thread Group 1-3,text,true,,1331,369,5,5,http://api.demo.com/api/products,129,0,5
1765098073905,85,HTTP Request - /api/checkout,200,OK,Thread Group 1-4,text,true,,3922,268,5,5,http://api.demo.com/api/checkout,85,0,2
1765098073996,99,HTTP Request - /api/orders,200,OK,Thread Group 1-5,text,true,,2757,464,5,5,http://api.demo.com/api/orders,99,0,4
1765098074078,92,HTTP Request - /api/products,200,OK,Thread Group 1-1,text,true,,1682,454,5,5,http://api.demo.com/api/products,92,0,4
1765098074158,80,HTTP Request - /api/orders,200,OK,Thread Group 1-2,text,true,,2098,471,5,5,http://api.demo.com/api/orders,80,0,7
1765098074258,121,HTTP Request - /api/users,200,OK,Thread Group 1-3,text,true,,3581,258,5,5,http://api.demo.com/api/users,121,0,2
1765098074365,130,HTTP Request - /api/inventory,200,OK,Thread Group 1-4,text,true,,4090,462,5,5,http://api.demo.com/api/inventory,130,0,1
1765098074482,97,HTTP Request - /api/checkout,200,OK,Thread Group 1-5,text,true,,1422,474,5,5,http://api.demo.com/api/checkout,97,0,9
1765098074602,150,HTTP Request - /api/checkout,200,OK,Thread Group 1-1,text,true,,3166,474,5,5,http://api.demo.com/api/checkout,150,0,5
1765098074719,109,HTTP Request - /api/products,200,OK,Thread Group 1-2,text,true,,1826,475,5,5,http://api.demo.com/api/products,109,0,1
1765098074813,130,HTTP Request - /api/checkout,200,OK,Thread Group 1-3,text,true,,3571,276,5,5,http://api.demo.com/api/checkout,130,0,7
1765098074907,135,HTTP Request - /api/inventory,200,OK,Thread Group 1-4,text,true,,1343,320,5,5,http://api.demo.com/api/inventory,135,0,3
1765098075008,98,HTTP Request - /api/orders,200,OK,Thread Group 1-5,text,true,,1452,512,5,5,http://api.demo.com/api/orders,98,0,10
1765098075126,109,HTTP Request - /api/checkout,200,OK,Thread Group 1-1,text,true,,3602,412,5,5,http://api.demo.com/api/checkout,109,0,9
1765098075219,97,HTTP Request - /api/users,200,OK,Thread Group 1-2,text,true,,3807,493,5,5,http://api.demo.com/api/users,97,0,3
1765098075325,100,HTTP Request - /api/inventory,200,OK,Thread Group 1-3,text,true,,3433,364,5,5,http://api.demo.com/api/inventory,100,0,10
1765098075423,101,HTTP Request - /api/inventory,200,OK,Thread Group 1-4,text,true,,1115,482,5,5,http://api.demo.com/api/inventory,101,0,10
1765098075516,139,HTTP Request - /api/inventory,200,OK,Thread Group 1-5,text,true,,3001,488,5,5,http://api.demo.com/api/inventory,139,0,5
1765098075636,111,HTTP Request - /api/orders,200,OK,Thread Group 1-1,text,true,,3132,422,5,5,http://api.demo.com/api/orders,111,0,7
1765098075743,139,HTTP Request - /api/checkout,200,OK,Thread Group 1-2,text,true,,3371,322,5,5,http://api.demo.com/api/checkout,139,0,9
1765098075856,142,HTTP Request - /api/products,200,OK,Thread Group 1-3,text,true,,2077,295,5,5,http://api.demo.com/api/products,142,0,6
1765098075976,134,HTTP Request - /api/checkout,200,OK,Thread Group 1-4,text,true,,1514,362,5,5,http://api.demo.com/api/checkout,134,0,4
1765098076085,148,HTTP Request - /api/checkout,200,OK,Thread Group 1-5,text,true,,3625,340,5,5,http://api.demo.com/api/checkout,148,0,1
1765098076171,113,HTTP Request - /api/inventory,200,OK,Thread Group 1-1,text,true,,3269,280,5,5,http://api.demo.com/api/inventory,113,0,9
1765098076289,89,HTTP Request - /api/checkout,200,OK,Thread Group 1-2,text,true,,1879,415,5,5,http://api.demo.com/api/checkout,89,0,7
1765098076391,106,HTTP Request - /api/checkout,200,OK,Thread Group 1-3,text,true,,3515,453,5,5,http://api.demo.com/api/checkout,106,0,9
1765098076502,105,HTTP Request - /api/orders,200,OK,Thread Group 1-4,text,true,,3189,386,5,5,http://api.demo.com/api/orders,105,0,9
1765098076589,92,HTTP Request - /api/orders,200,OK,Thread Group 1-5,text,true,,2752,403,5,5,http://api.demo.com/api/orders,92,0,2
1765098076679,98,HTTP Request - /api/products,200,OK,Thread Group 1-1,text,true,,2732,380,5,5,http://api.demo.com/api/products,98,0,8
1765098076782,85,HTTP Request - /api/products,200,OK,Thread Group 1-2,text,true,,2429,407,5,5,http://api.demo.com/api/products,85,0,1
1765098076889,105,HTTP Request - /api/orders,200,OK,Thread Group 1-3,text,true,,1708,331,5,5,http://api.demo.com/api/orders,105,0,10
1765098076994,146,HTTP Request - /api/orders,200,OK,Thread Group 1-4,text,true,,2238,311,5,5,http://api.demo.com/api/orders,146,0,2
1765098077094,124,HTTP Request - /api/inventory,200,OK,Thread Group 1-5,text,true,,2024,509,5,5,http://api.demo.com/api/inventory,124,0,3
1765098077210,139,HTTP Request - /api/products,200,OK,Thread Group 1-1,text,true,,3175,267,5,5,http://api.demo.com/api/products,139,0,4
1765098077296,104,HTTP Request - /api/inventory,200,OK,Thread Group 1-2,text,true,,4026,435,5,5,http://api.demo.com/api/inventory,104,0,7
1765098077398,104,HTTP Request - /api/checkout,200,OK,Thread Group 1-3,text,true,,1405,337,5,5,http://api.demo.com/api/checkout,104,0,5
1765098077498,104,HTTP Request - /api/users,200,OK,Thread Group 1-4,text,true,,2242,383,5,5,http://api.demo.com/api/users,104,0,3
1765098077590,85,HTTP Request - /api/inventory,200,OK,Thread Group 1-5,text,true,,2823,480,5,5,http://api.demo.com/api/inventory,85,0,8
1765098077676,105,HTTP Request - /api/users,200,OK,Thread Group 1-1,text,true,,2449,343,5,5,http://api.demo.com/api/users,105,0,3
1765098077764,80,HTTP Request - /api/orders,200,OK,Thread Group 1-2,text,true,,3176,446,5,5,http://api.demo.com/api/orders,80,0,9
1765098077871,142,HTTP Request - /api/users,200,OK,Thread Group 1-3,text,true,,1562,353,5,5,http://api.demo.com/api/users,142,0,3
1765098077990,90,HTTP Request - /api/products,200,OK,Thread Group 1-4,text,true,,3844,400,5,5,http://api.demo.com/api/products,90,0,4
1765098078085,132,HTTP Request - /api/users,200,OK,Thread Group 1-5,text,true,,2359,466,5,5,http://api.demo.com/api/users,132,0,4
1765098078203,117,HTTP Request - /api/checkout,200,OK,Thread Group 1-1,text,true,,1201,510,5,5,http://api.demo.com/api/checkout,117,0,5
1765098078294,111,HTTP Request - /api/checkout,200,OK,Thread Group 1-2,text,true,,3826,349,5,5,http://api.demo.com/api/checkout,111,0,4
1765098078404,83,HTTP Request - /api/users,200,OK,Thread Group 1-3,text,true,,3571,444,5,5,http://api.demo.com/api/users,83,0,8
1765098078512,141,HTTP Request - /api/users,200,OK,Thread Group 1-4,text,true,,3175,419,5,5,http://api.demo.com/api/users,141,0,7
1765098078609,81,HTTP Request - /api/products,200,OK,Thread Group 1-5,text,true,,3400,506,5,5,http://api.demo.com/api/products,81,0,7
1765098078705,89,HTTP Request - /api/orders,200,OK,Thread Group 1-1,text,true,,3089,416,5,5,http://api.demo.com/api/orders,89,0,10
1765098078786,145,HTTP Request - /api/inventory,200,OK,Thread Group 1-2,text,true,,3721,458,5,5,http://api.demo.com/api/inventory,145,0,4
1765098078903,100,HTTP Request - /api/checkout,200,OK,Thread Group 1-3,text,true,,3790,432,5,5,http://api.demo.com/api/checkout,100,0,10
1765098078984,133,HTTP Request - /api/products,200,OK,Thread Group 1-4,text,true,,2524,476,5,5,http://api.demo.com/api/products,133,0,4
1765098079094,80,HTTP Request - /api/checkout,200,OK,Thread Group 1-5,text,true,,2764,264,5,5,http://api.demo.com/api/checkout,80,0,5
1765098079176,138,HTTP Request - /api/orders,200,OK,Thread Group 1-1,text,true,,3079,351,5,5,http://api.demo.com/api/orders,138,0,1
1765098079284,123,HTTP Request - /api/checkout,200,OK,Thread Group 1-2,text,true,,3246,379,5,5,http://api.demo.com/api/checkout,123,0,6
1765098079402,121,HTTP Request - /api/checkout,200,OK,Thread Group 1-3,text,true,,3502,451,5,5,http://api.demo.com/api/checkout,121,0,1
1765098079494,109,HTTP Request - /api/orders,200,OK,Thread Group 1-4,text,true,,2158,470,5,5,http://api.demo.com/api/orders,109,0,9
1765098079605,88,HTTP Request - /api/inventory,200,OK,Thread Group 1-5,text,true,,1624,295,5,5,http://api.demo.com/api/inventory,88,0,6
1765098079693,142,HTTP Request - /api/inventory,200,OK,Thread Group 1-1,text,true,,3492,354,5,5,http://api.demo.com/api/inventory,142,0,2
1765098079813,97,HTTP Request - /api/inventory,200,OK,Thread Group 1-2,text,true,,3940,471,5,5,http://api.demo.com/api/inventory,97,0,1
1765098079895,133,HTTP Request - /api/inventory,200,OK,Thread Group 1-3,text,true,,3246,363,5,5,http://api.demo.com/api/inventory,133,0,4
1765098079981,116,HTTP Request - /api/users,200,OK,Thread Group 1-4,text,true,,2053,293,5,5,http://api.demo.com/api/users,116,0,9
1765098080072,148,HTTP Request - /api/checkout,200,OK,Thread Group 1-5,text,true,,4047,487,5,5,http://api.demo.com/api/checkout,148,0,3
1765098080165,143,HTTP Request - /api/checkout,200,OK,Thread Group 1-1,text,true,,2016,507,5,5,http://api.demo.com/api/checkout,143,0,7
1765098080271,85,HTTP Request - /api/orders,200,OK,Thread Group 1-2,text,true,,3610,330,5,5,http://api.demo.com/api/orders,85,0,3
1765098080384,147,HTTP Request - /api/orders,200,OK,Thread Group 1-3,text,true,,3538,302,5,5,http://api.demo.com/api/orders,147,0,9
1765098080476,139,HTTP Request - /api/checkout,200,OK,Thread Group 1-4,text,true,,2469,292,5,5,http://api.demo.com/api/checkout,139,0,10
1765098080574,132,HTTP Request - /api/checkout,200,OK,Thread Group 1-5,text,true,,3862,309,5,5,http://api.demo.com/api/checkout,132,0,5
1765098080657,114,HTTP Request - /api/checkout,200,OK,Thread Group 1-1,text,true,,3354,361,5,5,http://api.demo.com/api/checkout,114,0,9
1765098080741,113,HTTP Request - /api/checkout,200,OK,Thread Group 1-2,text,true,,2207,302,5,5,http://api.demo.com/api/checkout,113,0,10
1765098080822,84,HTTP Request - /api/users,200,OK,Thread Group 1-3,text,true,,1260,266,5,5,http://api.demo.com/api/users,84,0,8
1765098080935,150,HTTP Request - /api/users,200,OK,Thread Group 1-4,text,true,,1361,431,5,5,http://api.demo.com/api/users,150,0,9
1765098081045,123,HTTP Request - /api/orders,200,OK,Thread Group 1-5,text,true,,1185,439,5,5,http://api.demo.com/api/orders,123,0,5
1765098081128,146,HTTP Request - /api/inventory,200,OK,Thread Group 1-1,text,true,,2448,313,5,5,http://api.demo.com/api/inventory,146,0,7
1765098081236,137,HTTP Request - /api/orders,200,OK,Thread Group 1-2,text,true,,1637,471,5,5,http://api.demo.com/api/orders,137,0,2
1765098081333,145,HTTP Request - /api/orders,200,OK,Thread Group 1-3,text,true,,4078,436,5,5,http://api.demo.com/api/orders,145,0,4
1765098081449,98,HTTP Request - /api/checkout,200,OK,Thread Group 1-4,text,true,,3037,265,5,5,http://api.demo.com/api/checkout,98,0,7
1765098081536,94,HTTP Request - /api/orders,200,OK,Thread Group 1-5,text,true,,1441,314,5,5,http://api.demo.com/api/orders,94,0,10
1765098081620,138,HTTP Request - /api/products,200,OK,Thread Group 1-1,text,true,,3333,354,5,5,http://api.demo.com/api/products,138,0,8
1765098081722,126,HTTP Request - /api/orders,200,OK,Thread Group 1-2,text,true,,2970,287,5,5,http://api.demo.com/api/orders,126,0,8
1765098081807,117,HTTP Request - /api/users,200,OK,Thread Group 1-3,text,true,,3697,490,5,5,http://api.demo.com/api/users,117,0,4
1765098081922,115,HTTP Request - /api/checkout,200,OK,Thread Group 1-4,text,true,,2188,445,5,5,http://api.demo.com/api/checkout,115,0,8
1765098082024,145,HTTP Request - /api/inventory,200,OK,Thread Group 1-5,text,true,,1547,390,5,5,http://api.demo.com/api/inventory,145,0,8
1765098082131,141,HTTP Request - /api/checkout,200,OK,Thread Group 1-1,text,true,,3667,424,5,5,http://api.demo.com/api/checkout,141,0,6
1765098082241,125,HTTP Request - /api/orders,200,OK,Thread Group 1-2,text,true,,2360,369,5,5,http://api.demo.com/api/orders,125,0,6
1765098082337,81,HTTP Request - /api/products,200,OK,Thread Group 1-3,text,true,,1965,306,5,5,http://api.demo.com/api/products,81,0,8
1765098082442,86,HTTP Request - /api/users,200,OK,Thread Group 1-4,text,true,,2829,493,5,5,http://api.demo.com/api/users,86,0,2
1765098082561,137,HTTP Request - /api/products,200,OK,Thread Group 1-5,text,true,,3908,429,5,5,http://api.demo.com/api/products,137,0,4
1765098082663,138,HTTP Request - /api/products,200,OK,Thread Group 1-1,text,true,,3738,427,5,5,http://api.demo.com/api/products,138,0,6
1765098082748,96,HTTP Request - /api/checkout,200,OK,Thread Group 1-2,text,true,,1115,390,5,5,http://api.demo.com/api/checkout,96,0,7
1765098082853,150,HTTP Request - /api/inventory,200,OK,Thread Group 1-3,text,true,,1361,390,5,5,http://api.demo.com/api/inventory,150,0,5
1765098082943,119,HTTP Request - /api/users,200,OK,Thread Group 1-4,text,true,,1460,296,5,5,http://api.demo.com/api/users,119,0,7
1765098083028,135,HTTP Request - /api/checkout,200,OK,Thread Group 1-5,text,true,,1320,385,5,5,http://api.demo.com/api/checkout,135,0,8
1765098083142,86,HTTP Request - /api/products,200,OK,Thread Group 1-1,text,true,,3641,494,5,5,http://api.demo.com/api/products,86,0,8
1765098083256,96,HTTP Request - /api/products,200,OK,Thread Group 1-2,text,true,,1475,466,5,5,http://api.demo.com/api/products,96,0,10
1765098083340,125,HTTP Request - /api/inventory,200,OK,Thread Group 1-3,text,true,,3343,496,5,5,http://api.demo.com/api/inventory,125,0,4
1765098083452,91,HTTP Request - /api/orders,200,OK,Thread Group 1-4,text,true,,1238,414,5,5,http://api.demo.com/api/orders,91,0,4
1765098083538,101,HTTP Request - /api/inventory,200,OK,Thread Group 1-5,text,true,,2815,472,5,5,http://api.demo.com/api/inventory,101,0,3
1765098083656,84,HTTP Request - /api/users,200,OK,Thread Group 1-1,text,true,,1140,448,5,5,http://api.demo.com/api/users,84,0,2
1765098083755,90,HTTP Request - /api/orders,200,OK,Thread Group 1-2,text,true,,1109,469,5,5,http://api.demo.com/api/orders,90,0,1
1765098083836,84,HTTP Request - /api/orders,200,OK,Thread Group 1-3,text,true,,1659,417,5,5,http://api.demo.com/api/orders,84,0,3
1765098083931,97,HTTP Request - /api/checkout,200,OK,Thread Group 1-4,text,true,,1701,371,5,5,http://api.demo.com/api/checkout,97,0,3
1765098084022,120,HTTP Request - /api/orders,200,OK,Thread Group 1-5,text,true,,3871,361,5,5,http://api.demo.com/api/orders,120,0,2
1765098084128,87,HTTP Request - /api/users,200,OK,Thread Group 1-1,text,true,,1421,421,5,5,http://api.demo.com/api/users,87,0,6
1765098084222,131,HTTP Request - /api/inventory,200,OK,Thread Group 1-2,text,true,,3057,289,5,5,http://api.demo.com/api/inventory,131,0,1
1765098084325,144,HTTP Request - /api/checkout,200,OK,Thread Group 1-3,text,true,,2206,317,5,5,http://api.demo.com/api/checkout,144,0,7
1765098084407,123,HTTP Request - /api/orders,200,OK,Thread Group 1-4,text,true,,2754,312,5,5,http://api.demo.com/api/orders,123,0,3
1765098084507,127,HTTP Request - /api/checkout,200,OK,Thread Group 1-5,text,true,,3591,492,5,5,http://api.demo.com/api/checkout,127,0,4
1765098084627,91,HTTP Request - /api/orders,200,OK,Thread Group 1-1,text,true,,2291,274,5,5,http://api.demo.com/api/orders,91,0,4
1765098084742,92,HTTP Request - /api/inventory,200,OK,Thread Group 1-2,text,true,,1991,359,5,5,http://api.demo.com/api/inventory,92,0,5
1765098084846,82,HTTP Request - /api/users,200,OK,Thread Group 1-3,text,true,,2777,270,5,5,http://api.demo.com/api/users,82,0,7
1765098084953,117,HTTP Request - /api/users,200,OK,Thread Group 1-4,text,true,,3172,279,5,5,http://api.demo.com/api/users,117,0,6
1765098085046,103,HTTP Request - /api/users,200,OK,Thread Group 1-5,text,true,,2969,507,5,5,http://api.demo.com/api/users,103,0,1
1765098085133,128,HTTP Request - /api/checkout,200,OK,Thread Group 1-1,text,true,,3903,316,5,5,http://api.demo.com/api/checkout,128,0,8
1765098085247,125,HTTP Request - /api/users,200,OK,Thread Group 1-2,text,true,,3470,276,5,5,http://api.demo.com/api/users,125,0,4
1765098085353,97,HTTP Request - /api/orders,200,OK,Thread Group 1-3,text,true,,3956,354,5,5,http://api.demo.com/api/orders,97,0,8
1765098085437,117,HTTP Request - /api/users,200,OK,Thread Group 1-4,text,true,,1658,445,5,5,http://api.demo.com/api/users,117,0,8
1765098085553,128,HTTP Request - /api/users,200,OK,Thread Group 1-5,text,true,,3402,393,5,5,http://api.demo.com/api/users,128,0,1
1765098085638,121,HTTP Request - /api/inventory,200,OK,Thread Group 1-1,text,true,,3080,475,5,5,http://api.demo.com/api/inventory,121,0,7
1765098085734,146,HTTP Request - /api/users,200,OK,Thread Group 1-2,text,true,,1072,397,5,5,http://api.demo.com/api/users,146,0,2
1765098085853,107,HTTP Request - /api/orders,200,OK,Thread Group 1-3,text,true,,2291,417,5,5,http://api.demo.com/api/orders,107,0,7
1765098085955,142,HTTP Request - /api/orders,200,OK,Thread Group 1-4,text,true,,2822,418,5,5,http://api.demo.com/api/orders,142,0,1
1765098086042,116,HTTP Request - /api/orders,200,OK,Thread Group 1-5,text,true,,3491,410,5,5,http://api.demo.com/api/orders,116,0,10
1765098086134,142,HTTP Request - /api/products,200,OK,Thread Group 1-1,text,true,,1178,270,5,5,http://api.demo.com/api/products,142,0,7
1765098086217,89,HTTP Request - /api/users,200,OK,Thread Group 1-2,text,true,,1702,446,5,5,http://api.demo.com/api/users,89,0,2
1765098086315,123,HTTP Request - /api/inventory,200,OK,Thread Group 1-3,text,true,,1069,505,5,5,http://api.demo.com/api/inventory,123,0,5
1765098086401,120,HTTP Request - /api/orders,200,OK,Thread Group 1-4,text,true,,3870,480,5,5,http://api.demo.com/api/orders,120,0,10
1765098086492,120,HTTP Request - /api/checkout,200,OK,Thread Group 1-5,text,true,,1584,396,5,5,http://api.demo.com/api/checkout,120,0,3
1765098086580,142,HTTP Request - /api/checkout,200,OK,Thread Group 1-1,text,true,,1156,302,5,5,http://api.demo.com/api/checkout,142,0,3
1765098086680,93,HTTP Request - /api/orders,200,OK,Thread Group 1-2,text,true,,2981,320,5,5,http://api.demo.com/api/orders,93,0,2
1765098086761,102,HTTP Request - /api/checkout,200,OK,Thread Group 1-3,text,true,,2602,404,5,5,http://api.demo.com/api/checkout,102,0,1
1765098086856,141,HTTP Request - /api/orders,200,OK,Thread Group 1-4,text,true,,3461,304,5,5,http://api.demo.com/api/orders,141,0,8
1765098086969,146,HTTP Request - /api/users,200,OK,Thread Group 1-5,text,true,,3922,369,5,5,http://api.demo.com/api/users,146,0,1
1765098087052,116,HTTP Request - /api/users,200,OK,Thread Group 1-1,text,true,,3318,261,5,5,http://api.demo.com/api/users,116,0,7
1765098087166,106,HTTP Request - /api/users,200,OK,Thread Group 1-2,text,true,,2860,430,5,5,http://api.demo.com/api/users,106,0,3
1765098087256,97,HTTP Request - /api/users,200,OK,Thread Group 1-3,text,true,,3191,415,5,5,http://api.demo.com/api/users,97,0,6
1765098087370,111,HTTP Request - /api/users,200,OK,Thread Group 1-4,text,true,,3901,319,5,5,http://api.demo.com/api/users,111,0,6
1765098087489,149,HTTP Request - /api/checkout,200,OK,Thread Group 1-5,text,true,,1289,315,5,5,http://api.demo.com/api/checkout,149,0,4
1765098087602,113,HTTP Request - /api/products,200,OK,Thread Group 1-1,text,true,,2220,510,5,5,http://api.demo.com/api/products,113,0,1
1765098087712,137,HTTP Request - /api/products,200,OK,Thread Group 1-2,text,true,,2937,324,5,5,http://api.demo.com/api/products,137,0,2
1765098087822,140,HTTP Request - /api/users,200,OK,Thread Group 1-3,text,true,,1706,414,5,5,http://api.demo.com/api/users,140,0,7
1765098087930,85,HTTP Request - /api/inventory,200,OK,Thread Group 1-4,text,true,,3913,434,5,5,http://api.demo.com/api/inventory,85,0,4
1765098088019,105,HTTP Request - /api/orders,200,OK,Thread Group 1-5,text,true,,2542,392,5,5,http://api.demo.com/api/orders,105,0,5
1765098088137,141,HTTP Request - /api/inventory,200,OK,Thread Group 1-1,text,true,,1145,345,5,5,http://api.demo.com/api/inventory,141,0,5
1765098088252,93,HTTP Request - /api/users,200,OK,Thread Group 1-2,text,true,,3128,458,5,5,http://api.demo.com/api/users,93,0,8
1765098088338,117,HTTP Request - /api/inventory,200,OK,Thread Group 1-3,text,true,,2710,438,5,5,http://api.demo.com/api/inventory,117,0,8
1765098088456,130,HTTP Request - /api/users,200,OK,Thread Group 1-4,text,true,,2422,316,5,5,http://api.demo.com/api/users,130,0,10
1765098088544,140,HTTP Request - /api/checkout,200,OK,Thread Group 1-5,text,true,,1440,345,5,5,http://api.demo.com/api/checkout,140,0,9
1765098088658,88,HTTP Request - /api/inventory,200,OK,Thread Group 1-1,text,true,,1303,316,5,5,http://api.demo.com/api/inventory,88,0,4
1765098088744,123,HTTP Request - /api/inventory,200,OK,Thread Group 1-2,text,true,,1429,477,5,5,http://api.demo.com/api/inventory,123,0,6
1765098088855,89,HTTP Request - /api/inventory,200,OK,Thread Group 1-3,text,true,,3295,457,5,5,http://api.demo.com/api/inventory,89,0,7
1765098088954,125,HTTP Request - /api/orders,200,OK,Thread Group 1-4,text,true,,1631,429,5,5,http://api.demo.com/api/orders,125,0,2
1765098089062,114,HTTP Request - /api/orders,200,OK,Thread Group 1-5,text,true,,3242,326,5,5,http://api.demo.com/api/orders,114,0,8
1765098089144,127,HTTP Request - /api/users,200,OK,Thread Group 1-1,text,true,,3161,458,5,5,http://api.demo.com/api/users,127,0,8
1765098089229,87,HTTP Request - /api/products,200,OK,Thread Group 1-2,text,true,,2990,434,5,5,http://api.demo.com/api/products,87,0,7
1765098089321,144,HTTP Request - /api/orders,200,OK,Thread Group 1-3,text,true,,2649,282,5,5,http://api.demo.com/api/orders,144,0,7
1765098089422,140,HTTP Request - /api/inventory,200,OK,Thread Group 1-4,text,true,,1352,305,5,5,http://api.demo.com/api/inventory,140,0,8
1765098089524,130,HTTP Request - /api/users,200,OK,Thread Group 1-5,text,true,,1621,359,5,5,http://api.demo.com/api/users,130,0,7
1765098089638,85,HTTP Request - /api/users,200,OK,Thread Group 1-1,text,true,,2692,289,5,5,http://api.demo.com/api/users,85,0,10
1765098089723,87,HTTP Request - /api/inventory,200,OK,Thread Group 1-2,text,true,,2414,440,5,5,http://api.demo.com/api/inventory,87,0,3
1765098089804,137,HTTP Request - /api/products,200,OK,Thread Group 1-3,text,true,,1294,259,5,5,http://api.demo.com/api/products,137,0,8
1765098089891,93,HTTP Request - /api/users,200,OK,Thread Group 1-4,text,true,,1357,406,5,5,http://api.demo.com/api/users,93,0,8
1765098090011,147,HTTP Request - /api/orders,200,OK,Thread Group 1-5,text,true,,1094,267,5,5,http://api.demo.com/api/orders,147,0,2
1765098090091,110,HTTP Request - /api/orders,200,OK,Thread Group 1-1,text,true,,1655,362,5,5,http://api.demo.com/api/orders,110,0,10
1765098090179,130,HTTP Request - /api/inventory,200,OK,Thread Group 1-2,text,true,,1185,426,5,5,http://api.demo.com/api/inventory,130,0,7
1765098090280,150,HTTP Request - /api/orders,200,OK,Thread Group 1-3,text,true,,2902,412,5,5,http://api.demo.com/api/orders,150,0,2
1765098090364,141,HTTP Request - /api/users,200,OK,Thread Group 1-4,text,true,,1693,481,5,5,http://api.demo.com/api/users,141,0,9
1765098090461,125,HTTP Request - /api/products,200,OK,Thread Group 1-5,text,true,,3067,279,5,5,http://api.demo.com/api/products,125,0,6
1765098090547,142,HTTP Request - /api/inventory,200,OK,Thread Group 1-1,text,true,,2199,326,5,5,http://api.demo.com/api/inventory,142,0,6
1765098090655,88,HTTP Request - /api/users,200,OK,Thread Group 1-2,text,true,,1412,368,5,5,http://api.demo.com/api/users,88,0,4
1765098090746,111,HTTP Request - /api/inventory,200,OK,Thread Group 1-3,text,true,,2186,300,5,5,http://api.demo.com/api/inventory,111,0,7
1765098090858,103,HTTP Request - /api/products,200,OK,Thread Group 1-4,text,true,,2859,462,5,5,http://api.demo.com/api/products,103,0,5
1765098090976,134,HTTP Request - /api/checkout,200,OK,Thread Group 1-5,text,true,,2511,504,5,5,http://api.demo.com/api/checkout,134,0,7
1765098091095,112,HTTP Request - /api/users,200,OK,Thread Group 1-1,text,true,,3333,359,5,5,http://api.demo.com/api/users,112,0,4
1765098091183,127,HTTP Request - /api/inventory,200,OK,Thread Group 1-2,text,true,,2772,464,5,5,http://api.demo.com/api/inventory,127,0,2
1765098091302,99,HTTP Request - /api/inventory,200,OK,Thread Group 1-3,text,true,,4008,458,5,5,http://api.demo.com/api/inventory,99,0,8
1765098091390,123,HTTP Request - /api/checkout,200,OK,Thread Group 1-4,text,true,,1470,337,5,5,http://api.demo.com/api/checkout,123,0,9
1765098091501,123,HTTP Request - /api/orders,200,OK,Thread Group 1-5,text,true,,3738,261,5,5,http://api.demo.com/api/orders,123,0,6
1765098091607,137,HTTP Request - /api/inventory,200,OK,Thread Group 1-1,text,true,,2018,341,5,5,http://api.demo.com/api/inventory,137,0,8
1765098091709,97,HTTP Request - /api/orders,200,OK,Thread Group 1-2,text,true,,2580,358,5,5,http://api.demo.com/api/orders,97,0,1
1765098091804,136,HTTP Request - /api/checkout,200,OK,Thread Group 1-3,text,true,,3392,506,5,5,http://api.demo.com/api/checkout,136,0,3
1765098091884,128,HTTP Request - /api/checkout,200,OK,Thread Group 1-4,text,true,,2486,433,5,5,http://api.demo.com/api/checkout,128,0,2
1765098091993,108,HTTP Request - /api/products,200,OK,Thread Group 1-5,text,true,,2821,507,5,5,http://api.demo.com/api/products,108,0,2
1765098092103,99,HTTP Request - /api/products,200,OK,Thread Group 1-1,text,true,,2341,490,5,5,http://api.demo.com/api/products,99,0,7
1765098092191,120,HTTP Request - /api/users,200,OK,Thread Group 1-2,text,true,,3595,500,5,5,http://api.demo.com/api/users,120,0,8
1765098092300,150,HTTP Request - /api/products,200,OK,Thread Group 1-3,text,true,,1873,292,5,5,http://api.demo.com/api/products,150,0,10
1765098092399,115,HTTP Request - /api/checkout,200,OK,Thread Group 1-4,text,true,,1343,420,5,5,http://api.demo.com/api/checkout,115,0,10
1765098092508,114,HTTP Request - /api/products,200,OK,Thread Group 1-5,text,true,,3636,309,5,5,http://api.demo.com/api/products,114,0,9
1765098092614,4478,HTTP Request - /api/users,200,OK,Thread Group 1-1,text,true,,4065,337,5,5,http://api.demo.com/api/users,4478,0,1
1765098092732,120,HTTP Request - /api/inventory,200,OK,Thread Group 1-2,text,true,,3830,433,5,5,http://api.demo.com/api/inventory,120,0,9
1765098092848,122,HTTP Request - /api/users,200,OK,Thread Group 1-3,text,true,,1412,425,5,5,http://api.demo.com/api/users,122,0,4
1765098092948,3193,HTTP Request - /api/checkout,200,OK,Thread Group 1-4,text,true,,2659,266,5,5,http://api.demo.com/api/checkout,3193,0,6
1765098093057,115,HTTP Request - /api/users,200,OK,Thread Group 1-5,text,true,,3828,259,5,5,http://api.demo.com/api/users,115,0,6
1765098093141,4117,HTTP Request - /api/users,200,OK,Thread Group 1-1,text,true,,1775,408,5,5,http://api.demo.com/api/users,4117,0,1
1765098093258,3498,HTTP Request - /api/checkout,200,OK,Thread Group 1-2,text,true,,3890,437,5,5,http://api.demo.com/api/checkout,3498,0,3
1765098093347,4069,HTTP Request - /api/checkout,200,OK,Thread Group 1-3,text,true,,2482,418,5,5,http://api.demo.com/api/checkout,4069,0,3
1765098093427,85,HTTP Request - /api/inventory,200,OK,Thread Group 1-4,text,true,,1270,317,5,5,http://api.demo.com/api/inventory,85,0,1
1765098093530,132,HTTP Request - /api/users,200,OK,Thread Group 1-5,text,true,,1793,446,5,5,http://api.demo.com/api/users,132,0,4
1765098093649,3899,HTTP Request - /api/products,200,OK,Thread Group 1-1,text,true,,2291,363,5,5,http://api.demo.com/api/products,3899,0,1
1765098093767,99,HTTP Request - /api/users,200,OK,Thread Group 1-2,text,true,,1619,469,5,5,http://api.demo.com/api/users,99,0,7
1765098093869,107,HTTP Request - /api/checkout,200,OK,Thread Group 1-3,text,true,,2514,270,5,5,http://api.demo.com/api/checkout,107,0,9
1765098093987,100,HTTP Request - /api/products,200,OK,Thread Group 1-4,text,true,,2060,465,5,5,http://api.demo.com/api/products,100,0,1
1765098094086,3630,HTTP Request - /api/users,200,OK,Thread Group 1-5,text,true,,2269,506,5,5,http://api.demo.com/api/users,3630,0,3
1765098094197,3552,HTTP Request - /api/products,200,OK,Thread Group 1-1,text,true,,1967,401,5,5,http://api.demo.com/api/products,3552,0,8
1765098094316,132,HTTP Request - /api/inventory,200,OK,Thread Group 1-2,text,true,,3791,257,5,5,http://api.demo.com/api/inventory,132,0,6
1765098094416,110,HTTP Request - /api/checkout,200,OK,Thread Group 1-3,text,true,,3692,392,5,5,http://api.demo.com/api/checkout,110,0,4
1765098094502,98,HTTP Request - /api/checkout,200,OK,Thread Group 1-4,text,true,,2631,289,5,5,http://api.demo.com/api/checkout,98,0,6
1765098094599,3482,HTTP Request - /api/orders,200,OK,Thread Group 1-5,text,true,,2492,497,5,5,http://api.demo.com/api/orders,3482,0,1
1765098094681,87,HTTP Request - /api/checkout,200,OK,Thread Group 1-1,text,true,,1890,415,5,5,http://api.demo.com/api/checkout,87,0,1
1765098094784,4447,HTTP Request - /api/orders,200,OK,Thread Group 1-2,text,true,,2229,471,5,5,http://api.demo.com/api/orders,4447,0,1
1765098094891,131,HTTP Request - /api/checkout,200,OK,Thread Group 1-3,text,true,,3834,283,5,5,http://api.demo.com/api/checkout,131,0,5
1765098094979,4923,HTTP Request - /api/checkout,200,OK,Thread Group 1-4,text,true,,3034,328,5,5,http://api.demo.com/api/checkout,4923,0,4
1765098095073,121,HTTP Request - /api/products,200,OK,Thread Group 1-5,text,true,,1070,341,5,5,http://api.demo.com/api/products,121,0,8
1765098095169,111,HTTP Request - /api/users,200,OK,Thread Group 1-1,text,true,,2027,506,5,5,http://api.demo.com/api/users,111,0,5
1765098095251,149,HTTP Request - /api/users,200,OK,Thread Group 1-2,text,true,,3333,453,5,5,http://api.demo.com/api/users,149,0,5
1765098095364,137,HTTP Request - /api/checkout,200,OK,Thread Group 1-3,text,true,,2753,417,5,5,http://api.demo.com/api/checkout,137,0,4
1765098095444,105,HTTP Request - /api/orders,200,OK,Thread Group 1-4,text,true,,3044,469,5,5,http://api.demo.com/api/orders,105,0,8
1765098095543,113,HTTP Request - /api/inventory,200,OK,Thread Group 1-5,text,true,,2483,324,5,5,http://api.demo.com/api/inventory,113,0,4
1765098095628,3358,HTTP Request - /api/inventory,200,OK,Thread Group 1-1,text,true,,2965,474,5,5,http://api.demo.com/api/inventory,3358,0,8
1765098095722,130,HTTP Request - /api/inventory,200,OK,Thread Group 1-2,text,true,,2998,297,5,5,http://api.demo.com/api/inventory,130,0,9
1765098095831,98,HTTP Request - /api/checkout,200,OK,Thread Group 1-3,text,true,,2618,448,5,5,http://api.demo.com/api/checkout,98,0,10
1765098095945,91,HTTP Request - /api/products,200,OK,Thread Group 1-4,text,true,,3745,495,5,5,http://api.demo.com/api/products,91,0,3
1765098096056,110,HTTP Request - /api/inventory,200,OK,Thread Group 1-5,text,true,,3766,314,5,5,http://api.demo.com/api/inventory,110,0,10
1765098096176,3430,HTTP Request - /api/products,200,OK,Thread Group 1-1,text,true,,2123,443,5,5,http://api.demo.com/api/products,3430,0,2
1765098096275,137,HTTP Request - /api/products,200,OK,Thread Group 1-2,text,true,,3313,371,5,5,http://api.demo.com/api/products,137,0,7
1765098096358,123,HTTP Request - /api/products,200,OK,Thread Group 1-3,text,true,,2122,356,5,5,http://api.demo.com/api/products,123,0,2
1765098096455,141,HTTP Request - /api/orders,200,OK,Thread Group 1-4,text,true,,1793,311,5,5,http://api.demo.com/api/orders,141,0,7
1765098096574,121,HTTP Request - /api/checkout,200,OK,Thread Group 1-5,text,true,,1472,317,5,5,http://api.demo.com/api/checkout,121,0,3
1765098096660,4606,HTTP Request - /api/products,200,OK,Thread Group 1-1,text,true,,2888,459,5,5,http://api.demo.com/api/products,4606,0,7
1765098096748,82,HTTP Request - /api/checkout,200,OK,Thread Group 1-2,text,true,,3692,316,5,5,http://api.demo.com/api/checkout,82,0,7
1765098096858,99,HTTP Request - /api/inventory,200,OK,Thread Group 1-3,text,true,,2617,345,5,5,http://api.demo.com/api/inventory,99,0,2
1765098096940,3580,HTTP Request - /api/checkout,200,OK,Thread Group 1-4,text,true,,3815,350,5,5,http://api.demo.com/api/checkout,3580,0,3
1765098097056,3060,HTTP Request - /api/users,200,OK,Thread Group 1-5,text,true,,1967,263,5,5,http://api.demo.com/api/users,3060,0,9
1765098097142,136,HTTP Request - /api/products,200,OK,Thread Group 1-1,text,true,,2256,350,5,5,http://api.demo.com/api/products,136,0,1
1765098097252,136,HTTP Request - /api/products,200,OK,Thread Group 1-2,text,true,,1745,327,5,5,http://api.demo.com/api/products,136,0,7
1765098097363,4000,HTTP Request - /api/checkout,200,OK,Thread Group 1-3,text,true,,2259,496,5,5,http://api.demo.com/api/checkout,4000,0,6
1765098097481,85,HTTP Request - /api/inventory,200,OK,Thread Group 1-4,text,true,,2767,325,5,5,http://api.demo.com/api/inventory,85,0,3
1765098097566,131,HTTP Request - /api/inventory,200,OK,Thread Group 1-5,text,true,,1795,338,5,5,http://api.demo.com/api/inventory,131,0,1
1765098097679,90,HTTP Request - /api/inventory,200,OK,Thread Group 1-1,text,true,,2051,480,5,5,http://api.demo.com/api/inventory,90,0,6
1765098097763,91,HTTP Request - /api/checkout,200,OK,Thread Group 1-2,text,true,,1774,418,5,5,http://api.demo.com/api/checkout,91,0,6
1765098097872,144,HTTP Request - /api/users,200,OK,Thread Group 1-3,text,true,,1430,503,5,5,http://api.demo.com/api/users,144,0,8
1765098097976,142,HTTP Request - /api/users,200,OK,Thread Group 1-4,text,true,,1776,477,5,5,http://api.demo.com/api/users,142,0,4
1765098098086,107,HTTP Request - /api/inventory,200,OK,Thread Group 1-5,text,true,,3582,382,5,5,http://api.demo.com/api/inventory,107,0,4
1765098098190,135,HTTP Request - /api/checkout,200,OK,Thread Group 1-1,text,true,,2381,409,5,5,http://api.demo.com/api/checkout,135,0,4
1765098098306,109,HTTP Request - /api/orders,200,OK,Thread Group 1-2,text,true,,2358,281,5,5,http://api.demo.com/api/orders,109,0,4
1765098098407,128,HTTP Request - /api/checkout,200,OK,Thread Group 1-3,text,true,,3804,441,5,5,http://api.demo.com/api/checkout,128,0,5
1765098098521,136,HTTP Request - /api/orders,200,OK,Thread Group 1-4,text,true,,1146,490,5,5,http://api.demo.com/api/orders,136,0,4
1765098098624,138,HTTP Request - /api/orders,200,OK,Thread Group 1-5,text,true,,4045,428,5,5,http://api.demo.com/api/orders,138,0,7
1765098098718,142,HTTP Request - /api/products,200,OK,Thread Group 1-1,text,true,,4050,466,5,5,http://api.demo.com/api/products,142,0,9
1765098098810,110,HTTP Request - /api/inventory,200,OK,Thread Group 1-2,text,true,,2330,319,5,5,http://api.demo.com/api/inventory,110,0,2
1765098098902,104,HTTP Request - /api/orders,200,OK,Thread Group 1-3,text,true,,2854,316,5,5,http://api.demo.com/api/orders,104,0,4
1765098099016,81,HTTP Request - /api/users,200,OK,Thread Group 1-4,text,true,,1906,453,5,5,http://api.demo.com/api/users,81,0,9
1765098099102,108,HTTP Request - /api/users,200,OK,Thread Group 1-5,text,true,,3471,504,5,5,http://api.demo.com/api/users,108,0,10
1765098099195,135,HTTP Request - /api/users,200,OK,Thread Group 1-1,text,true,,3450,316,5,5,http://api.demo.com/api/users,135,0,6
1765098099288,100,HTTP Request - /api/products,200,OK,Thread Group 1-2,text,true,,2998,504,5,5,http://api.demo.com/api/products,100,0,1
1765098099373,146,HTTP Request - /api/inventory,200,OK,Thread Group 1-3,text,true,,1550,303,5,5,http://api.demo.com/api/inventory,146,0,1
1765098099470,90,HTTP Request - /api/orders,200,OK,Thread Group 1-4,text,true,,2437,329,5,5,http://api.demo.com/api/orders,90,0,10
1765098099571,104,HTTP Request - /api/products,200,OK,Thread Group 1-5,text,true,,1139,279,5,5,http://api.demo.com/api/products,104,0,8
1765098099651,149,HTTP Request - /api/inventory,200,OK,Thread Group 1-1,text,true,,3698,283,5,5,http://api.demo.com/api/inventory,149,0,5
1765098099757,129,HTTP Request - /api/inventory,200,OK,Thread Group 1-2,text,true,,2172,288,5,5,http://api.demo.com/api/inventory,129,0,3
1765098099846,125,HTTP Request - /api/products,200,OK,Thread Group 1-3,text,true,,3845,261,5,5,http://api.demo.com/api/products,125,0,2
1765098099960,112,HTTP Request - /api/inventory,200,OK,Thread Group 1-4,text,true,,1607,324,5,5,http://api.demo.com/api/inventory,112,0,9
1765098100068,134,HTTP Request - /api/orders,200,OK,Thread Group 1-5,text,true,,1110,345,5,5,http://api.demo.com/api/orders,134,0,10
1765098100166,88,HTTP Request - /api/orders,200,OK,Thread Group 1-1,text,true,,1396,324,5,5,http://api.demo.com/api/orders,88,0,8
1765098100273,91,HTTP Request - /api/users,200,OK,Thread Group 1-2,text,true,,2628,328,5,5,http://api.demo.com/api/users,91,0,4
1765098100373,129,HTTP Request - /api/products,200,OK,Thread Group 1-3,text,true,,2330,311,5,5,http://api.demo.com/api/products,129,0,8
1765098100478,95,HTTP Request - /api/inventory,200,OK,Thread Group 1-4,text,true,,2043,332,5,5,http://api.demo.com/api/inventory,95,0,6
1765098100558,124,HTTP Request - /api/orders,200,OK,Thread Group 1-5,text,true,,3757,391,5,5,http://api.demo.com/api/orders,124,0,8
1765098100678,104,HTTP Request - /api/users,200,OK,Thread Group 1-1,text,true,,3821,315,5,5,http://api.demo.com/api/users,104,0,9
1765098100766,81,HTTP Request - /api/users,200,OK,Thread Group 1-2,text,true,,3195,323,5,5,http://api.demo.com/api/users,81,0,5
1765098100850,119,HTTP Request - /api/checkout,200,OK,Thread Group 1-3,text,true,,2406,368,5,5,http://api.demo.com/api/checkout,119,0,1
1765098100959,96,HTTP Request - /api/users,200,OK,Thread Group 1-4,text,true,,1789,364,5,5,http://api.demo.com/api/users,96,0,3
1765098101073,123,HTTP Request - /api/products,200,OK,Thread Group 1-5,text,true,,2118,499,5,5,http://api.demo.com/api/products,123,0,10
1765098101181,129,HTTP Request - /api/checkout,200,OK,Thread Group 1-1,text,true,,2262,367,5,5,http://api.demo.com/api/checkout,129,0,4
1765098101285,114,HTTP Request - /api/products,200,OK,Thread Group 1-2,text,true,,1895,413,5,5,http://api.demo.com/api/products,114,0,9
1765098101384,122,HTTP Request - /api/checkout,200,OK,Thread Group 1-3,text,true,,2645,300,5,5,http://api.demo.com/api/checkout,122,0,2
1765098101483,132,HTTP Request - /api/users,200,OK,Thread Group 1-4,text,true,,3785,341,5,5,http://api.demo.com/api/users,132,0,3
1765098101598,129,HTTP Request - /api/inventory,200,OK,Thread Group 1-5,text,true,,2110,257,5,5,http://api.demo.com/api/inventory,129,0,4
1765098101682,118,HTTP Request - /api/users,200,OK,Thread Group 1-1,text,true,,2574,469,5,5,http://api.demo.com/api/users,118,0,7
1765098101776,92,HTTP Request - /api/checkout,200,OK,Thread Group 1-2,text,true,,2118,383,5,5,http://api.demo.com/api/checkout,92,0,9
1765098101869,90,HTTP Request - /api/orders,200,OK,Thread Group 1-3,text,true,,3968,425,5,5,http://api.demo.com/api/orders,90,0,3
1765098101967,148,HTTP Request - /api/inventory,200,OK,Thread Group 1-4,text,true,,2841,335,5,5,http://api.demo.com/api/inventory,148,0,8
1765098102058,89,HTTP Request - /api/users,200,OK,Thread Group 1-5,text,true,,2494,296,5,5,http://api.demo.com/api/users,89,0,10
1765098102169,117,HTTP Request - /api/inventory,200,OK,Thread Group 1-1,text,true,,3484,299,5,5,http://api.demo.com/api/inventory,117,0,1
1765098102266,113,HTTP Request - /api/inventory,200,OK,Thread Group 1-2,text,true,,2708,302,5,5,http://api.demo.com/api/inventory,113,0,8
1765098102370,122,HTTP Request - /api/inventory,200,OK,Thread Group 1-3,text,true,,3160,499,5,5,http://api.demo.com/api/inventory,122,0,1
1765098102485,146,HTTP Request - /api/orders,200,OK,Thread Group 1-4,text,true,,4086,509,5,5,http://api.demo.com/api/orders,146,0,5
1765098102599,113,HTTP Request - /api/users,200,OK,Thread Group 1-5,text,true,,3239,357,5,5,http://api.demo.com/api/users,113,0,6
1765098102711,96,HTTP Request - /api/checkout,200,OK,Thread Group 1-1,text,true,,1751,463,5,5,http://api.demo.com/api/checkout,96,0,10
1765098102792,137,HTTP Request - /api/orders,200,OK,Thread Group 1-2,text,true,,3680,394,5,5,http://api.demo.com/api/orders,137,0,4
1765098102879,85,HTTP Request - /api/checkout,200,OK,Thread Group 1-3,text,true,,3089,370,5,5,http://api.demo.com/api/checkout,85,0,4
1765098102973,93,HTTP Request - /api/inventory,200,OK,Thread Group 1-4,text,true,,1223,266,5,5,http://api.demo.com/api/inventory,93,0,8
1765098103070,102,HTTP Request - /api/products,200,OK,Thread Group 1-5,text,true,,1645,308,5,5,http://api.demo.com/api/products,102,0,7
1765098103152,100,HTTP Request - /api/products,200,OK,Thread Group 1-1,text,true,,1877,485,5,5,http://api.demo.com/api/products,100,0,7
1765098103254,119,HTTP Request - /api/users,200,OK,Thread Group 1-2,text,true,,2147,348,5,5,http://api.demo.com/api/users,119,0,5
1765098103336,143,HTTP Request - /api/inventory,200,OK,Thread Group 1-3,text,true,,2474,276,5,5,http://api.demo.com/api/inventory,143,0,9
1765098103417,128,HTTP Request - /api/orders,200,OK,Thread Group 1-4,text,true,,2287,467,5,5,http://api.demo.com/api/orders,128,0,1
1765098103531,127,HTTP Request - /api/inventory,200,OK,Thread Group 1-5,text,true,,1732,443,5,5,http://api.demo.com/api/inventory,127,0,8
1765098103613,137,HTTP Request - /api/orders,200,OK,Thread Group 1-1,text,true,,2240,383,5,5,http://api.demo.com/api/orders,137,0,5
1765098103715,148,HTTP Request - /api/checkout,200,OK,Thread Group 1-2,text,true,,1872,391,5,5,http://api.demo.com/api/checkout,148,0,9
1765098103819,85,HTTP Request - /api/users,200,OK,Thread Group 1-3,text,true,,2463,373,5,5,http://api.demo.com/api/users,85,0,1
1765098103903,140,HTTP Request - /api/inventory,200,OK,Thread Group 1-4,text,true,,2759,436,5,5,http://api.demo.com/api/inventory,140,0,8
1765098104020,144,HTTP Request - /api/checkout,200,OK,Thread Group 1-5,text,true,,1578,506,5,5,http://api.demo.com/api/checkout,144,0,5
1765098104108,121,HTTP Request - /api/checkout,200,OK,Thread Group 1-1,text,true,,1047,367,5,5,http://api.demo.com/api/checkout,121,0,3
1765098104212,84,HTTP Request - /api/orders,200,OK,Thread Group 1-2,text,true,,3285,509,5,5,http://api.demo.com/api/orders,84,0,6
1765098104292,137,HTTP Request - /api/inventory,200,OK,Thread Group 1-3,text,true,,3259,394,5,5,http://api.demo.com/api/inventory,137,0,3
1765098104403,90,HTTP Request - /api/checkout,200,OK,Thread Group 1-4,text,true,,2742,358,5,5,http://api.demo.com/api/checkout,90,0,8
1765098104489,150,HTTP Request - /api/users,200,OK,Thread Group 1-5,text,true,,1550,430,5,5,http://api.demo.com/api/users,150,0,1
1765098104586,90,HTTP Request - /api/products,200,OK,Thread Group 1-1,text,true,,2262,373,5,5,http://api.demo.com/api/products,90,0,7
1765098104669,117,HTTP Request - /api/orders,200,OK,Thread Group 1-2,text,true,,2313,341,5,5,http://api.demo.com/api/orders,117,0,7
1765098104786,125,HTTP Request - /api/orders,200,OK,Thread Group 1-3,text,true,,3963,264,5,5,http://api.demo.com/api/orders,125,0,7
1765098104880,83,HTTP Request - /api/checkout,200,OK,Thread Group 1-4,text,true,,2525,420,5,5,http://api.demo.com/api/checkout,83,0,6
1765098104978,87,HTTP Request - /api/orders,200,OK,Thread Group 1-5,text,true,,1714,435,5,5,http://api.demo.com/api/orders,87,0,2
1765098105085,133,HTTP Request - /api/inventory,200,OK,Thread Group 1-1,text,true,,2623,307,5,5,http://api.demo.com/api/inventory,133,0,6
1765098105167,140,HTTP Request - /api/inventory,200,OK,Thread Group 1-2,text,true,,3656,355,5,5,http://api.demo.com/api/inventory,140,0,5
1765098105260,117,HTTP Request - /api/checkout,200,OK,Thread Group 1-3,text,true,,1437,287,5,5,http://api.demo.com/api/checkout,117,0,2
1765098105355,100,HTTP Request - /api/checkout,200,OK,Thread Group 1-4,text,true,,2202,484,5,5,http://api.demo.com/api/checkout,100,0,2
1765098105459,121,HTTP Request - /api/products,200,OK,Thread Group 1-5,text,true,,2452,491,5,5,http://api.demo.com/api/products,121,0,1
1765098105559,100,HTTP Request - /api/checkout,200,OK,Thread Group 1-1,text,true,,2549,265,5,5,http://api.demo.com/api/checkout,100,0,6
1765098105667,112,HTTP Request - /api/users,200,OK,Thread Group 1-2,text,true,,2968,494,5,5,http://api.demo.com/api/users,112,0,9
1765098105785,104,HTTP Request - /api/orders,200,OK,Thread Group 1-3,text,true,,2177,408,5,5,http://api.demo.com/api/orders,104,0,8
1765098105867,92,HTTP Request - /api/products,200,OK,Thread Group 1-4,text,true,,4024,396,5,5,http://api.demo.com/api/products,92,0,9
1765098105972,103,HTTP Request - /api/products,200,OK,Thread Group 1-5,text,true,,1498,492,5,5,http://api.demo.com/api/products,103,0,6
1765098106092,138,HTTP Request - /api/products,200,OK,Thread Group 1-1,text,true,,3532,458,5,5,http://api.demo.com/api/products,138,0,1
1765098106199,140,HTTP Request - /api/orders,200,OK,Thread Group 1-2,text,true,,3126,337,5,5,http://api.demo.com/api/orders,140,0,1
1765098106301,137,HTTP Request - /api/products,200,OK,Thread Group 1-3,text,true,,3081,404,5,5,http://api.demo.com/api/products,137,0,4
1765098106399,106,HTTP Request - /api/orders,200,OK,Thread Group 1-4,text,true,,2472,438,5,5,http://api.demo.com/api/orders,106,0,2
1765098106479,101,HTTP Request - /api/inventory,200,OK,Thread Group 1-5,text,true,,2247,453,5,5,http://api.demo.com/api/inventory,101,0,5
1765098106585,129,HTTP Request - /api/users,200,OK,Thread Group 1-1,text,true,,3861,435,5,5,http://api.demo.com/api/users,129,0,9
1765098106698,94,HTTP Request - /api/checkout,200,OK,Thread Group 1-2,text,true,,2343,301,5,5,http://api.demo.com/api/checkout,94,0,7
1765098106798,112,HTTP Request - /api/checkout,200,OK,Thread Group 1-3,text,true,,3877,445,5,5,http://api.demo.com/api/checkout,112,0,6
1765098106913,110,HTTP Request - /api/orders,200,OK,Thread Group 1-4,text,true,,2610,477,5,5,http://api.demo.com/api/orders,110,0,10
1765098107033,106,HTTP Request - /api/orders,200,OK,Thread Group 1-5,text,true,,2125,436,5,5,http://api.demo.com/api/orders,106,0,5
1765098107113,113,HTTP Request - /api/orders,200,OK,Thread Group 1-1,text,true,,1171,483,5,5,http://api.demo.com/api/orders,113,0,1
1765098107194,130,HTTP Request - /api/products,200,OK,Thread Group 1-2,text,true,,1592,370,5,5,http://api.demo.com/api/products,130,0,3
1765098107296,124,HTTP Request - /api/products,200,OK,Thread Group 1-3,text,true,,1671,401,5,5,http://api.demo.com/api/products,124,0,9
1765098107399,116,HTTP Request - /api/checkout,200,OK,Thread Group 1-4,text,true,,2511,410,5,5,http://api.demo.com/api/checkout,116,0,8
1765098107510,129,HTTP Request - /api/users,200,OK,Thread Group 1-5,text,true,,2289,275,5,5,http://api.demo.com/api/users,129,0,2
1765098107630,144,HTTP Request - /api/checkout,200,OK,Thread Group 1-1,text,true,,3213,449,5,5,http://api.demo.com/api/checkout,144,0,8
1765098107726,86,HTTP Request - /api/inventory,200,OK,Thread Group 1-2,text,true,,2448,392,5,5,http://api.demo.com/api/inventory,86,0,4
1765098107836,129,HTTP Request - /api/inventory,200,OK,Thread Group 1-3,text,true,,2606,494,5,5,http://api.demo.com/api/inventory,129,0,10
1765098107956,133,HTTP Request - /api/users,200,OK,Thread Group 1-4,text,true,,2329,497,5,5,http://api.demo.com/api/users,133,0,5
1765098108040,121,HTTP Request - /api/products,200,OK,Thread Group 1-5,text,true,,1772,491,5,5,http://api.demo.com/api/products,121,0,5
1765098108131,115,HTTP Request - /api/products,200,OK,Thread Group 1-1,text,true,,3052,284,5,5,http://api.demo.com/api/products,115,0,9
1765098108247,139,HTTP Request - /api/checkout,200,OK,Thread Group 1-2,text,true,,2107,426,5,5,http://api.demo.com/api/checkout,139,0,1
1765098108347,111,HTTP Request - /api/orders,200,OK,Thread Group 1-3,text,true,,3037,277,5,5,http://api.demo.com/api/orders,111,0,4
1765098108436,148,HTTP Request - /api/orders,200,OK,Thread Group 1-4,text,true,,3267,315,5,5,http://api.demo.com/api/orders,148,0,5
1765098108542,101,HTTP Request - /api/inventory,200,OK,Thread Group 1-5,text,true,,1731,358,5,5,http://api.demo.com/api/inventory,101,0,1
1765098108660,118,HTTP Request - /api/inventory,200,OK,Thread Group 1-1,text,true,,3676,450,5,5,http://api.demo.com/api/inventory,118,0,1
1765098108762,121,HTTP Request - /api/products,200,OK,Thread Group 1-2,text,true,,3376,314,5,5,http://api.demo.com/api/products,121,0,5
1765098108854,83,HTTP Request - /api/inventory,200,OK,Thread Group 1-3,text,true,,3704,351,5,5,http://api.demo.com/api/inventory,83,0,4
1765098108935,145,HTTP Request - /api/users,200,OK,Thread Group 1-4,text,true,,3581,377,5,5,http://api.demo.com/api/users,145,0,10
1765098109025,90,HTTP Request - /api/inventory,200,OK,Thread Group 1-5,text,true,,4035,427,5,5,http://api.demo.com/api/inventory,90,0,2
1765098109118,134,HTTP Request - /api/users,200,OK,Thread Group 1-1,text,true,,2123,441,5,5,http://api.demo.com/api/users,134,0,4
1765098109217,127,HTTP Request - /api/inventory,200,OK,Thread Group 1-2,text,true,,1988,472,5,5,http://api.demo.com/api/inventory,127,0,1
1765098109303,85,HTTP Request - /api/inventory,200,OK,Thread Group 1-3,text,true,,3877,464,5,5,http://api.demo.com/api/inventory,85,0,2
1765098109415,106,HTTP Request - /api/inventory,200,OK,Thread Group 1-4,text,true,,3482,274,5,5,http://api.demo.com/api/inventory,106,0,5
1765098109505,126,HTTP Request - /api/orders,200,OK,Thread Group 1-5,text,true,,3587,454,5,5,http://api.demo.com/api/orders,126,0,10
1765098109619,145,HTTP Request - /api/users,200,OK,Thread Group 1-1,text,true,,3898,344,5,5,http://api.demo.com/api/users,145,0,9
1765098109707,128,HTTP Request - /api/users,200,OK,Thread Group 1-2,text,true,,3076,498,5,5,http://api.demo.com/api/users,128,0,3
1765098109805,112,HTTP Request - /api/checkout,200,OK,Thread Group 1-3,text,true,,3894,267,5,5,http://api.demo.com/api/checkout,112,0,6
1765098109890,117,HTTP Request - /api/orders,200,OK,Thread Group 1-4,text,true,,1775,269,5,5,http://api.demo.com/api/orders,117,0,1
1765098110010,103,HTTP Request - /api/inventory,200,OK,Thread Group 1-5,text,true,,2536,318,5,5,http://api.demo.com/api/inventory,103,0,4
1765098110122,135,HTTP Request - /api/users,200,OK,Thread Group 1-1,text,true,,1165,326,5,5,http://api.demo.com/api/users,135,0,4
1765098110232,125,HTTP Request - /api/checkout,200,OK,Thread Group 1-2,text,true,,1165,399,5,5,http://api.demo.com/api/checkout,125,0,2
1765098110339,100,HTTP Request - /api/users,200,OK,Thread Group 1-3,text,true,,2094,361,5,5,http://api.demo.com/api/users,100,0,2
1765098110458,89,HTTP Request - /api/products,200,OK,Thread Group 1-4,text,true,,2598,365,5,5,http://api.demo.com/api/products,89,0,2
1765098110560,104,HTTP Request - /api/checkout,200,OK,Thread Group 1-5,text,true,,1658,464,5,5,http://api.demo.com/api/checkout,104,0,7
1765098110677,106,HTTP Request - /api/orders,200,OK,Thread Group 1-1,text,true,,1577,406,5,5,http://api.demo.com/api/orders,106,0,10
1765098110788,126,HTTP Request - /api/products,200,OK,Thread Group 1-2,text,true,,3148,318,5,5,http://api.demo.com/api/products,126,0,5
1765098110894,141,HTTP Request - /api/users,200,OK,Thread Group 1-3,text,true,,3949,368,5,5,http://api.demo.com/api/users,141,0,9
1765098110991,138,HTTP Request - /api/inventory,200,OK,Thread Group 1-4,text,true,,3680,433,5,5,http://api.demo.com/api/inventory,138,0,6
1765098111094,141,HTTP Request - /api/users,200,OK,Thread Group 1-5,text,true,,1261,388,5,5,http://api.demo.com/api/users,141,0,8
1765098111188,90,HTTP Request - /api/checkout,200,OK,Thread Group 1-1,text,true,,2312,269,5,5,http://api.demo.com/api/checkout,90,0,10
1765098111294,118,HTTP Request - /api/inventory,200,OK,Thread Group 1-2,text,true,,3104,331,5,5,http://api.demo.com/api/inventory,118,0,2
1765098111400,150,HTTP Request - /api/products,200,OK,Thread Group 1-3,text,true,,3726,479,5,5,http://api.demo.com/api/products,150,0,1
1765098111497,135,HTTP Request - /api/users,200,OK,Thread Group 1-4,text,true,,2718,319,5,5,http://api.demo.com/api/users,135,0,9
1765098111607,145,HTTP Request - /api/products,200,OK,Thread Group 1-5,text,true,,2025,409,5,5,http://api.demo.com/api/products,145,0,6
1765098111696,132,HTTP Request - /api/users,200,OK,Thread Group 1-1,text,true,,3581,508,5,5,http://api.demo.com/api/users,132,0,8
1765098111815,91,HTTP Request - /api/orders,200,OK,Thread Group 1-2,text,true,,4032,400,5,5,http://api.demo.com/api/orders,91,0,8
1765098111924,87,HTTP Request - /api/inventory,200,OK,Thread Group 1-3,text,true,,3528,267,5,5,http://api.demo.com/api/inventory,87,0,8
1765098112009,89,HTTP Request - /api/products,200,OK,Thread Group 1-4,text,true,,3776,332,5,5,http://api.demo.com/api/products,89,0,6
1765098112129,142,HTTP Request - /api/products,200,OK,Thread Group 1-5,text,true,,3706,339,5,5,http://api.demo.com/api/products,142,0,9
1765098112245,123,HTTP Request - /api/products,200,OK,Thread Group 1-1,text,true,,2380,356,5,5,http://api.demo.com/api/products,123,0,2
1765098112339,115,HTTP Request - /api/orders,200,OK,Thread Group 1-2,text,true,,2725,388,5,5,http://api.demo.com/api/orders,115,0,2
1765098112428,126,HTTP Request - /api/inventory,200,OK,Thread Group 1-3,text,true,,3733,336,5,5,http://api.demo.com/api/inventory,126,0,10
1765098112536,141,HTTP Request - /api/inventory,200,OK,Thread Group 1-4,text,true,,3260,439,5,5,http://api.demo.com/api/inventory,141,0,3
1765098112634,132,HTTP Request - /api/checkout,200,OK,Thread Group 1-5,text,true,,2445,360,5,5,http://api.demo.com/api/checkout,132,0,4
1765098112743,129,HTTP Request - /api/products,200,OK,Thread Group 1-1,text,true,,2508,301,5,5,http://api.demo.com/api/products,129,0,1
1765098112827,96,HTTP Request - /api/products,200,OK,Thread Group 1-2,text,true,,1878,426,5,5,http://api.demo.com/api/products,96,0,10
1765098112916,83,HTTP Request - /api/products,200,OK,Thread Group 1-3,text,true,,1038,439,5,5,http://api.demo.com/api/products,83,0,8
1765098113014,132,HTTP Request - /api/checkout,200,OK,Thread Group 1-4,text,true,,1985,297,5,5,http://api.demo.com/api/checkout,132,0,3
1765098113104,91,HTTP Request - /api/checkout,200,OK,Thread Group 1-5,text,true,,2476,312,5,5,http://api.demo.com/api/checkout,91,0,1
1765098113188,80,HTTP Request - /api/users,200,OK,Thread Group 1-1,text,true,,2589,301,5,5,http://api.demo.com/api/users,80,0,1
1765098113274,129,HTTP Request - /api/orders,200,OK,Thread Group 1-2,text,true,,1280,420,5,5,http://api.demo.com/api/orders,129,0,2
1765098113378,121,HTTP Request - /api/users,200,OK,Thread Group 1-3,text,true,,1421,373,5,5,http://api.demo.com/api/users,121,0,3
1765098113480,147,HTTP Request - /api/checkout,200,OK,Thread Group 1-4,text,true,,3121,337,5,5,http://api.demo.com/api/checkout,147,0,4
1765098113596,105,HTTP Request - /api/inventory,200,OK,Thread Group 1-5,text,true,,3477,310,5,5,http://api.demo.com/api/inventory,105,0,7
1765098113696,123,HTTP Request - /api/products,200,OK,Thread Group 1-1,text,true,,1654,413,5,5,http://api.demo.com/api/products,123,0,9
1765098113779,120,HTTP Request - /api/orders,200,OK,Thread Group 1-2,text,true,,2897,410,5,5,http://api.demo.com/api/orders,120,0,7
1765098113896,81,HTTP Request - /api/inventory,200,OK,Thread Group 1-3,text,true,,1175,337,5,5,http://api.demo.com/api/inventory,81,0,9
1765098113988,122,HTTP Request - /api/inventory,200,OK,Thread Group 1-4,text,true,,2500,309,5,5,http://api.demo.com/api/inventory,122,0,5
1765098114078,105,HTTP Request - /api/orders,200,OK,Thread Group 1-5,text,true,,1094,373,5,5,http://api.demo.com/api/orders,105,0,2
1765098114171,146,HTTP Request - /api/orders,200,OK,Thread Group 1-1,text,true,,3958,345,5,5,http://api.demo.com/api/orders,146,0,10
1765098114258,107,HTTP Request - /api/users,200,OK,Thread Group 1-2,text,true,,3424,328,5,5,http://api.demo.com/api/users,107,0,6
1765098114362,97,HTTP Request - /api/products,200,OK,Thread Group 1-3,text,true,,2541,387,5,5,http://api.demo.com/api/products,97,0,7
1765098114456,141,HTTP Request - /api/products,200,OK,Thread Group 1-4,text,true,,3995,380,5,5,http://api.demo.com/api/products,141,0,2
1765098114546,146,HTTP Request - /api/products,200,OK,Thread Group 1-5,text,true,,2968,452,5,5,http://api.demo.com/api/products,146,0,4
1765098114647,147,HTTP Request - /api/products,200,OK,Thread Group 1-1,text,true,,3696,280,5,5,http://api.demo.com/api/products,147,0,9
1765098114742,93,HTTP Request - /api/checkout,200,OK,Thread Group 1-2,text,true,,2303,304,5,5,http://api.demo.com/api/checkout,93,0,1
1765098114842,102,HTTP Request - /api/checkout,200,OK,Thread Group 1-3,text,true,,1406,482,5,5,http://api.demo.com/api/checkout,102,0,7
1765098114947,98,HTTP Request - /api/orders,200,OK,Thread Group 1-4,text,true,,3110,413,5,5,http://api.demo.com/api/orders,98,0,3
1765098115034,99,HTTP Request - /api/inventory,200,OK,Thread Group 1-5,text,true,,1282,259,5,5,http://api.demo.com/api/inventory,99,0,4
1765098115127,107,HTTP Request - /api/products,200,OK,Thread Group 1-1,text,true,,3757,291,5,5,http://api.demo.com/api/products,107,0,9
1765098115231,125,HTTP Request - /api/users,200,OK,Thread Group 1-2,text,true,,1296,414,5,5,http://api.demo.com/api/users,125,0,1
1765098115328,144,HTTP Request - /api/inventory,200,OK,Thread Group 1-3,text,true,,2932,290,5,5,http://api.demo.com/api/inventory,144,0,9
1765098115447,84,HTTP Request - /api/orders,200,OK,Thread Group 1-4,text,true,,1326,273,5,5,http://api.demo.com/api/orders,84,0,3
1765098115565,124,HTTP Request - /api/checkout,200,OK,Thread Group 1-5,text,true,,3915,372,5,5,http://api.demo.com/api/checkout,124,0,4
1765098115645,128,HTTP Request - /api/orders,200,OK,Thread Group 1-1,text,true,,3373,422,5,5,http://api.demo.com/api/orders,128,0,5
1765098115738,99,HTTP Request - /api/products,200,OK,Thread Group 1-2,text,true,,2629,258,5,5,http://api.demo.com/api/products,99,0,6
1765098115845,96,HTTP Request - /api/orders,200,OK,Thread Group 1-3,text,true,,1170,380,5,5,http://api.demo.com/api/orders,96,0,4
1765098115941,135,HTTP Request - /api/inventory,200,OK,Thread Group 1-4,text,true,,3024,309,5,5,http://api.demo.com/api/inventory,135,0,5
1765098116056,81,HTTP Request - /api/orders,200,OK,Thread Group 1-5,text,true,,1922,325,5,5,http://api.demo.com/api/orders,81,0,2
1765098116137,88,HTTP Request - /api/checkout,200,OK,Thread Group 1-1,text,true,,4018,343,5,5,http://api.demo.com/api/checkout,88,0,3
1765098116255,150,HTTP Request - /api/orders,200,OK,Thread Group 1-2,text,true,,3762,401,5,5,http://api.demo.com/api/orders,150,0,10
1765098116345,116,HTTP Request - /api/products,200,OK,Thread Group 1-3,text,true,,2934,336,5,5,http://api.demo.com/api/products,116,0,1
1765098116446,110,HTTP Request - /api/orders,200,OK,Thread Group 1-4,text,true,,3043,453,5,5,http://api.demo.com/api/orders,110,0,8
1765098116557,142,HTTP Request - /api/orders,200,OK,Thread Group 1-5,text,true,,1956,473,5,5,http://api.demo.com/api/orders,142,0,4
1765098116677,122,HTTP Request - /api/products,200,OK,Thread Group 1-1,text,true,,3560,379,5,5,http://api.demo.com/api/products,122,0,2
1765098116789,132,HTTP Request - /api/products,200,OK,Thread Group 1-2,text,true,,3958,462,5,5,http://api.demo.com/api/products,132,0,7
1765098116891,97,HTTP Request - /api/users,200,OK,Thread Group 1-3,text,true,,1770,329,5,5,http://api.demo.com/api/users,97,0,8
1765098117010,99,HTTP Request - /api/products,200,OK,Thread Group 1-4,text,true,,1681,344,5,5,http://api.demo.com/api/products,99,0,7
1765098117096,145,HTTP Request - /api/users,200,OK,Thread Group 1-5,text,true,,1859,317,5,5,http://api.demo.com/api/users,145,0,4
1765098117192,144,HTTP Request - /api/users,200,OK,Thread Group 1-1,text,true,,2592,388,5,5,http://api.demo.com/api/users,144,0,8
1765098117277,97,HTTP Request - /api/inventory,200,OK,Thread Group 1-2,text,true,,2409,282,5,5,http://api.demo.com/api/inventory,97,0,1
1765098117358,132,HTTP Request - /api/users,200,OK,Thread Group 1-3,text,true,,2975,273,5,5,http://api.demo.com/api/users,132,0,8
1765098117467,145,HTTP Request - /api/inventory,200,OK,Thread Group 1-4,text,true,,3108,450,5,5,http://api.demo.com/api/inventory,145,0,4
1765098117566,88,HTTP Request - /api/inventory,200,OK,Thread Group 1-5,text,true,,1834,275,5,5,http://api.demo.com/api/inventory,88,0,3
1765098117649,124,HTTP Request - /api/inventory,200,OK,Thread Group 1-1,text,true,,4084,385,5,5,http://api.demo.com/api/inventory,124,0,5
1765098117755,82,HTTP Request - /api/checkout,200,OK,Thread Group 1-2,text,true,,3949,438,5,5,http://api.demo.com/api/checkout,82,0,5
1765098117854,90,HTTP Request - /api/inventory,200,OK,Thread Group 1-3,text,true,,3311,463,5,5,http://api.demo.com/api/inventory,90,0,3
1765098117954,108,HTTP Request - /api/checkout,200,OK,Thread Group 1-4,text,true,,2266,365,5,5,http://api.demo.com/api/checkout,108,0,2
1765098118055,81,HTTP Request - /api/products,200,OK,Thread Group 1-5,text,true,,2496,277,5,5,http://api.demo.com/api/products,81,0,9
1765098118174,136,HTTP Request - /api/orders,200,OK,Thread Group 1-1,text,true,,1944,420,5,5,http://api.demo.com/api/orders,136,0,3
1765098118267,145,HTTP Request - /api/checkout,200,OK,Thread Group 1-2,text,true,,3030,443,5,5,http://api.demo.com/api/checkout,145,0,7
1765098118356,84,HTTP Request - /api/inventory,200,OK,Thread Group 1-3,text,true,,1078,328,5,5,http://api.demo.com/api/inventory,84,0,5
1765098118461,139,HTTP Request - /api/products,200,OK,Thread Group 1-4,text,true,,2180,332,5,5,http://api.demo.com/api/products,139,0,7
1765098118578,132,HTTP Request - /api/checkout,200,OK,Thread Group 1-5,text,true,,2644,342,5,5,http://api.demo.com/api/checkout,132,0,4
1765098118697,146,HTTP Request - /api/users,200,OK,Thread Group 1-1,text,true,,4068,295,5,5,http://api.demo.com/api/users,146,0,2
1765098118814,149,HTTP Request - /api/inventory,200,OK,Thread Group 1-2,text,true,,1359,304,5,5,http://api.demo.com/api/inventory,149,0,8
1765098118902,86,HTTP Request - /api/checkout,200,OK,Thread Group 1-3,text,true,,2111,400,5,5,http://api.demo.com/api/checkout,86,0,8
1765098119016,139,HTTP Request - /api/products,200,OK,Thread Group 1-4,text,true,,3854,382,5,5,http://api.demo.com/api/products,139,0,3
1765098119128,91,HTTP Request - /api/products,200,OK,Thread Group 1-5,text,true,,1171,512,5,5,http://api.demo.com/api/products,91,0,9
1765098119225,121,HTTP Request - /api/orders,200,OK,Thread Group 1-1,text,true,,3000,341,5,5,http://api.demo.com/api/orders,121,0,3
1765098119338,132,HTTP Request - /api/inventory,200,OK,Thread Group 1-2,text,true,,3048,488,5,5,http://api.demo.com/api/inventory,132,0,1
1765098119439,141,HTTP Request - /api/users,200,OK,Thread Group 1-3,text,true,,2062,375,5,5,http://api.demo.com/api/users,141,0,4
1765098119554,96,HTTP Request - /api/products,200,OK,Thread Group 1-4,text,true,,3840,310,5,5,http://api.demo.com/api/products,96,0,2
1765098119671,89,HTTP Request - /api/users,200,OK,Thread Group 1-5,text,true,,3320,429,5,5,http://api.demo.com/api/users,89,0,4
1765098119778,100,HTTP Request - /api/orders,200,OK,Thread Group 1-1,text,true,,2299,498,5,5,http://api.demo.com/api/orders,100,0,4
1765098119892,137,HTTP Request - /api/users,200,OK,Thread Group 1-2,text,true,,2885,479,5,5,http://api.demo.com/api/users,137,0,1
1765098119995,109,HTTP Request - /api/products,200,OK,Thread Group 1-3,text,true,,2898,478,5,5,http://api.demo.com/api/products,109,0,8
1765098120081,144,HTTP Request - /api/orders,200,OK,Thread Group 1-4,text,true,,3505,473,5,5,http://api.demo.com/api/orders,144,0,8
1765098120171,133,HTTP Request - /api/orders,200,OK,Thread Group 1-5,text,true,,1882,483,5,5,http://api.demo.com/api/orders,133,0,7
1765098120267,113,HTTP Request - /api/users,200,OK,Thread Group 1-1,text,true,,1275,405,5,5,http://api.demo.com/api/users,113,0,3
1765098120382,143,HTTP Request - /api/inventory,200,OK,Thread Group 1-2,text,true,,4061,257,5,5,http://api.demo.com/api/inventory,143,0,5
1765098120480,97,HTTP Request - /api/products,200,OK,Thread Group 1-3,text,true,,1319,444,5,5,http://api.demo.com/api/products,97,0,4
1765098120578,112,HTTP Request - /api/orders,200,OK,Thread Group 1-4,text,true,,3447,259,5,5,http://api.demo.com/api/orders,112,0,5
1765098120670,141,HTTP Request - /api/checkout,200,OK,Thread Group 1-5,text,true,,1409,428,5,5,http://api.demo.com/api/checkout,141,0,4
1765098120783,100,HTTP Request - /api/orders,200,OK,Thread Group 1-1,text,true,,2440,404,5,5,http://api.demo.com/api/orders,100,0,3
1765098120888,105,HTTP Request - /api/users,200,OK,Thread Group 1-2,text,true,,3527,412,5,5,http://api.demo.com/api/users,105,0,2
1765098120989,118,HTTP Request - /api/products,200,OK,Thread Group 1-3,text,true,,3158,485,5,5,http://api.demo.com/api/products,118,0,1
1765098121096,122,HTTP Request - /api/inventory,200,OK,Thread Group 1-4,text,true,,3892,498,5,5,http://api.demo.com/api/inventory,122,0,7
1765098121188,89,HTTP Request - /api/products,200,OK,Thread Group 1-5,text,true,,1586,440,5,5,http://api.demo.com/api/products,89,0,1
1765098121272,149,HTTP Request - /api/products,200,OK,Thread Group 1-1,text,true,,1097,340,5,5,http://api.demo.com/api/products,149,0,8
1765098121378,137,HTTP Request - /api/products,200,OK,Thread Group 1-2,text,true,,2490,316,5,5,http://api.demo.com/api/products,137,0,5
1765098121494,109,HTTP Request - /api/inventory,200,OK,Thread Group 1-3,text,true,,3577,400,5,5,http://api.demo.com/api/inventory,109,0,7
1765098121585,109,HTTP Request - /api/orders,200,OK,Thread Group 1-4,text,true,,2576,343,5,5,http://api.demo.com/api/orders,109,0,2
1765098121674,130,HTTP Request - /api/users,200,OK,Thread Group 1-5,text,true,,2909,273,5,5,http://api.demo.com/api/users,130,0,9
1765098121761,141,HTTP Request - /api/users,200,OK,Thread Group 1-1,text,true,,2288,411,5,5,http://api.demo.com/api/users,141,0,2
1765098121842,143,HTTP Request - /api/orders,200,OK,Thread Group 1-2,text,true,,2158,461,5,5,http://api.demo.com/api/orders,143,0,5
1765098121942,142,HTTP Request - /api/products,200,OK,Thread Group 1-3,text,true,,1702,409,5,5,http://api.demo.com/api/products,142,0,7
1765098122052,102,HTTP Request - /api/checkout,200,OK,Thread Group 1-4,text,true,,1418,366,5,5,http://api.demo.com/api/checkout,102,0,1
1765098122165,98,HTTP Request - /api/checkout,200,OK,Thread Group 1-5,text,true,,3987,258,5,5,http://api.demo.com/api/checkout,98,0,3
1765098122272,91,HTTP Request - /api/checkout,200,OK,Thread Group 1-1,text,true,,2346,414,5,5,http://api.demo.com/api/checkout,91,0,7
1765098122357,84,HTTP Request - /api/checkout,200,OK,Thread Group 1-2,text,true,,2226,276,5,5,http://api.demo.com/api/checkout,84,0,1
1765098122472,132,HTTP Request - /api/users,200,OK,Thread Group 1-3,text,true,,1970,323,5,5,http://api.demo.com/api/users,132,0,2
1765098122584,89,HTTP Request - /api/checkout,200,OK,Thread Group 1-4,text,true,,1233,478,5,5,http://api.demo.com/api/checkout,89,0,9
1765098122672,131,HTTP Request - /api/checkout,200,OK,Thread Group 1-5,text,true,,3617,353,5,5,http://api.demo.com/api/checkout,131,0,7
1765098122781,101,HTTP Request - /api/users,200,OK,Thread Group 1-1,text,true,,2667,426,5,5,http://api.demo.com/api/users,101,0,3
1765098122862,140,HTTP Request - /api/users,200,OK,Thread Group 1-2,text,true,,1286,499,5,5,http://api.demo.com/api/users,140,0,1
1765098122961,143,HTTP Request - /api/users,200,OK,Thread Group 1-3,text,true,,2541,269,5,5,http://api.demo.com/api/users,143,0,1
1765098123049,93,HTTP Request - /api/inventory,200,OK,Thread Group 1-4,text,true,,3418,285,5,5,http://api.demo.com/api/inventory,93,0,7
1765098123138,117,HTTP Request - /api/users,200,OK,Thread Group 1-5,text,true,,2242,309,5,5,http://api.demo.com/api/users,117,0,8
1765098123256,132,HTTP Request - /api/checkout,200,OK,Thread Group 1-1,text,true,,2299,344,5,5,http://api.demo.com/api/checkout,132,0,10
1765098123354,85,HTTP Request - /api/orders,200,OK,Thread Group 1-2,text,true,,1432,427,5,5,http://api.demo.com/api/orders,85,0,9
1765098123459,126,HTTP Request - /api/users,200,OK,Thread Group 1-3,text,true,,3879,304,5,5,http://api.demo.com/api/users,126,0,1
1765098123549,146,HTTP Request - /api/orders,200,OK,Thread Group 1-4,text,true,,1315,423,5,5,http://api.demo.com/api/orders,146,0,9
1765098123651,113,HTTP Request - /api/users,200,OK,Thread Group 1-5,text,true,,3132,511,5,5,http://api.demo.com/api/users,113,0,1
1765098123755,134,HTTP Request - /api/checkout,200,OK,Thread Group 1-1,text,true,,1045,395,5,5,http://api.demo.com/api/checkout,134,0,2
1765098123843,144,HTTP Request - /api/orders,200,OK,Thread Group 1-2,text,true,,3219,298,5,5,http://api.demo.com/api/orders,144,0,9
1765098123959,133,HTTP Request - /api/products,200,OK,Thread Group 1-3,text,true,,4067,320,5,5,http://api.demo.com/api/products,133,0,1
1765098124052,131,HTTP Request - /api/inventory,200,OK,Thread Group 1-4,text,true,,2211,498,5,5,http://api.demo.com/api/inventory,131,0,3
1765098124163,144,HTTP Request - /api/products,200,OK,Thread Group 1-5,text,true,,3725,371,5,5,http://api.demo.com/api/products,144,0,9
1765098124265,150,HTTP Request - /api/checkout,200,OK,Thread Group 1-1,text,true,,1177,433,5,5,http://api.demo.com/api/checkout,150,0,7
1765098124381,116,HTTP Request - /api/checkout,200,OK,Thread Group 1-2,text,true,,3546,363,5,5,http://api.demo.com/api/checkout,116,0,1
1765098124498,129,HTTP Request - /api/products,200,OK,Thread Group 1-3,text,true,,1841,327,5,5,http://api.demo.com/api/products,129,0,3
1765098124615,89,HTTP Request - /api/orders,200,OK,Thread Group 1-4,text,true,,3151,499,5,5,http://api.demo.com/api/orders,89,0,3
1765098124721,113,HTTP Request - /api/checkout,200,OK,Thread Group 1-5,text,true,,2579,486,5,5,http://api.demo.com/api/checkout,113,0,6
1765098124828,81,HTTP Request - /api/checkout,200,OK,Thread Group 1-1,text,true,,1315,402,5,5,http://api.demo.com/api/checkout,81,0,6
1765098124934,91,HTTP Request - /api/users,200,OK,Thread Group 1-2,text,true,,1541,452,5,5,http://api.demo.com/api/users,91,0,6
1765098125054,128,HTTP Request - /api/inventory,200,OK,Thread Group 1-3,text,true,,3746,461,5,5,http://api.demo.com/api/inventory,128,0,9
1765098125148,96,HTTP Request - /api/users,200,OK,Thread Group 1-4,text,true,,1531,308,5,5,http://api.demo.com/api/users,96,0,1
1765098125252,86,HTTP Request - /api/checkout,200,OK,Thread Group 1-5,text,true,,2827,459,5,5,http://api.demo.com/api/checkout,86,0,7
1765098125335,123,HTTP Request - /api/orders,200,OK,Thread Group 1-1,text,true,,3161,299,5,5,http://api.demo.com/api/orders,123,0,2
1765098125436,81,HTTP Request - /api/users,200,OK,Thread Group 1-2,text,true,,2225,257,5,5,http://api.demo.com/api/users,81,0,8
1765098125552,108,HTTP Request - /api/checkout,200,OK,Thread Group 1-3,text,true,,1374,510,5,5,http://api.demo.com/api/checkout,108,0,7
1765098125668,80,HTTP Request - /api/products,200,OK,Thread Group 1-4,text,true,,3225,300,5,5,http://api.demo.com/api/products,80,0,1
1765098125769,103,HTTP Request - /api/inventory,200,OK,Thread Group 1-5,text,true,,3602,375,5,5,http://api.demo.com/api/inventory,103,0,8
1765098125859,89,HTTP Request - /api/checkout,200,OK,Thread Group 1-1,text,true,,3676,449,5,5,http://api.demo.com/api/checkout,89,0,9
1765098125950,136,HTTP Request - /api/checkout,200,OK,Thread Group 1-2,text,true,,2967,298,5,5,http://api.demo.com/api/checkout,136,0,10
1765098126039,132,HTTP Request - /api/products,200,OK,Thread Group 1-3,text,true,,1053,492,5,5,http://api.demo.com/api/products,132,0,6
1765098126140,88,HTTP Request - /api/orders,200,OK,Thread Group 1-4,text,true,,3040,392,5,5,http://api.demo.com/api/orders,88,0,5
1765098126222,106,HTTP Request - /api/inventory,200,OK,Thread Group 1-5,text,true,,1897,443,5,5,http://api.demo.com/api/inventory,106,0,10
1765098126328,123,HTTP Request - /api/inventory,200,OK,Thread Group 1-1,text,true,,3574,310,5,5,http://api.demo.com/api/inventory,123,0,6
1765098126447,99,HTTP Request - /api/users,200,OK,Thread Group 1-2,text,true,,2692,319,5,5,http://api.demo.com/api/users,99,0,9
1765098126529,127,HTTP Request - /api/orders,200,OK,Thread Group 1-3,text,true,,1393,298,5,5,http://api.demo.com/api/orders,127,0,5
1765098126638,100,HTTP Request - /api/checkout,200,OK,Thread Group 1-4,text,true,,3529,326,5,5,http://api.demo.com/api/checkout,100,0,2
1765098126719,90,HTTP Request - /api/inventory,200,OK,Thread Group 1-5,text,true,,3511,468,5,5,http://api.demo.com/api/inventory,90,0,10
1765098126819,138,HTTP Request - /api/users,200,OK,Thread Group 1-1,text,true,,2751,343,5,5,http://api.demo.com/api/users,138,0,9
1765098126907,89,HTTP Request - /api/orders,200,OK,Thread Group 1-2,text,true,,3945,434,5,5,http://api.demo.com/api/orders,89,0,4
1765098127008,89,HTTP Request - /api/inventory,200,OK,Thread Group 1-3,text,true,,2443,393,5,5,http://api.demo.com/api/inventory,89,0,5
1765098127108,85,HTTP Request - /api/users,200,OK,Thread Group 1-4,text,true,,2191,301,5,5,http://api.demo.com/api/users,85,0,4
1765098127205,95,HTTP Request - /api/products,200,OK,Thread Group 1-5,text,true,,2760,298,5,5,http://api.demo.com/api/products,95,0,7
1765098127298,145,HTTP Request - /api/checkout,200,OK,Thread Group 1-1,text,true,,2990,501,5,5,http://api.demo.com/api/checkout,145,0,4
1765098127400,108,HTTP Request - /api/inventory,200,OK,Thread Group 1-2,text,true,,1562,372,5,5,http://api.demo.com/api/inventory,108,0,9
1765098127492,107,HTTP Request - /api/products,200,OK,Thread Group 1-3,text,true,,1479,478,5,5,http://api.demo.com/api/products,107,0,7
1765098127598,105,HTTP Request - /api/checkout,200,OK,Thread Group 1-4,text,true,,1732,260,5,5,http://api.demo.com/api/checkout,105,0,3
1765098127713,91,HTTP Request - /api/orders,200,OK,Thread Group 1-5,text,true,,1721,443,5,5,http://api.demo.com/api/orders,91,0,9
1765098127799,148,HTTP Request - /api/checkout,200,OK,Thread Group 1-1,text,true,,3676,391,5,5,http://api.demo.com/api/checkout,148,0,5
1765098127894,149,HTTP Request - /api/products,200,OK,Thread Group 1-2,text,true,,2946,485,5,5,http://api.demo.com/api/products,149,0,10
1765098128000,130,HTTP Request - /api/orders,200,OK,Thread Group 1-3,text,true,,1738,470,5,5,http://api.demo.com/api/orders,130,0,7
1765098128118,122,HTTP Request - /api/products,200,OK,Thread Group 1-4,text,true,,1408,489,5,5,http://api.demo.com/api/products,122,0,4
1765098128225,115,HTTP Request - /api/inventory,200,OK,Thread Group 1-5,text,true,,3867,421,5,5,http://api.demo.com/api/inventory,115,0,8
1765098128324,96,HTTP Request - /api/inventory,200,OK,Thread Group 1-1,text,true,,1474,271,5,5,http://api.demo.com/api/inventory,96,0,7
1765098128406,131,HTTP Request - /api/checkout,200,OK,Thread Group 1-2,text,true,,3255,479,5,5,http://api.demo.com/api/checkout,131,0,8
1765098128511,99,HTTP Request - /api/checkout,200,OK,Thread Group 1-3,text,true,,3692,350,5,5,http://api.demo.com/api/checkout,99,0,1
1765098128612,99,HTTP Request - /api/users,200,OK,Thread Group 1-4,text,true,,1233,356,5,5,http://api.demo.com/api/users,99,0,6
1765098128716,90,HTTP Request - /api/products,200,OK,Thread Group 1-5,text,true,,3164,505,5,5,http://api.demo.com/api/products,90,0,9
1765098128802,122,HTTP Request - /api/orders,200,OK,Thread Group 1-1,text,true,,3026,420,5,5,http://api.demo.com/api/orders,122,0,7
1765098128885,147,HTTP Request - /api/inventory,200,OK,Thread Group 1-2,text,true,,2250,350,5,5,http://api.demo.com/api/inventory,147,0,2
1765098128982,108,HTTP Request - /api/checkout,200,OK,Thread Group 1-3,text,true,,2195,297,5,5,http://api.demo.com/api/checkout,108,0,7
1765098129076,134,HTTP Request - /api/products,200,OK,Thread Group 1-4,text,true,,2891,316,5,5,http://api.demo.com/api/products,134,0,8
1765098129178,107,HTTP Request - /api/users,200,OK,Thread Group 1-5,text,true,,3382,401,5,5,http://api.demo.com/api/users,107,0,8
1765098129258,83,HTTP Request - /api/orders,200,OK,Thread Group 1-1,text,true,,1211,276,5,5,http://api.demo.com/api/orders,83,0,4
1765098129355,104,HTTP Request - /api/checkout,200,OK,Thread Group 1-2,text,true,,1824,319,5,5,http://api.demo.com/api/checkout,104,0,10
1765098129467,115,HTTP Request - /api/users,200,OK,Thread Group 1-3,text,true,,1899,294,5,5,http://api.demo.com/api/users,115,0,10
1765098129559,132,HTTP Request - /api/products,200,OK,Thread Group 1-4,text,true,,2653,427,5,5,http://api.demo.com/api/products,132,0,6
1765098129675,88,HTTP Request - /api/users,200,OK,Thread Group 1-5,text,true,,1257,274,5,5,http://api.demo.com/api/users,88,0,8
1765098129779,127,HTTP Request - /api/checkout,200,OK,Thread Group 1-1,text,true,,2729,382,5,5,http://api.demo.com/api/checkout,127,0,1
1765098129873,120,HTTP Request - /api/products,200,OK,Thread Group 1-2,text,true,,3563,327,5,5,http://api.demo.com/api/products,120,0,3
1765098129984,144,HTTP Request - /api/products,200,OK,Thread Group 1-3,text,true,,1342,417,5,5,http://api.demo.com/api/products,144,0,4
1765098130080,126,HTTP Request - /api/inventory,200,OK,Thread Group 1-4,text,true,,4096,399,5,5,http://api.demo.com/api/inventory,126,0,8
1765098130192,107,HTTP Request - /api/inventory,200,OK,Thread Group 1-5,text,true,,1434,347,5,5,http://api.demo.com/api/inventory,107,0,5
1765098130309,86,HTTP Request - /api/orders,200,OK,Thread Group 1-1,text,true,,1795,373,5,5,http://api.demo.com/api/orders,86,0,5
1765098130422,122,HTTP Request - /api/orders,200,OK,Thread Group 1-2,text,true,,3871,434,5,5,http://api.demo.com/api/orders,122,0,8
1765098130502,99,HTTP Request - /api/products,200,OK,Thread Group 1-3,text,true,,3395,498,5,5,http://api.demo.com/api/products,99,0,5
1765098130606,88,HTTP Request - /api/products,200,OK,Thread Group 1-4,text,true,,1627,313,5,5,http://api.demo.com/api/products,88,0,7
1765098130691,147,HTTP Request - /api/products,200,OK,Thread Group 1-5,text,true,,1657,372,5,5,http://api.demo.com/api/products,147,0,5
1765098130794,89,HTTP Request - /api/inventory,200,OK,Thread Group 1-1,text,true,,2694,491,5,5,http://api.demo.com/api/inventory,89,0,3
1765098130911,94,HTTP Request - /api/checkout,200,OK,Thread Group 1-2,text,true,,2611,343,5,5,http://api.demo.com/api/checkout,94,0,7
1765098131029,112,HTTP Request - /api/checkout,200,OK,Thread Group 1-3,text,true,,2902,433,5,5,http://api.demo.com/api/checkout,112,0,9
1765098131139,102,HTTP Request - /api/inventory,200,OK,Thread Group 1-4,text,true,,2826,326,5,5,http://api.demo.com/api/inventory,102,0,10
1765098131235,116,HTTP Request - /api/orders,200,OK,Thread Group 1-5,text,true,,1235,314,5,5,http://api.demo.com/api/orders,116,0,8
1765098131315,144,HTTP Request - /api/users,200,OK,Thread Group 1-1,text,true,,3053,319,5,5,http://api.demo.com/api/users,144,0,3
1765098131411,124,HTTP Request - /api/users,200,OK,Thread Group 1-2,text,true,,4060,303,5,5,http://api.demo.com/api/users,124,0,2
1765098131515,127,HTTP Request - /api/checkout,200,OK,Thread Group 1-3,text,true,,1720,259,5,5,http://api.demo.com/api/checkout,127,0,10
1765098131612,133,HTTP Request - /api/orders,200,OK,Thread Group 1-4,text,true,,3912,505,5,5,http://api.demo.com/api/orders,133,0,5
1765098131713,144,HTTP Request - /api/users,200,OK,Thread Group 1-5,text,true,,3464,327,5,5,http://api.demo.com/api/users,144,0,7
1765098131799,116,HTTP Request - /api/inventory,200,OK,Thread Group 1-1,text,true,,1659,419,5,5,http://api.demo.com/api/inventory,116,0,8
1765098131915,118,HTTP Request - /api/checkout,200,OK,Thread Group 1-2,text,true,,2723,277,5,5,http://api.demo.com/api/checkout,118,0,10
1765098132014,107,HTTP Request - /api/products,200,OK,Thread Group 1-3,text,true,,3309,493,5,5,http://api.demo.com/api/products,107,0,5
1765098132117,136,HTTP Request - /api/users,200,OK,Thread Group 1-4,text,true,,1888,501,5,5,http://api.demo.com/api/users,136,0,6
1765098132197,131,HTTP Request - /api/users,200,OK,Thread Group 1-5,text,true,,1928,266,5,5,http://api.demo.com/api/users,131,0,8
1765098132316,148,HTTP Request - /api/products,200,OK,Thread Group 1-1,text,true,,3333,258,5,5,http://api.demo.com/api/products,148,0,3
1765098132432,150,HTTP Request - /api/users,200,OK,Thread Group 1-2,text,true,,1711,296,5,5,http://api.demo.com/api/users,150,0,1
1765098132538,132,HTTP Request - /api/orders,200,OK,Thread Group 1-3,text,true,,2666,309,5,5,http://api.demo.com/api/orders,132,0,4
1765098132639,141,HTTP Request - /api/products,200,OK,Thread Group 1-4,text,true,,2807,283,5,5,http://api.demo.com/api/products,141,0,6
1765098132744,100,HTTP Request - /api/users,200,OK,Thread Group 1-5,text,true,,3854,317,5,5,http://api.demo.com/api/users,100,0,8
1765098132839,84,HTTP Request - /api/products,200,OK,Thread Group 1-1,text,true,,2443,312,5,5,http://api.demo.com/api/products,84,0,7
1765098132942,108,HTTP Request - /api/products,200,OK,Thread Group 1-2,text,true,,2846,510,5,5,http://api.demo.com/api/products,108,0,1
1765098133039,124,HTTP Request - /api/orders,200,OK,Thread Group 1-3,text,true,,2972,327,5,5,http://api.demo.com/api/orders,124,0,4
1765098133158,128,HTTP Request - /api/users,200,OK,Thread Group 1-4,text,true,,1048,339,5,5,http://api.demo.com/api/users,128,0,8
1765098133246,95,HTTP Request - /api/checkout,200,OK,Thread Group 1-5,text,true,,2068,374,5,5,http://api.demo.com/api/checkout,95,0,2
1765098133332,109,HTTP Request - /api/orders,200,OK,Thread Group 1-1,text,true,,3829,265,5,5,http://api.demo.com/api/orders,109,0,2
1765098133424,144,HTTP Request - /api/checkout,200,OK,Thread Group 1-2,text,true,,2101,511,5,5,http://api.demo.com/api/checkout,144,0,10
1765098133518,140,HTTP Request - /api/checkout,200,OK,Thread Group 1-3,text,true,,3445,400,5,5,http://api.demo.com/api/checkout,140,0,8
1765098133599,87,HTTP Request - /api/orders,200,OK,Thread Group 1-4,text,true,,2138,491,5,5,http://api.demo.com/api/orders,87,0,4
1765098133712,86,HTTP Request - /api/orders,200,OK,Thread Group 1-5,text,true,,3983,327,5,5,http://api.demo.com/api/orders,86,0,6
1765098133799,116,HTTP Request - /api/users,200,OK,Thread Group 1-1,text,true,,1730,386,5,5,http://api.demo.com/api/users,116,0,5
1765098133917,125,HTTP Request - /api/checkout,200,OK,Thread Group 1-2,text,true,,3415,484,5,5,http://api.demo.com/api/checkout,125,0,10
1765098134009,90,HTTP Request - /api/orders,200,OK,Thread Group 1-3,text,true,,1620,321,5,5,http://api.demo.com/api/orders,90,0,8
1765098134126,106,HTTP Request - /api/users,200,OK,Thread Group 1-4,text,true,,1105,357,5,5,http://api.demo.com/api/users,106,0,4
1765098134216,148,HTTP Request - /api/inventory,200,OK,Thread Group 1-5,text,true,,2705,421,5,5,http://api.demo.com/api/inventory,148,0,8
1765098134320,118,HTTP Request - /api/orders,200,OK,Thread Group 1-1,text,true,,1753,458,5,5,http://api.demo.com/api/orders,118,0,7
1765098134410,110,HTTP Request - /api/products,200,OK,Thread Group 1-2,text,true,,3502,416,5,5,http://api.demo.com/api/products,110,0,5
1765098134501,103,HTTP Request - /api/products,200,OK,Thread Group 1-3,text,true,,1461,311,5,5,http://api.demo.com/api/products,103,0,2
1765098134595,105,HTTP Request - /api/products,200,OK,Thread Group 1-4,text,true,,3515,419,5,5,http://api.demo.com/api/products,105,0,4
1765098134700,120,HTTP Request - /api/orders,200,OK,Thread Group 1-5,text,true,,1330,341,5,5,http://api.demo.com/api/orders,120,0,6
1765098134818,136,HTTP Request - /api/products,200,OK,Thread Group 1-1,text,true,,4077,456,5,5,http://api.demo.com/api/products,136,0,5
1765098134929,140,HTTP Request - /api/users,200,OK,Thread Group 1-2,text,true,,2097,401,5,5,http://api.demo.com/api/users,140,0,2
1765098135035,89,HTTP Request - /api/inventory,200,OK,Thread Group 1-3,text,true,,3617,425,5,5,http://api.demo.com/api/inventory,89,0,5
1765098135126,108,HTTP Request - /api/products,200,OK,Thread Group 1-4,text,true,,2380,472,5,5,http://api.demo.com/api/products,108,0,3
1765098135236,122,HTTP Request - /api/users,200,OK,Thread Group 1-5,text,true,,1555,302,5,5,http://api.demo.com/api/users,122,0,1
1765098135320,114,HTTP Request - /api/orders,200,OK,Thread Group 1-1,text,true,,3760,321,5,5,http://api.demo.com/api/orders,114,0,1
1765098135440,100,HTTP Request - /api/users,200,OK,Thread Group 1-2,text,true,,1725,267,5,5,http://api.demo.com/api/users,100,0,6
1765098135548,115,HTTP Request - /api/orders,200,OK,Thread Group 1-3,text,true,,2840,271,5,5,http://api.demo.com/api/orders,115,0,3
1765098135661,104,HTTP Request - /api/users,200,OK,Thread Group 1-4,text,true,,1546,287,5,5,http://api.demo.com/api/users,104,0,2
1765098135781,116,HTTP Request - /api/orders,200,OK,Thread Group 1-5,text,true,,2096,434,5,5,http://api.demo.com/api/orders,116,0,7
1765098135899,97,HTTP Request - /api/checkout,200,OK,Thread Group 1-1,text,true,,1962,283,5,5,http://api.demo.com/api/checkout,97,0,7
1765098136013,118,HTTP Request - /api/checkout,200,OK,Thread Group 1-2,text,true,,3853,500,5,5,http://api.demo.com/api/checkout,118,0,5
1765098136104,112,HTTP Request - /api/users,200,OK,Thread Group 1-3,text,true,,4006,298,5,5,http://api.demo.com/api/users,112,0,8
1765098136214,126,HTTP Request - /api/products,200,OK,Thread Group 1-4,text,true,,3052,453,5,5,http://api.demo.com/api/products,126,0,5
1765098136300,85,HTTP Request - /api/inventory,200,OK,Thread Group 1-5,text,true,,1795,279,5,5,http://api.demo.com/api/inventory,85,0,2
1765098136403,129,HTTP Request - /api/orders,200,OK,Thread Group 1-1,text,true,,1086,354,5,5,http://api.demo.com/api/orders,129,0,7
1765098136483,87,HTTP Request - /api/checkout,200,OK,Thread Group 1-2,text,true,,1371,338,5,5,http://api.demo.com/api/checkout,87,0,1
1765098136599,104,HTTP Request - /api/orders,200,OK,Thread Group 1-3,text,true,,3789,284,5,5,http://api.demo.com/api/orders,104,0,8
1765098136712,122,HTTP Request - /api/inventory,200,OK,Thread Group 1-4,text,true,,2706,406,5,5,http://api.demo.com/api/inventory,122,0,4
1765098136804,127,HTTP Request - /api/users,200,OK,Thread Group 1-5,text,true,,3487,470,5,5,http://api.demo.com/api/users,127,0,10
1765098136903,123,HTTP Request - /api/orders,200,OK,Thread Group 1-1,text,true,,3111,305,5,5,http://api.demo.com/api/orders,123,0,7
1765098136989,115,HTTP Request - /api/users,200,OK,Thread Group 1-2,text,true,,3440,388,5,5,http://api.demo.com/api/users,115,0,6
1765098137087,110,HTTP Request - /api/inventory,200,OK,Thread Group 1-3,text,true,,3994,366,5,5,http://api.demo.com/api/inventory,110,0,6
1765098137197,131,HTTP Request - /api/inventory,200,OK,Thread Group 1-4,text,true,,3848,301,5,5,http://api.demo.com/api/inventory,131,0,3
1765098137316,119,HTTP Request - /api/orders,200,OK,Thread Group 1-5,text,true,,1385,456,5,5,http://api.demo.com/api/orders,119,0,6
1765098137396,118,HTTP Request - /api/users,200,OK,Thread Group 1-1,text,true,,2996,491,5,5,http://api.demo.com/api/users,118,0,9
1765098137477,97,HTTP Request - /api/products,200,OK,Thread Group 1-2,text,true,,1606,308,5,5,http://api.demo.com/api/products,97,0,6
1765098137588,99,HTTP Request - /api/inventory,200,OK,Thread Group 1-3,text,true,,3205,376,5,5,http://api.demo.com/api/inventory,99,0,10
1765098137674,135,HTTP Request - /api/inventory,200,OK,Thread Group 1-4,text,true,,3210,401,5,5,http://api.demo.com/api/inventory,135,0,8
1765098137768,126,HTTP Request - /api/inventory,200,OK,Thread Group 1-5,text,true,,3016,257,5,5,http://api.demo.com/api/inventory,126,0,2
1765098137850,141,HTTP Request - /api/checkout,200,OK,Thread Group 1-1,text,true,,3805,489,5,5,http://api.demo.com/api/checkout,141,0,5
1765098137965,3268,HTTP Request - /api/checkout,200,OK,Thread Group 1-2,text,true,,2502,475,5,5,http://api.demo.com/api/checkout,3268,0,3
1765098138062,86,HTTP Request - /api/orders,200,OK,Thread Group 1-3,text,true,,3695,502,5,5,http://api.demo.com/api/orders,86,0,1
1765098138178,101,HTTP Request - /api/inventory,200,OK,Thread Group 1-4,text,true,,1197,476,5,5,http://api.demo.com/api/inventory,101,0,10
1765098138273,85,HTTP Request - /api/products,200,OK,Thread Group 1-5,text,true,,3281,363,5,5,http://api.demo.com/api/products,85,0,8
1765098138355,148,HTTP Request - /api/products,200,OK,Thread Group 1-1,text,true,,2714,482,5,5,http://api.demo.com/api/products,148,0,10
1765098138470,97,HTTP Request - /api/orders,200,OK,Thread Group 1-2,text,true,,1379,335,5,5,http://api.demo.com/api/orders,97,0,3
1765098138589,122,HTTP Request - /api/inventory,200,OK,Thread Group 1-3,text,true,,1214,398,5,5,http://api.demo.com/api/inventory,122,0,5
1765098138703,3256,HTTP Request - /api/checkout,200,OK,Thread Group 1-4,text,true,,2253,463,5,5,http://api.demo.com/api/checkout,3256,0,2
1765098138799,86,HTTP Request - /api/inventory,200,OK,Thread Group 1-5,text,true,,3131,490,5,5,http://api.demo.com/api/inventory,86,0,5
1765098138880,4505,HTTP Request - /api/users,200,OK,Thread Group 1-1,text,true,,2173,498,5,5,http://api.demo.com/api/users,4505,0,8
1765098138991,103,HTTP Request - /api/checkout,200,OK,Thread Group 1-2,text,true,,3988,505,5,5,http://api.demo.com/api/checkout,103,0,4
1765098139078,95,HTTP Request - /api/products,200,OK,Thread Group 1-3,text,true,,2831,311,5,5,http://api.demo.com/api/products,95,0,10
1765098139185,130,HTTP Request - /api/products,200,OK,Thread Group 1-4,text,true,,3699,435,5,5,http://api.demo.com/api/products,130,0,5
1765098139268,4272,HTTP Request - /api/inventory,200,OK,Thread Group 1-5,text,true,,2222,436,5,5,http://api.demo.com/api/inventory,4272,0,8
1765098139388,86,HTTP Request - /api/users,200,OK,Thread Group 1-1,text,true,,1160,272,5,5,http://api.demo.com/api/users,86,0,10
1765098139506,89,HTTP Request - /api/inventory,200,OK,Thread Group 1-2,text,true,,1210,355,5,5,http://api.demo.com/api/inventory,89,0,2
1765098139619,3701,HTTP Request - /api/products,200,OK,Thread Group 1-3,text,true,,1222,427,5,5,http://api.demo.com/api/products,3701,0,1
1765098139732,4027,HTTP Request - /api/checkout,200,OK,Thread Group 1-4,text,true,,1468,380,5,5,http://api.demo.com/api/checkout,4027,0,7
1765098139838,3359,HTTP Request - /api/checkout,200,OK,Thread Group 1-5,text,true,,3199,511,5,5,http://api.demo.com/api/checkout,3359,0,8
1765098139955,134,HTTP Request - /api/checkout,200,OK,Thread Group 1-1,text,true,,1554,450,5,5,http://api.demo.com/api/checkout,134,0,3
1765098140038,80,HTTP Request - /api/products,200,OK,Thread Group 1-2,text,true,,3730,444,5,5,http://api.demo.com/api/products,80,0,1
1765098140152,3362,HTTP Request - /api/checkout,200,OK,Thread Group 1-3,text,true,,1969,502,5,5,http://api.demo.com/api/checkout,3362,0,2
1765098140272,103,HTTP Request - /api/checkout,200,OK,Thread Group 1-4,text,true,,1973,272,5,5,http://api.demo.com/api/checkout,103,0,2
1765098140364,146,HTTP Request - /api/inventory,200,OK,Thread Group 1-5,text,true,,4081,357,5,5,http://api.demo.com/api/inventory,146,0,3
1765098140465,127,HTTP Request - /api/products,200,OK,Thread Group 1-1,text,true,,2121,361,5,5,http://api.demo.com/api/products,127,0,3
1765098140581,4990,HTTP Request - /api/users,200,OK,Thread Group 1-2,text,true,,2806,333,5,5,http://api.demo.com/api/users,4990,0,1
1765098140680,3740,HTTP Request - /api/checkout,200,OK,Thread Group 1-3,text,true,,3975,275,5,5,http://api.demo.com/api/checkout,3740,0,7
1765098140772,150,HTTP Request - /api/orders,200,OK,Thread Group 1-4,text,true,,3108,441,5,5,http://api.demo.com/api/orders,150,0,1
1765098140856,4075,HTTP Request - /api/orders,200,OK,Thread Group 1-5,text,true,,1572,491,5,5,http://api.demo.com/api/orders,4075,0,2
1765098140960,142,HTTP Request - /api/orders,200,OK,Thread Group 1-1,text,true,,3466,511,5,5,http://api.demo.com/api/orders,142,0,7
1765098141071,96,HTTP Request - /api/checkout,200,OK,Thread Group 1-2,text,true,,1518,423,5,5,http://api.demo.com/api/checkout,96,0,9
1765098141181,131,HTTP Request - /api/users,200,OK,Thread Group 1-3,text,true,,3218,360,5,5,http://api.demo.com/api/users,131,0,5
1765098141270,4096,HTTP Request - /api/inventory,200,OK,Thread Group 1-4,text,true,,1640,482,5,5,http://api.demo.com/api/inventory,4096,0,3
1765098141358,139,HTTP Request - /api/orders,200,OK,Thread Group 1-5,text,true,,1522,348,5,5,http://api.demo.com/api/orders,139,0,7
1765098141474,133,HTTP Request - /api/users,200,OK,Thread Group 1-1,text,true,,2498,408,5,5,http://api.demo.com/api/users,133,0,7
1765098141584,116,HTTP Request - /api/inventory,200,OK,Thread Group 1-2,text,true,,1794,390,5,5,http://api.demo.com/api/inventory,116,0,8
1765098141686,125,HTTP Request - /api/users,200,OK,Thread Group 1-3,text,true,,2874,375,5,5,http://api.demo.com/api/users,125,0,8
1765098141806,4936,HTTP Request - /api/users,200,OK,Thread Group 1-4,text,true,,3093,501,5,5,http://api.demo.com/api/users,4936,0,7
1765098141906,3774,HTTP Request - /api/orders,200,OK,Thread Group 1-5,text,true,,1273,373,5,5,http://api.demo.com/api/orders,3774,0,10
1765098141998,3589,HTTP Request - /api/orders,200,OK,Thread Group 1-1,text,true,,2226,322,5,5,http://api.demo.com/api/orders,3589,0,4
1765098142091,130,HTTP Request - /api/orders,200,OK,Thread Group 1-2,text,true,,3327,316,5,5,http://api.demo.com/api/orders,130,0,8
1765098142190,106,HTTP Request - /api/products,200,OK,Thread Group 1-3,text,true,,2459,342,5,5,http://api.demo.com/api/products,106,0,7
1765098142273,4995,HTTP Request - /api/users,200,OK,Thread Group 1-4,text,true,,1501,404,5,5,http://api.demo.com/api/users,4995,0,3
1765098142370,98,HTTP Request - /api/checkout,200,OK,Thread Group 1-5,text,true,,2589,376,5,5,http://api.demo.com/api/checkout,98,0,8
1765098142483,128,HTTP Request - /api/users,200,OK,Thread Group 1-1,text,true,,3518,327,5,5,http://api.demo.com/api/users,128,0,10
1765098142583,141,HTTP Request - /api/products,200,OK,Thread Group 1-2,text,true,,2792,412,5,5,http://api.demo.com/api/products,141,0,6
1765098142677,86,HTTP Request - /api/checkout,200,OK,Thread Group 1-3,text,true,,2999,419,5,5,http://api.demo.com/api/checkout,86,0,8
1765098142794,4703,HTTP Request - /api/users,200,OK,Thread Group 1-4,text,true,,2102,287,5,5,http://api.demo.com/api/users,4703,0,1
1765098142905,128,HTTP Request - /api/products,200,OK,Thread Group 1-5,text,true,,1589,272,5,5,http://api.demo.com/api/products,128,0,6
1765098143024,103,HTTP Request - /api/orders,200,OK,Thread Group 1-1,text,true,,2154,460,5,5,http://api.demo.com/api/orders,103,0,8
1765098143119,101,HTTP Request - /api/orders,200,OK,Thread Group 1-2,text,true,,2862,267,5,5,http://api.demo.com/api/orders,101,0,7
1765098143227,129,HTTP Request - /api/inventory,200,OK,Thread Group 1-3,text,true,,3218,482,5,5,http://api.demo.com/api/inventory,129,0,3
1765098143331,109,HTTP Request - /api/checkout,200,OK,Thread Group 1-4,text,true,,1289,347,5,5,http://api.demo.com/api/checkout,109,0,8
1765098143429,127,HTTP Request - /api/inventory,200,OK,Thread Group 1-5,text,true,,3537,265,5,5,http://api.demo.com/api/inventory,127,0,9
1765098143530,136,HTTP Request - /api/users,200,OK,Thread Group 1-1,text,true,,2398,315,5,5,http://api.demo.com/api/users,136,0,4
1765098143638,129,HTTP Request - /api/users,200,OK,Thread Group 1-2,text,true,,2973,477,5,5,http://api.demo.com/api/users,129,0,9
1765098143738,129,HTTP Request - /api/checkout,200,OK,Thread Group 1-3,text,true,,2761,428,5,5,http://api.demo.com/api/checkout,129,0,7
1765098143849,132,HTTP Request - /api/orders,200,OK,Thread Group 1-4,text,true,,4027,298,5,5,http://api.demo.com/api/orders,132,0,6
1765098143947,130,HTTP Request - /api/products,200,OK,Thread Group 1-5,text,true,,2827,311,5,5,http://api.demo.com/api/products,130,0,3
1765098144045,98,HTTP Request - /api/users,200,OK,Thread Group 1-1,text,true,,2244,352,5,5,http://api.demo.com/api/users,98,0,3
1765098144126,137,HTTP Request - /api/checkout,200,OK,Thread Group 1-2,text,true,,1570,388,5,5,http://api.demo.com/api/checkout,137,0,2
1765098144221,132,HTTP Request - /api/inventory,200,OK,Thread Group 1-3,text,true,,1032,445,5,5,http://api.demo.com/api/inventory,132,0,7
1765098144320,121,HTTP Request - /api/checkout,200,OK,Thread Group 1-4,text,true,,1785,347,5,5,http://api.demo.com/api/checkout,121,0,8
1765098144405,111,HTTP Request - /api/orders,200,OK,Thread Group 1-5,text,true,,3593,355,5,5,http://api.demo.com/api/orders,111,0,5
1765098144486,115,HTTP Request - /api/inventory,200,OK,Thread Group 1-1,text,true,,3262,345,5,5,http://api.demo.com/api/inventory,115,0,10
1765098144600,129,HTTP Request - /api/products,200,OK,Thread Group 1-2,text,true,,1339,435,5,5,http://api.demo.com/api/products,129,0,9
1765098144707,95,HTTP Request - /api/users,200,OK,Thread Group 1-3,text,true,,3297,460,5,5,http://api.demo.com/api/users,95,0,9
1765098144806,116,HTTP Request - /api/users,200,OK,Thread Group 1-4,text,true,,3060,403,5,5,http://api.demo.com/api/users,116,0,1
1765098144916,99,HTTP Request - /api/orders,200,OK,Thread Group 1-5,text,true,,4019,368,5,5,http://api.demo.com/api/orders,99,0,4
1765098144999,85,HTTP Request - /api/checkout,200,OK,Thread Group 1-1,text,true,,1961,512,5,5,http://api.demo.com/api/checkout,85,0,9
1765098145099,132,HTTP Request - /api/products,200,OK,Thread Group 1-2,text,true,,2224,391,5,5,http://api.demo.com/api/products,132,0,7
1765098145219,112,HTTP Request - /api/products,200,OK,Thread Group 1-3,text,true,,1976,276,5,5,http://api.demo.com/api/products,112,0,4
1765098145311,117,HTTP Request - /api/products,200,OK,Thread Group 1-4,text,true,,1241,426,5,5,http://api.demo.com/api/products,117,0,6
1765098145403,142,HTTP Request - /api/orders,200,OK,Thread Group 1-5,text,true,,1659,395,5,5,http://api.demo.com/api/orders,142,0,1
1765098145506,92,HTTP Request - /api/checkout,200,OK,Thread Group 1-1,text,true,,2203,364,5,5,http://api.demo.com/api/checkout,92,0,6
1765098145615,120,HTTP Request - /api/products,200,OK,Thread Group 1-2,text,true,,1047,268,5,5,http://api.demo.com/api/products,120,0,6
1765098145718,137,HTTP Request - /api/orders,200,OK,Thread Group 1-3,text,true,,2272,474,5,5,http://api.demo.com/api/orders,137,0,6
1765098145810,129,HTTP Request - /api/inventory,200,OK,Thread Group 1-4,text,true,,1452,275,5,5,http://api.demo.com/api/inventory,129,0,1
1765098145908,99,HTTP Request - /api/inventory,200,OK,Thread Group 1-5,text,true,,3905,339,5,5,http://api.demo.com/api/inventory,99,0,4
1765098146019,93,HTTP Request - /api/checkout,200,OK,Thread Group 1-1,text,true,,2574,334,5,5,http://api.demo.com/api/checkout,93,0,3
1765098146114,141,HTTP Request - /api/products,200,OK,Thread Group 1-2,text,true,,2589,402,5,5,http://api.demo.com/api/products,141,0,1
1765098146214,131,HTTP Request - /api/users,200,OK,Thread Group 1-3,text,true,,3352,272,5,5,http://api.demo.com/api/users,131,0,6
1765098146325,133,HTTP Request - /api/checkout,200,OK,Thread Group 1-4,text,true,,1818,292,5,5,http://api.demo.com/api/checkout,133,0,5
1765098146436,134,HTTP Request - /api/checkout,200,OK,Thread Group 1-5,text,true,,2074,431,5,5,http://api.demo.com/api/checkout,134,0,9
1765098146550,80,HTTP Request - /api/orders,200,OK,Thread Group 1-1,text,true,,4073,380,5,5,http://api.demo.com/api/orders,80,0,8
1765098146658,148,HTTP Request - /api/products,200,OK,Thread Group 1-2,text,true,,2424,451,5,5,http://api.demo.com/api/products,148,0,5
1765098146746,84,HTTP Request - /api/orders,200,OK,Thread Group 1-3,text,true,,3327,283,5,5,http://api.demo.com/api/orders,84,0,4
1765098146858,139,HTTP Request - /api/products,200,OK,Thread Group 1-4,text,true,,1464,444,5,5,http://api.demo.com/api/products,139,0,8
1765098146966,139,HTTP Request - /api/checkout,200,OK,Thread Group 1-5,text,true,,3862,374,5,5,http://api.demo.com/api/checkout,139,0,7
1765098147086,94,HTTP Request - /api/users,200,OK,Thread Group 1-1,text,true,,1568,330,5,5,http://api.demo.com/api/users,94,0,8
1765098147184,93,HTTP Request - /api/products,200,OK,Thread Group 1-2,text,true,,3271,481,5,5,http://api.demo.com/api/products,93,0,3
1765098147264,137,HTTP Request - /api/users,200,OK,Thread Group 1-3,text,true,,2977,376,5,5,http://api.demo.com/api/users,137,0,10
1765098147383,118,HTTP Request - /api/inventory,200,OK,Thread Group 1-4,text,true,,2321,298,5,5,http://api.demo.com/api/inventory,118,0,9
1765098147474,117,HTTP Request - /api/users,200,OK,Thread Group 1-5,text,true,,2343,457,5,5,http://api.demo.com/api/users,117,0,2
1765098147555,87,HTTP Request - /api/products,200,OK,Thread Group 1-1,text,true,,2310,492,5,5,http://api.demo.com/api/products,87,0,6
1765098147661,141,HTTP Request - /api/products,200,OK,Thread Group 1-2,text,true,,1694,471,5,5,http://api.demo.com/api/products,141,0,9
1765098147745,90,HTTP Request - /api/users,200,OK,Thread Group 1-3,text,true,,1776,406,5,5,http://api.demo.com/api/users,90,0,5
1765098147828,114,HTTP Request - /api/orders,200,OK,Thread Group 1-4,text,true,,2105,505,5,5,http://api.demo.com/api/orders,114,0,3
1765098147937,146,HTTP Request - /api/orders,200,OK,Thread Group 1-5,text,true,,3573,342,5,5,http://api.demo.com/api/orders,146,0,8
1765098148025,139,HTTP Request - /api/inventory,200,OK,Thread Group 1-1,text,true,,1573,483,5,5,http://api.demo.com/api/inventory,139,0,8
1765098148131,129,HTTP Request - /api/orders,200,OK,Thread Group 1-2,text,true,,3402,298,5,5,http://api.demo.com/api/orders,129,0,6
1765098148218,139,HTTP Request - /api/products,200,OK,Thread Group 1-3,text,true,,3681,258,5,5,http://api.demo.com/api/products,139,0,2
1765098148300,87,HTTP Request - /api/checkout,200,OK,Thread Group 1-4,text,true,,3096,270,5,5,http://api.demo.com/api/checkout,87,0,1
1765098148400,136,HTTP Request - /api/inventory,200,OK,Thread Group 1-5,text,true,,1866,418,5,5,http://api.demo.com/api/inventory,136,0,8
1765098148484,130,HTTP Request - /api/checkout,200,OK,Thread Group 1-1,text,true,,2858,423,5,5,http://api.demo.com/api/checkout,130,0,3
1765098148570,94,HTTP Request - /api/orders,200,OK,Thread Group 1-2,text,true,,3891,331,5,5,http://api.demo.com/api/orders,94,0,5
1765098148659,149,HTTP Request - /api/checkout,200,OK,Thread Group 1-3,text,true,,2332,405,5,5,http://api.demo.com/api/checkout,149,0,2
1765098148748,137,HTTP Request - /api/products,200,OK,Thread Group 1-4,text,true,,3513,288,5,5,http://api.demo.com/api/products,137,0,10
1765098148831,94,HTTP Request - /api/inventory,200,OK,Thread Group 1-5,text,true,,1901,304,5,5,http://api.demo.com/api/inventory,94,0,6
1765098148951,133,HTTP Request - /api/checkout,200,OK,Thread Group 1-1,text,true,,3802,483,5,5,http://api.demo.com/api/checkout,133,0,1
1765098149068,116,HTTP Request - /api/checkout,200,OK,Thread Group 1-2,text,true,,1301,283,5,5,http://api.demo.com/api/checkout,116,0,4
1765098149164,81,HTTP Request - /api/orders,200,OK,Thread Group 1-3,text,true,,1314,264,5,5,http://api.demo.com/api/orders,81,0,8
1765098149278,125,HTTP Request - /api/users,200,OK,Thread Group 1-4,text,true,,3140,297,5,5,http://api.demo.com/api/users,125,0,5
1765098149362,87,HTTP Request - /api/products,200,OK,Thread Group 1-5,text,true,,3513,442,5,5,http://api.demo.com/api/products,87,0,1
1765098149449,105,HTTP Request - /api/inventory,200,OK,Thread Group 1-1,text,true,,2156,478,5,5,http://api.demo.com/api/inventory,105,0,7
1765098149561,139,HTTP Request - /api/users,200,OK,Thread Group 1-2,text,true,,1791,338,5,5,http://api.demo.com/api/users,139,0,2
1765098149654,82,HTTP Request - /api/users,200,OK,Thread Group 1-3,text,true,,2464,257,5,5,http://api.demo.com/api/users,82,0,1
1765098149748,147,HTTP Request - /api/products,200,OK,Thread Group 1-4,text,true,,3444,446,5,5,http://api.demo.com/api/products,147,0,1
1765098149832,101,HTTP Request - /api/inventory,200,OK,Thread Group 1-5,text,true,,1668,480,5,5,http://api.demo.com/api/inventory,101,0,1
1765098149951,102,HTTP Request - /api/inventory,200,OK,Thread Group 1-1,text,true,,2373,476,5,5,http://api.demo.com/api/inventory,102,0,7
1765098150058,129,HTTP Request - /api/inventory,200,OK,Thread Group 1-2,text,true,,1091,337,5,5,http://api.demo.com/api/inventory,129,0,2
1765098150168,91,HTTP Request - /api/users,200,OK,Thread Group 1-3,text,true,,3161,401,5,5,http://api.demo.com/api/users,91,0,1
1765098150282,137,HTTP Request - /api/products,200,OK,Thread Group 1-4,text,true,,2351,275,5,5,http://api.demo.com/api/products,137,0,7
1765098150397,138,HTTP Request - /api/products,200,OK,Thread Group 1-5,text,true,,2959,264,5,5,http://api.demo.com/api/products,138,0,5
1765098150477,132,HTTP Request - /api/products,200,OK,Thread Group 1-1,text,true,,1703,505,5,5,http://api.demo.com/api/products,132,0,6
1765098150578,112,HTTP Request - /api/products,200,OK,Thread Group 1-2,text,true,,1077,328,5,5,http://api.demo.com/api/products,112,0,5
1765098150666,101,HTTP Request - /api/users,200,OK,Thread Group 1-3,text,true,,3101,304,5,5,http://api.demo.com/api/users,101,0,1
1765098150750,124,HTTP Request - /api/checkout,200,OK,Thread Group 1-4,text,true,,3307,407,5,5,http://api.demo.com/api/checkout,124,0,5
1765098150843,142,HTTP Request - /api/orders,200,OK,Thread Group 1-5,text,true,,3240,363,5,5,http://api.demo.com/api/orders,142,0,2
1765098150926,116,HTTP Request - /api/inventory,200,OK,Thread Group 1-1,text,true,,3748,320,5,5,http://api.demo.com/api/inventory,116,0,1
1765098151031,148,HTTP Request - /api/inventory,200,OK,Thread Group 1-2,text,true,,1308,448,5,5,http://api.demo.com/api/inventory,148,0,3
1765098151139,110,HTTP Request - /api/products,200,OK,Thread Group 1-3,text,true,,1719,441,5,5,http://api.demo.com/api/products,110,0,3
1765098151221,137,HTTP Request - /api/checkout,200,OK,Thread Group 1-4,text,true,,3052,410,5,5,http://api.demo.com/api/checkout,137,0,8
1765098151325,108,HTTP Request - /api/orders,200,OK,Thread Group 1-5,text,true,,2464,407,5,5,http://api.demo.com/api/orders,108,0,3
1765098151424,113,HTTP Request - /api/orders,200,OK,Thread Group 1-1,text,true,,1326,344,5,5,http://api.demo.com/api/orders,113,0,4
1765098151529,135,HTTP Request - /api/inventory,200,OK,Thread Group 1-2,text,true,,3744,298,5,5,http://api.demo.com/api/inventory,135,0,5
1765098151630,98,HTTP Request - /api/products,200,OK,Thread Group 1-3,text,true,,2686,459,5,5,http://api.demo.com/api/products,98,0,10
1765098151750,104,HTTP Request - /api/products,200,OK,Thread Group 1-4,text,true,,3327,428,5,5,http://api.demo.com/api/products,104,0,2
1765098151849,142,HTTP Request - /api/checkout,200,OK,Thread Group 1-5,text,true,,1913,289,5,5,http://api.demo.com/api/checkout,142,0,1
1765098151967,147,HTTP Request - /api/users,200,OK,Thread Group 1-1,text,true,,3871,368,5,5,http://api.demo.com/api/users,147,0,5
1765098152070,112,HTTP Request - /api/checkout,200,OK,Thread Group 1-2,text,true,,2076,427,5,5,http://api.demo.com/api/checkout,112,0,2
1765098152174,134,HTTP Request - /api/products,200,OK,Thread Group 1-3,text,true,,1278,311,5,5,http://api.demo.com/api/products,134,0,8
1765098152254,106,HTTP Request - /api/checkout,200,OK,Thread Group 1-4,text,true,,1486,264,5,5,http://api.demo.com/api/checkout,106,0,1
1765098152343,82,HTTP Request - /api/products,200,OK,Thread Group 1-5,text,true,,2173,375,5,5,http://api.demo.com/api/products,82,0,5
1765098152443,136,HTTP Request - /api/inventory,200,OK,Thread Group 1-1,text,true,,2641,355,5,5,http://api.demo.com/api/inventory,136,0,7
1765098152554,137,HTTP Request - /api/inventory,200,OK,Thread Group 1-2,text,true,,2020,296,5,5,http://api.demo.com/api/inventory,137,0,7
1765098152645,141,HTTP Request - /api/checkout,200,OK,Thread Group 1-3,text,true,,2101,460,5,5,http://api.demo.com/api/checkout,141,0,3
1765098152737,94,HTTP Request - /api/inventory,200,OK,Thread Group 1-4,text,true,,2986,304,5,5,http://api.demo.com/api/inventory,94,0,3
1765098152842,135,HTTP Request - /api/inventory,200,OK,Thread Group 1-5,text,true,,1984,431,5,5,http://api.demo.com/api/inventory,135,0,6
1765098152955,139,HTTP Request - /api/products,200,OK,Thread Group 1-1,text,true,,1450,443,5,5,http://api.demo.com/api/products,139,0,7
1765098153049,116,HTTP Request - /api/orders,200,OK,Thread Group 1-2,text,true,,1469,393,5,5,http://api.demo.com/api/orders,116,0,4
1765098153161,105,HTTP Request - /api/orders,200,OK,Thread Group 1-3,text,true,,2204,498,5,5,http://api.demo.com/api/orders,105,0,8
1765098153260,123,HTTP Request - /api/checkout,200,OK,Thread Group 1-4,text,true,,1094,264,5,5,http://api.demo.com/api/checkout,123,0,4
1765098153352,122,HTTP Request - /api/products,200,OK,Thread Group 1-5,text,true,,3125,372,5,5,http://api.demo.com/api/products,122,0,3
1765098153450,97,HTTP Request - /api/products,200,OK,Thread Group 1-1,text,true,,2350,261,5,5,http://api.demo.com/api/products,97,0,1
1765098153553,127,HTTP Request - /api/inventory,200,OK,Thread Group 1-2,text,true,,2652,373,5,5,http://api.demo.com/api/inventory,127,0,8
1765098153656,116,HTTP Request - /api/users,200,OK,Thread Group 1-3,text,true,,3288,445,5,5,http://api.demo.com/api/users,116,0,7
1765098153745,143,HTTP Request - /api/orders,200,OK,Thread Group 1-4,text,true,,1867,325,5,5,http://api.demo.com/api/orders,143,0,10
1765098153857,96,HTTP Request - /api/products,200,OK,Thread Group 1-5,text,true,,3135,317,5,5,http://api.demo.com/api/products,96,0,10
1765098153958,98,HTTP Request - /api/orders,200,OK,Thread Group 1-1,text,true,,2241,380,5,5,http://api.demo.com/api/orders,98,0,10
1765098154058,96,HTTP Request - /api/products,200,OK,Thread Group 1-2,text,true,,2666,493,5,5,http://api.demo.com/api/products,96,0,5
1765098154166,140,HTTP Request - /api/users,200,OK,Thread Group 1-3,text,true,,2933,262,5,5,http://api.demo.com/api/users,140,0,9
1765098154285,148,HTTP Request - /api/users,200,OK,Thread Group 1-4,text,true,,1461,288,5,5,http://api.demo.com/api/users,148,0,5
1765098154365,101,HTTP Request - /api/inventory,200,OK,Thread Group 1-5,text,true,,2533,329,5,5,http://api.demo.com/api/inventory,101,0,8
1765098154454,130,HTTP Request - /api/orders,200,OK,Thread Group 1-1,text,true,,1024,426,5,5,http://api.demo.com/api/orders,130,0,8
1765098154562,86,HTTP Request - /api/checkout,200,OK,Thread Group 1-2,text,true,,2049,439,5,5,http://api.demo.com/api/checkout,86,0,6
1765098154674,137,HTTP Request - /api/inventory,200,OK,Thread Group 1-3,text,true,,3433,369,5,5,http://api.demo.com/api/inventory,137,0,10
1765098154779,108,HTTP Request - /api/users,200,OK,Thread Group 1-4,text,true,,2291,500,5,5,http://api.demo.com/api/users,108,0,1
1765098154898,149,HTTP Request - /api/orders,200,OK,Thread Group 1-5,text,true,,3715,407,5,5,http://api.demo.com/api/orders,149,0,4
1765098155005,134,HTTP Request - /api/orders,200,OK,Thread Group 1-1,text,true,,2577,272,5,5,http://api.demo.com/api/orders,134,0,2
1765098155096,95,HTTP Request - /api/orders,200,OK,Thread Group 1-2,text,true,,1066,331,5,5,http://api.demo.com/api/orders,95,0,4
1765098155209,90,HTTP Request - /api/users,200,OK,Thread Group 1-3,text,true,,2574,372,5,5,http://api.demo.com/api/users,90,0,9
1765098155321,95,HTTP Request - /api/inventory,200,OK,Thread Group 1-4,text,true,,2477,469,5,5,http://api.demo.com/api/inventory,95,0,4
1765098155430,91,HTTP Request - /api/users,200,OK,Thread Group 1-5,text,true,,3372,323,5,5,http://api.demo.com/api/users,91,0,8
1765098155513,86,HTTP Request - /api/orders,200,OK,Thread Group 1-1,text,true,,1739,284,5,5,http://api.demo.com/api/orders,86,0,5
1765098155606,141,HTTP Request - /api/products,200,OK,Thread Group 1-2,text,true,,2197,497,5,5,http://api.demo.com/api/products,141,0,7
1765098155698,130,HTTP Request - /api/orders,200,OK,Thread Group 1-3,text,true,,1211,325,5,5,http://api.demo.com/api/orders,130,0,2
1765098155792,146,HTTP Request - /api/products,200,OK,Thread Group 1-4,text,true,,3545,456,5,5,http://api.demo.com/api/products,146,0,2
1765098155910,136,HTTP Request - /api/orders,200,OK,Thread Group 1-5,text,true,,2856,447,5,5,http://api.demo.com/api/orders,136,0,6
1765098155992,84,HTTP Request - /api/users,200,OK,Thread Group 1-1,text,true,,3029,262,5,5,http://api.demo.com/api/users,84,0,10
1765098156085,84,HTTP Request - /api/users,200,OK,Thread Group 1-2,text,true,,2023,392,5,5,http://api.demo.com/api/users,84,0,6
1765098156169,82,HTTP Request - /api/users,200,OK,Thread Group 1-3,text,true,,1578,429,5,5,http://api.demo.com/api/users,82,0,3
1765098156274,138,HTTP Request - /api/checkout,200,OK,Thread Group 1-4,text,true,,1264,382,5,5,http://api.demo.com/api/checkout,138,0,1
1765098156384,142,HTTP Request - /api/products,200,OK,Thread Group 1-5,text,true,,1326,299,5,5,http://api.demo.com/api/products,142,0,7
1765098156498,140,HTTP Request - /api/users,200,OK,Thread Group 1-1,text,true,,2607,430,5,5,http://api.demo.com/api/users,140,0,9
1765098156592,129,HTTP Request - /api/orders,200,OK,Thread Group 1-2,text,true,,3708,508,5,5,http://api.demo.com/api/orders,129,0,2
1765098156710,134,HTTP Request - /api/products,200,OK,Thread Group 1-3,text,true,,1921,272,5,5,http://api.demo.com/api/products,134,0,7
1765098156814,129,HTTP Request - /api/orders,200,OK,Thread Group 1-4,text,true,,3400,283,5,5,http://api.demo.com/api/orders,129,0,4
1765098156921,141,HTTP Request - /api/users,200,OK,Thread Group 1-5,text,true,,3078,493,5,5,http://api.demo.com/api/users,141,0,6
1765098157035,89,HTTP Request - /api/users,200,OK,Thread Group 1-1,text,true,,3237,387,5,5,http://api.demo.com/api/users,89,0,1
1765098157129,95,HTTP Request - /api/users,200,OK,Thread Group 1-2,text,true,,1530,450,5,5,http://api.demo.com/api/users,95,0,3
1765098157209,92,HTTP Request - /api/users,200,OK,Thread Group 1-3,text,true,,3218,419,5,5,http://api.demo.com/api/users,92,0,6
1765098157298,137,HTTP Request - /api/users,200,OK,Thread Group 1-4,text,true,,3492,358,5,5,http://api.demo.com/api/users,137,0,10
1765098157392,98,HTTP Request - /api/inventory,200,OK,Thread Group 1-5,text,true,,1644,282,5,5,http://api.demo.com/api/inventory,98,0,1
1765098157493,93,HTTP Request - /api/products,200,OK,Thread Group 1-1,text,true,,3464,257,5,5,http://api.demo.com/api/products,93,0,7
1765098157600,95,HTTP Request - /api/users,200,OK,Thread Group 1-2,text,true,,1271,263,5,5,http://api.demo.com/api/users,95,0,6
1765098157681,100,HTTP Request - /api/products,200,OK,Thread Group 1-3,text,true,,1743,481,5,5,http://api.demo.com/api/products,100,0,10
1765098157766,92,HTTP Request - /api/orders,200,OK,Thread Group 1-4,text,true,,1116,415,5,5,http://api.demo.com/api/orders,92,0,10
1765098157853,147,HTTP Request - /api/products,200,OK,Thread Group 1-5,text,true,,3518,488,5,5,http://api.demo.com/api/products,147,0,2
1765098157936,144,HTTP Request - /api/inventory,200,OK,Thread Group 1-1,text,true,,1812,378,5,5,http://api.demo.com/api/inventory,144,0,9
1765098158018,126,HTTP Request - /api/users,200,OK,Thread Group 1-2,text,true,,1340,444,5,5,http://api.demo.com/api/users,126,0,10
1765098158108,144,HTTP Request - /api/products,200,OK,Thread Group 1-3,text,true,,3876,455,5,5,http://api.demo.com/api/products,144,0,9
1765098158220,123,HTTP Request - /api/products,200,OK,Thread Group 1-4,text,true,,2561,445,5,5,http://api.demo.com/api/products,123,0,9
1765098158330,97,HTTP Request - /api/products,200,OK,Thread Group 1-5,text,true,,2197,503,5,5,http://api.demo.com/api/products,97,0,6
1765098158434,128,HTTP Request - /api/orders,200,OK,Thread Group 1-1,text,true,,2018,266,5,5,http://api.demo.com/api/orders,128,0,9
1765098158527,120,HTTP Request - /api/products,200,OK,Thread Group 1-2,text,true,,2506,262,5,5,http://api.demo.com/api/products,120,0,9
1765098158643,143,HTTP Request - /api/products,200,OK,Thread Group 1-3,text,true,,1291,300,5,5,http://api.demo.com/api/products,143,0,9
1765098158755,146,HTTP Request - /api/inventory,200,OK,Thread Group 1-4,text,true,,2311,466,5,5,http://api.demo.com/api/inventory,146,0,8
1765098158854,121,HTTP Request - /api/inventory,200,OK,Thread Group 1-5,text,true,,2701,257,5,5,http://api.demo.com/api/inventory,121,0,10
1765098158956,106,HTTP Request - /api/orders,200,OK,Thread Group 1-1,text,true,,1042,340,5,5,http://api.demo.com/api/orders,106,0,2
1765098159074,137,HTTP Request - /api/products,200,OK,Thread Group 1-2,text,true,,2266,468,5,5,http://api.demo.com/api/products,137,0,4
1765098159185,113,HTTP Request - /api/products,200,OK,Thread Group 1-3,text,true,,2904,347,5,5,http://api.demo.com/api/products,113,0,1
1765098159300,101,HTTP Request - /api/checkout,200,OK,Thread Group 1-4,text,true,,1722,360,5,5,http://api.demo.com/api/checkout,101,0,1
1765098159384,143,HTTP Request - /api/users,200,OK,Thread Group 1-5,text,true,,1081,418,5,5,http://api.demo.com/api/users,143,0,10
1765098159478,102,HTTP Request - /api/orders,200,OK,Thread Group 1-1,text,true,,4092,512,5,5,http://api.demo.com/api/orders,102,0,4
1765098159591,109,HTTP Request - /api/checkout,200,OK,Thread Group 1-2,text,true,,3304,384,5,5,http://api.demo.com/api/checkout,109,0,2
1765098159698,107,HTTP Request - /api/inventory,200,OK,Thread Group 1-3,text,true,,3576,470,5,5,http://api.demo.com/api/inventory,107,0,7
1765098159818,97,HTTP Request - /api/products,200,OK,Thread Group 1-4,text,true,,3639,506,5,5,http://api.demo.com/api/products,97,0,5
1765098159903,145,HTTP Request - /api/inventory,200,OK,Thread Group 1-5,text,true,,3565,496,5,5,http://api.demo.com/api/inventory,145,0,4
1765098160010,113,HTTP Request - /api/users,200,OK,Thread Group 1-1,text,true,,3237,262,5,5,http://api.demo.com/api/users,113,0,8
1765098160111,145,HTTP Request - /api/checkout,200,OK,Thread Group 1-2,text,true,,1358,473,5,5,http://api.demo.com/api/checkout,145,0,2
1765098160197,106,HTTP Request - /api/products,200,OK,Thread Group 1-3,text,true,,1372,292,5,5,http://api.demo.com/api/products,106,0,1
1765098160298,96,HTTP Request - /api/inventory,200,OK,Thread Group 1-4,text,true,,2081,380,5,5,http://api.demo.com/api/inventory,96,0,9
1765098160413,139,HTTP Request - /api/products,200,OK,Thread Group 1-5,text,true,,1224,363,5,5,http://api.demo.com/api/products,139,0,4
1765098160500,92,HTTP Request - /api/orders,200,OK,Thread Group 1-1,text,true,,3233,266,5,5,http://api.demo.com/api/orders,92,0,3
1765098160609,134,HTTP Request - /api/inventory,200,OK,Thread Group 1-2,text,true,,2965,314,5,5,http://api.demo.com/api/inventory,134,0,6
1765098160710,125,HTTP Request - /api/orders,200,OK,Thread Group 1-3,text,true,,3336,304,5,5,http://api.demo.com/api/orders,125,0,2
1765098160795,89,HTTP Request - /api/users,200,OK,Thread Group 1-4,text,true,,4038,395,5,5,http://api.demo.com/api/users,89,0,7
1765098160906,104,HTTP Request - /api/products,200,OK,Thread Group 1-5,text,true,,1787,406,5,5,http://api.demo.com/api/products,104,0,10
1765098161004,146,HTTP Request - /api/orders,200,OK,Thread Group 1-1,text,true,,1675,344,5,5,http://api.demo.com/api/orders,146,0,7
1765098161100,148,HTTP Request - /api/checkout,200,OK,Thread Group 1-2,text,true,,1737,385,5,5,http://api.demo.com/api/checkout,148,0,10
1765098161189,111,HTTP Request - /api/products,200,OK,Thread Group 1-3,text,true,,1250,474,5,5,http://api.demo.com/api/products,111,0,10
1765098161272,137,HTTP Request - /api/checkout,200,OK,Thread Group 1-4,text,true,,2490,479,5,5,http://api.demo.com/api/checkout,137,0,9
1765098161367,106,HTTP Request - /api/orders,200,OK,Thread Group 1-5,text,true,,1691,414,5,5,http://api.demo.com/api/orders,106,0,1
1765098161464,82,HTTP Request - /api/users,200,OK,Thread Group 1-1,text,true,,1726,395,5,5,http://api.demo.com/api/users,82,0,2
1765098161557,118,HTTP Request - /api/checkout,200,OK,Thread Group 1-2,text,true,,2496,473,5,5,http://api.demo.com/api/checkout,118,0,6
1765098161677,136,HTTP Request - /api/orders,200,OK,Thread Group 1-3,text,true,,3652,307,5,5,http://api.demo.com/api/orders,136,0,1
1765098161789,87,HTTP Request - /api/checkout,200,OK,Thread Group 1-4,text,true,,3386,466,5,5,http://api.demo.com/api/checkout,87,0,5
1765098161879,149,HTTP Request - /api/checkout,200,OK,Thread Group 1-5,text,true,,2468,508,5,5,http://api.demo.com/api/checkout,149,0,5
1765098161981,95,HTTP Request - /api/inventory,200,OK,Thread Group 1-1,text,true,,1616,303,5,5,http://api.demo.com/api/inventory,95,0,8
1765098162061,130,HTTP Request - /api/inventory,200,OK,Thread Group 1-2,text,true,,1769,461,5,5,http://api.demo.com/api/inventory,130,0,6
1765098162179,121,HTTP Request - /api/users,200,OK,Thread Group 1-3,text,true,,1029,348,5,5,http://api.demo.com/api/users,121,0,2
1765098162291,136,HTTP Request - /api/orders,200,OK,Thread Group 1-4,text,true,,3017,380,5,5,http://api.demo.com/api/orders,136,0,10
1765098162409,98,HTTP Request - /api/users,200,OK,Thread Group 1-5,text,true,,2750,414,5,5,http://api.demo.com/api/users,98,0,2
1765098162493,127,HTTP Request - /api/orders,200,OK,Thread Group 1-1,text,true,,3547,281,5,5,http://api.demo.com/api/orders,127,0,4
1765098162600,84,HTTP Request - /api/products,200,OK,Thread Group 1-2,text,true,,1430,278,5,5,http://api.demo.com/api/products,84,0,2
1765098162700,138,HTTP Request - /api/products,200,OK,Thread Group 1-3,text,true,,2384,334,5,5,http://api.demo.com/api/products,138,0,9
1765098162816,123,HTTP Request - /api/inventory,200,OK,Thread Group 1-4,text,true,,1141,432,5,5,http://api.demo.com/api/inventory,123,0,2
1765098162912,144,HTTP Request - /api/inventory,200,OK,Thread Group 1-5,text,true,,1026,395,5,5,http://api.demo.com/api/inventory,144,0,8
1765098163019,104,HTTP Request - /api/users,200,OK,Thread Group 1-1,text,true,,2250,411,5,5,http://api.demo.com/api/users,104,0,1
1765098163135,114,HTTP Request - /api/products,200,OK,Thread Group 1-2,text,true,,2603,362,5,5,http://api.demo.com/api/products,114,0,8
1765098163234,121,HTTP Request - /api/users,200,OK,Thread Group 1-3,text,true,,3103,438,5,5,http://api.demo.com/api/users,121,0,4
1765098163352,117,HTTP Request - /api/orders,200,OK,Thread Group 1-4,text,true,,1230,374,5,5,http://api.demo.com/api/orders,117,0,3
1765098163444,134,HTTP Request - /api/inventory,200,OK,Thread Group 1-5,text,true,,1491,273,5,5,http://api.demo.com/api/inventory,134,0,2
1765098163563,92,HTTP Request - /api/orders,200,OK,Thread Group 1-1,text,true,,2287,445,5,5,http://api.demo.com/api/orders,92,0,1
1765098163663,99,HTTP Request - /api/orders,200,OK,Thread Group 1-2,text,true,,1708,482,5,5,http://api.demo.com/api/orders,99,0,2
1765098163762,97,HTTP Request - /api/inventory,200,OK,Thread Group 1-3,text,true,,3931,512,5,5,http://api.demo.com/api/inventory,97,0,1
1765098163853,122,HTTP Request - /api/inventory,200,OK,Thread Group 1-4,text,true,,2716,358,5,5,http://api.demo.com/api/inventory,122,0,8
1765098163944,93,HTTP Request - /api/checkout,200,OK,Thread Group 1-5,text,true,,2200,341,5,5,http://api.demo.com/api/checkout,93,0,1
1765098164056,102,HTTP Request - /api/inventory,200,OK,Thread Group 1-1,text,true,,2955,380,5,5,http://api.demo.com/api/inventory,102,0,9
1765098164161,139,HTTP Request - /api/products,200,OK,Thread Group 1-2,text,true,,3422,379,5,5,http://api.demo.com/api/products,139,0,4
1765098164274,107,HTTP Request - /api/checkout,200,OK,Thread Group 1-3,text,true,,3988,262,5,5,http://api.demo.com/api/checkout,107,0,3
1765098164388,121,HTTP Request - /api/orders,200,OK,Thread Group 1-4,text,true,,1503,371,5,5,http://api.demo.com/api/orders,121,0,1
1765098164502,136,HTTP Request - /api/products,200,OK,Thread Group 1-5,text,true,,1887,389,5,5,http://api.demo.com/api/products,136,0,6
1765098164622,112,HTTP Request - /api/checkout,200,OK,Thread Group 1-1,text,true,,1992,478,5,5,http://api.demo.com/api/checkout,112,0,1
1765098164715,89,HTTP Request - /api/inventory,200,OK,Thread Group 1-2,text,true,,1266,366,5,5,http://api.demo.com/api/inventory,89,0,2
1765098164827,86,HTTP Request - /api/users,200,OK,Thread Group 1-3,text,true,,1193,389,5,5,http://api.demo.com/api/users,86,0,3
1765098164932,141,HTTP Request - /api/inventory,200,OK,Thread Group 1-4,text,true,,2796,502,5,5,http://api.demo.com/api/inventory,141,0,1
1765098165012,86,HTTP Request - /api/users,200,OK,Thread Group 1-5,text,true,,3610,321,5,5,http://api.demo.com/api/users,86,0,5
1765098165118,99,HTTP Request - /api/checkout,200,OK,Thread Group 1-1,text,true,,2487,475,5,5,http://api.demo.com/api/checkout,99,0,4
1765098165219,111,HTTP Request - /api/inventory,200,OK,Thread Group 1-2,text,true,,1908,476,5,5,http://api.demo.com/api/inventory,111,0,4
1765098165338,141,HTTP Request - /api/users,200,OK,Thread Group 1-3,text,true,,1839,295,5,5,http://api.demo.com/api/users,141,0,7
1765098165440,95,HTTP Request - /api/products,200,OK,Thread Group 1-4,text,true,,3657,369,5,5,http://api.demo.com/api/products,95,0,9
1765098165524,142,HTTP Request - /api/inventory,200,OK,Thread Group 1-5,text,true,,3234,260,5,5,http://api.demo.com/api/inventory,142,0,9
1765098165618,84,HTTP Request - /api/users,200,OK,Thread Group 1-1,text,true,,3644,450,5,5,http://api.demo.com/api/users,84,0,4
1765098165735,88,HTTP Request - /api/inventory,200,OK,Thread Group 1-2,text,true,,3869,333,5,5,http://api.demo.com/api/inventory,88,0,7
1765098165854,95,HTTP Request - /api/inventory,200,OK,Thread Group 1-3,text,true,,3332,395,5,5,http://api.demo.com/api/inventory,95,0,5
1765098165957,130,HTTP Request - /api/users,200,OK,Thread Group 1-4,text,true,,1637,386,5,5,http://api.demo.com/api/users,130,0,10
1765098166052,126,HTTP Request - /api/orders,200,OK,Thread Group 1-5,text,true,,3906,475,5,5,http://api.demo.com/api/orders,126,0,7
1765098166162,144,HTTP Request - /api/users,200,OK,Thread Group 1-1,text,true,,2761,336,5,5,http://api.demo.com/api/users,144,0,1
1765098166248,127,HTTP Request - /api/orders,200,OK,Thread Group 1-2,text,true,,3817,264,5,5,http://api.demo.com/api/orders,127,0,4
1765098166334,82,HTTP Request - /api/users,200,OK,Thread Group 1-3,text,true,,3064,400,5,5,http://api.demo.com/api/users,82,0,3
1765098166449,89,HTTP Request - /api/products,200,OK,Thread Group 1-4,text,true,,4036,305,5,5,http://api.demo.com/api/products,89,0,1
1765098166544,135,HTTP Request - /api/products,200,OK,Thread Group 1-5,text,true,,1120,302,5,5,http://api.demo.com/api/products,135,0,10
1765098166632,110,HTTP Request - /api/checkout,200,OK,Thread Group 1-1,text,true,,2010,319,5,5,http://api.demo.com/api/checkout,110,0,1
1765098166725,97,HTTP Request - /api/inventory,200,OK,Thread Group 1-2,text,true,,2660,453,5,5,http://api.demo.com/api/inventory,97,0,3
1765098166843,103,HTTP Request - /api/checkout,200,OK,Thread Group 1-3,text,true,,3479,293,5,5,http://api.demo.com/api/checkout,103,0,10
1765098166960,85,HTTP Request - /api/orders,200,OK,Thread Group 1-4,text,true,,1209,430,5,5,http://api.demo.com/api/orders,85,0,9
1765098167076,81,HTTP Request - /api/checkout,200,OK,Thread Group 1-5,text,true,,2503,453,5,5,http://api.demo.com/api/checkout,81,0,3
1765098167186,150,HTTP Request - /api/inventory,200,OK,Thread Group 1-1,text,true,,3277,315,5,5,http://api.demo.com/api/inventory,150,0,5
1765098167297,94,HTTP Request - /api/inventory,200,OK,Thread Group 1-2,text,true,,3095,454,5,5,http://api.demo.com/api/inventory,94,0,4
1765098167396,130,HTTP Request - /api/inventory,200,OK,Thread Group 1-3,text,true,,3344,320,5,5,http://api.demo.com/api/inventory,130,0,8
1765098167495,118,HTTP Request - /api/checkout,200,OK,Thread Group 1-4,text,true,,3044,337,5,5,http://api.demo.com/api/checkout,118,0,7
1765098167603,97,HTTP Request - /api/users,200,OK,Thread Group 1-5,text,true,,2529,503,5,5,http://api.demo.com/api/users,97,0,3
1765098167688,100,HTTP Request - /api/products,200,OK,Thread Group 1-1,text,true,,1053,451,5,5,http://api.demo.com/api/products,100,0,6
1765098167777,146,HTTP Request - /api/products,200,OK,Thread Group 1-2,text,true,,3645,337,5,5,http://api.demo.com/api/products,146,0,9
1765098167885,126,HTTP Request - /api/inventory,200,OK,Thread Group 1-3,text,true,,3818,286,5,5,http://api.demo.com/api/inventory,126,0,10
1765098167983,116,HTTP Request - /api/products,200,OK,Thread Group 1-4,text,true,,2874,431,5,5,http://api.demo.com/api/products,116,0,2
1765098168065,121,HTTP Request - /api/users,200,OK,Thread Group 1-5,text,true,,1417,475,5,5,http://api.demo.com/api/users,121,0,2
1765098168167,84,HTTP Request - /api/checkout,200,OK,Thread Group 1-1,text,true,,3457,305,5,5,http://api.demo.com/api/checkout,84,0,8
1765098168282,83,HTTP Request - /api/orders,200,OK,Thread Group 1-2,text,true,,3677,377,5,5,http://api.demo.com/api/orders,83,0,10
1765098168367,114,HTTP Request - /api/checkout,200,OK,Thread Group 1-3,text,true,,3911,392,5,5,http://api.demo.com/api/checkout,114,0,1
1765098168467,108,HTTP Request - /api/orders,200,OK,Thread Group 1-4,text,true,,3228,372,5,5,http://api.demo.com/api/orders,108,0,5
1765098168557,125,HTTP Request - /api/products,200,OK,Thread Group 1-5,text,true,,3802,381,5,5,http://api.demo.com/api/products,125,0,5
1765098168646,128,HTTP Request - /api/products,200,OK,Thread Group 1-1,text,true,,2538,377,5,5,http://api.demo.com/api/products,128,0,7
1765098168740,116,HTTP Request - /api/products,200,OK,Thread Group 1-2,text,true,,1824,309,5,5,http://api.demo.com/api/products,116,0,6
1765098168837,92,HTTP Request - /api/orders,200,OK,Thread Group 1-3,text,true,,3474,361,5,5,http://api.demo.com/api/orders,92,0,5
1765098168920,128,HTTP Request - /api/checkout,200,OK,Thread Group 1-4,text,true,,3989,354,5,5,http://api.demo.com/api/checkout,128,0,10
1765098169002,87,HTTP Request - /api/products,200,OK,Thread Group 1-5,text,true,,1930,501,5,5,http://api.demo.com/api/products,87,0,1
1765098169084,105,HTTP Request - /api/users,200,OK,Thread Group 1-1,text,true,,3390,347,5,5,http://api.demo.com/api/users,105,0,2
1765098169164,137,HTTP Request - /api/products,200,OK,Thread Group 1-2,text,true,,3724,492,5,5,http://api.demo.com/api/products,137,0,3
1765098169276,119,HTTP Request - /api/inventory,200,OK,Thread Group 1-3,text,true,,2941,470,5,5,http://api.demo.com/api/inventory,119,0,4
1765098169389,113,HTTP Request - /api/orders,200,OK,Thread Group 1-4,text,true,,1089,424,5,5,http://api.demo.com/api/orders,113,0,3
1765098169497,133,HTTP Request - /api/inventory,200,OK,Thread Group 1-5,text,true,,1789,403,5,5,http://api.demo.com/api/inventory,133,0,10
1765098169584,102,HTTP Request - /api/users,200,OK,Thread Group 1-1,text,true,,1584,441,5,5,http://api.demo.com/api/users,102,0,9
1765098169695,103,HTTP Request - /api/users,200,OK,Thread Group 1-2,text,true,,2673,505,5,5,http://api.demo.com/api/users,103,0,9
1765098169805,129,HTTP Request - /api/inventory,200,OK,Thread Group 1-3,text,true,,1409,493,5,5,http://api.demo.com/api/inventory,129,0,3
1765098169887,97,HTTP Request - /api/orders,200,OK,Thread Group 1-4,text,true,,2754,464,5,5,http://api.demo.com/api/orders,97,0,4
1765098169996,139,HTTP Request - /api/products,200,OK,Thread Group 1-5,text,true,,1353,325,5,5,http://api.demo.com/api/products,139,0,9
1765098170094,85,HTTP Request - /api/users,200,OK,Thread Group 1-1,text,true,,1236,290,5,5,http://api.demo.com/api/users,85,0,1
1765098170211,87,HTTP Request - /api/users,200,OK,Thread Group 1-2,text,true,,1344,299,5,5,http://api.demo.com/api/users,87,0,5
1765098170329,104,HTTP Request - /api/orders,200,OK,Thread Group 1-3,text,true,,1364,371,5,5,http://api.demo.com/api/orders,104,0,2
1765098170416,106,HTTP Request - /api/users,200,OK,Thread Group 1-4,text,true,,1059,421,5,5,http://api.demo.com/api/users,106,0,2
1765098170519,99,HTTP Request - /api/users,200,OK,Thread Group 1-5,text,true,,2890,511,5,5,http://api.demo.com/api/users,99,0,7
1765098170603,131,HTTP Request - /api/orders,200,OK,Thread Group 1-1,text,true,,3320,445,5,5,http://api.demo.com/api/orders,131,0,1
1765098170691,128,HTTP Request - /api/checkout,200,OK,Thread Group 1-2,text,true,,1886,303,5,5,http://api.demo.com/api/checkout,128,0,4
1765098170797,116,HTTP Request - /api/checkout,200,OK,Thread Group 1-3,text,true,,2307,416,5,5,http://api.demo.com/api/checkout,116,0,8
1765098170903,86,HTTP Request - /api/inventory,200,OK,Thread Group 1-4,text,true,,3358,459,5,5,http://api.demo.com/api/inventory,86,0,4
1765098170996,145,HTTP Request - /api/users,200,OK,Thread Group 1-5,text,true,,3986,412,5,5,http://api.demo.com/api/users,145,0,1
1765098171096,92,HTTP Request - /api/users,200,OK,Thread Group 1-1,text,true,,2387,493,5,5,http://api.demo.com/api/users,92,0,9
1765098171188,102,HTTP Request - /api/orders,200,OK,Thread Group 1-2,text,true,,2996,462,5,5,http://api.demo.com/api/orders,102,0,1
1765098171288,145,HTTP Request - /api/checkout,200,OK,Thread Group 1-3,text,true,,2860,383,5,5,http://api.demo.com/api/checkout,145,0,4
1765098171408,115,HTTP Request - /api/users,200,OK,Thread Group 1-4,text,true,,3319,269,5,5,http://api.demo.com/api/users,115,0,1
1765098171511,82,HTTP Request - /api/products,200,OK,Thread Group 1-5,text,true,,1126,413,5,5,http://api.demo.com/api/products,82,0,9
1765098171605,101,HTTP Request - /api/products,200,OK,Thread Group 1-1,text,true,,1272,387,5,5,http://api.demo.com/api/products,101,0,4
1765098171704,147,HTTP Request - /api/checkout,200,OK,Thread Group 1-2,text,true,,2002,282,5,5,http://api.demo.com/api/checkout,147,0,4
1765098171792,96,HTTP Request - /api/checkout,200,OK,Thread Group 1-3,text,true,,3833,466,5,5,http://api.demo.com/api/checkout,96,0,2
1765098171880,135,HTTP Request - /api/users,200,OK,Thread Group 1-4,text,true,,3724,396,5,5,http://api.demo.com/api/users,135,0,5
1765098171985,101,HTTP Request - /api/orders,200,OK,Thread Group 1-5,text,true,,4069,426,5,5,http://api.demo.com/api/orders,101,0,3
1765098172088,149,HTTP Request - /api/checkout,200,OK,Thread Group 1-1,text,true,,2575,305,5,5,http://api.demo.com/api/checkout,149,0,2
1765098172204,133,HTTP Request - /api/inventory,200,OK,Thread Group 1-2,text,true,,1973,447,5,5,http://api.demo.com/api/inventory,133,0,2
1765098172313,86,HTTP Request - /api/inventory,200,OK,Thread Group 1-3,text,true,,3885,312,5,5,http://api.demo.com/api/inventory,86,0,9
1765098172432,146,HTTP Request - /api/users,200,OK,Thread Group 1-4,text,true,,3504,449,5,5,http://api.demo.com/api/users,146,0,8
1765098172534,118,HTTP Request - /api/inventory,200,OK,Thread Group 1-5,text,true,,2818,404,5,5,http://api.demo.com/api/inventory,118,0,3
1765098172639,126,HTTP Request - /api/products,200,OK,Thread Group 1-1,text,true,,1273,401,5,5,http://api.demo.com/api/products,126,0,8
1765098172755,120,HTTP Request - /api/checkout,200,OK,Thread Group 1-2,text,true,,3305,324,5,5,http://api.demo.com/api/checkout,120,0,1
1765098172854,93,HTTP Request - /api/orders,200,OK,Thread Group 1-3,text,true,,1725,303,5,5,http://api.demo.com/api/orders,93,0,6
1765098172960,150,HTTP Request - /api/checkout,200,OK,Thread Group 1-4,text,true,,1517,408,5,5,http://api.demo.com/api/checkout,150,0,1
1765098173069,101,HTTP Request - /api/users,200,OK,Thread Group 1-5,text,true,,3573,379,5,5,http://api.demo.com/api/users,101,0,3
1765098173177,139,HTTP Request - /api/inventory,200,OK,Thread Group 1-1,text,true,,3859,379,5,5,http://api.demo.com/api/inventory,139,0,6
1765098173265,150,HTTP Request - /api/users,200,OK,Thread Group 1-2,text,true,,3755,459,5,5,http://api.demo.com/api/users,150,0,7
1765098173383,92,HTTP Request - /api/checkout,200,OK,Thread Group 1-3,text,true,,4070,257,5,5,http://api.demo.com/api/checkout,92,0,5
1765098173497,80,HTTP Request - /api/users,200,OK,Thread Group 1-4,text,true,,2877,410,5,5,http://api.demo.com/api/users,80,0,1
1765098173603,105,HTTP Request - /api/inventory,200,OK,Thread Group 1-5,text,true,,2102,259,5,5,http://api.demo.com/api/inventory,105,0,8
1765098173711,111,HTTP Request - /api/orders,200,OK,Thread Group 1-1,text,true,,1908,385,5,5,http://api.demo.com/api/orders,111,0,1
1765098173830,131,HTTP Request - /api/orders,200,OK,Thread Group 1-2,text,true,,2735,347,5,5,http://api.demo.com/api/orders,131,0,1
1765098173917,86,HTTP Request - /api/products,200,OK,Thread Group 1-3,text,true,,3253,291,5,5,http://api.demo.com/api/products,86,0,4
1765098174012,111,HTTP Request - /api/users,200,OK,Thread Group 1-4,text,true,,1540,307,5,5,http://api.demo.com/api/users,111,0,4
1765098174113,101,HTTP Request - /api/checkout,200,OK,Thread Group 1-5,text,true,,1609,320,5,5,http://api.demo.com/api/checkout,101,0,3
1765098174196,118,HTTP Request - /api/orders,200,OK,Thread Group 1-1,text,true,,2321,427,5,5,http://api.demo.com/api/orders,118,0,1
1765098174309,127,HTTP Request - /api/products,200,OK,Thread Group 1-2,text,true,,2475,331,5,5,http://api.demo.com/api/products,127,0,2
1765098174428,143,HTTP Request - /api/users,200,OK,Thread Group 1-3,text,true,,3345,339,5,5,http://api.demo.com/api/users,143,0,6
1765098174519,131,HTTP Request - /api/orders,200,OK,Thread Group 1-4,text,true,,3777,283,5,5,http://api.demo.com/api/orders,131,0,6
1765098174627,124,HTTP Request - /api/orders,200,OK,Thread Group 1-5,text,true,,2476,341,5,5,http://api.demo.com/api/orders,124,0,2
1765098174726,93,HTTP Request - /api/inventory,200,OK,Thread Group 1-1,text,true,,3777,388,5,5,http://api.demo.com/api/inventory,93,0,1
1765098174844,137,HTTP Request - /api/orders,200,OK,Thread Group 1-2,text,true,,2228,337,5,5,http://api.demo.com/api/orders,137,0,7
1765098174961,147,HTTP Request - /api/products,200,OK,Thread Group 1-3,text,true,,1374,470,5,5,http://api.demo.com/api/products,147,0,2
1765098175067,101,HTTP Request - /api/products,200,OK,Thread Group 1-4,text,true,,3313,351,5,5,http://api.demo.com/api/products,101,0,9
1765098175171,100,HTTP Request - /api/inventory,200,OK,Thread Group 1-5,text,true,,1328,331,5,5,http://api.demo.com/api/inventory,100,0,7
1765098175281,106,HTTP Request - /api/checkout,200,OK,Thread Group 1-1,text,true,,2353,397,5,5,http://api.demo.com/api/checkout,106,0,2
1765098175396,134,HTTP Request - /api/inventory,200,OK,Thread Group 1-2,text,true,,2804,479,5,5,http://api.demo.com/api/inventory,134,0,10
1765098175479,88,HTTP Request - /api/users,200,OK,Thread Group 1-3,text,true,,2004,362,5,5,http://api.demo.com/api/users,88,0,6
1765098175564,142,HTTP Request - /api/checkout,200,OK,Thread Group 1-4,text,true,,3851,410,5,5,http://api.demo.com/api/checkout,142,0,3
1765098175653,101,HTTP Request - /api/users,200,OK,Thread Group 1-5,text,true,,3027,308,5,5,http://api.demo.com/api/users,101,0,7
1765098175764,137,HTTP Request - /api/inventory,200,OK,Thread Group 1-1,text,true,,3251,454,5,5,http://api.demo.com/api/inventory,137,0,4
1765098175847,138,HTTP Request - /api/users,200,OK,Thread Group 1-2,text,true,,2927,416,5,5,http://api.demo.com/api/users,138,0,4
1765098175967,123,HTTP Request - /api/products,200,OK,Thread Group 1-3,text,true,,2572,476,5,5,http://api.demo.com/api/products,123,0,10
1765098176068,117,HTTP Request - /api/inventory,200,OK,Thread Group 1-4,text,true,,2587,431,5,5,http://api.demo.com/api/inventory,117,0,9
1765098176164,90,HTTP Request - /api/users,200,OK,Thread Group 1-5,text,true,,3271,440,5,5,http://api.demo.com/api/users,90,0,8
1765098176263,142,HTTP Request - /api/inventory,200,OK,Thread Group 1-1,text,true,,1970,358,5,5,http://api.demo.com/api/inventory,142,0,5
1765098176367,132,HTTP Request - /api/checkout,200,OK,Thread Group 1-2,text,true,,3348,259,5,5,http://api.demo.com/api/checkout,132,0,6
1765098176482,87,HTTP Request - /api/orders,200,OK,Thread Group 1-3,text,true,,3208,441,5,5,http://api.demo.com/api/orders,87,0,5
1765098176564,118,HTTP Request - /api/orders,200,OK,Thread Group 1-4,text,true,,3462,375,5,5,http://api.demo.com/api/orders,118,0,5
1765098176676,119,HTTP Request - /api/checkout,200,OK,Thread Group 1-5,text,true,,1399,498,5,5,http://api.demo.com/api/checkout,119,0,9
1765098176767,141,HTTP Request - /api/users,200,OK,Thread Group 1-1,text,true,,2332,258,5,5,http://api.demo.com/api/users,141,0,7
1765098176859,143,HTTP Request - /api/products,200,OK,Thread Group 1-2,text,true,,2316,268,5,5,http://api.demo.com/api/products,143,0,4
1765098176972,105,HTTP Request - /api/orders,200,OK,Thread Group 1-3,text,true,,2109,508,5,5,http://api.demo.com/api/orders,105,0,2
1765098177087,84,HTTP Request - /api/inventory,200,OK,Thread Group 1-4,text,true,,3546,292,5,5,http://api.demo.com/api/inventory,84,0,6
1765098177171,87,HTTP Request - /api/orders,200,OK,Thread Group 1-5,text,true,,2618,302,5,5,http://api.demo.com/api/orders,87,0,4
1765098177276,87,HTTP Request - /api/inventory,200,OK,Thread Group 1-1,text,true,,3753,428,5,5,http://api.demo.com/api/inventory,87,0,8
1765098177365,121,HTTP Request - /api/products,200,OK,Thread Group 1-2,text,true,,2100,337,5,5,http://api.demo.com/api/products,121,0,1
1765098177485,98,HTTP Request - /api/inventory,200,OK,Thread Group 1-3,text,true,,3372,432,5,5,http://api.demo.com/api/inventory,98,0,2
1765098177569,96,HTTP Request - /api/users,200,OK,Thread Group 1-4,text,true,,2352,328,5,5,http://api.demo.com/api/users,96,0,4
1765098177665,130,HTTP Request - /api/checkout,200,OK,Thread Group 1-5,text,true,,2617,436,5,5,http://api.demo.com/api/checkout,130,0,4
1765098177766,84,HTTP Request - /api/products,200,OK,Thread Group 1-1,text,true,,1988,404,5,5,http://api.demo.com/api/products,84,0,5
1765098177851,145,HTTP Request - /api/orders,200,OK,Thread Group 1-2,text,true,,2316,429,5,5,http://api.demo.com/api/orders,145,0,4
1765098177947,102,HTTP Request - /api/orders,200,OK,Thread Group 1-3,text,true,,2661,429,5,5,http://api.demo.com/api/orders,102,0,10
1765098178028,95,HTTP Request - /api/inventory,200,OK,Thread Group 1-4,text,true,,2701,450,5,5,http://api.demo.com/api/inventory,95,0,1
1765098178134,122,HTTP Request - /api/inventory,200,OK,Thread Group 1-5,text,true,,3904,292,5,5,http://api.demo.com/api/inventory,122,0,10
1765098178243,144,HTTP Request - /api/products,200,OK,Thread Group 1-1,text,true,,3700,268,5,5,http://api.demo.com/api/products,144,0,6
1765098178329,84,HTTP Request - /api/users,200,OK,Thread Group 1-2,text,true,,3167,474,5,5,http://api.demo.com/api/users,84,0,2
1765098178441,144,HTTP Request - /api/checkout,200,OK,Thread Group 1-3,text,true,,2858,265,5,5,http://api.demo.com/api/checkout,144,0,5
1765098178552,96,HTTP Request - /api/checkout,200,OK,Thread Group 1-4,text,true,,3486,351,5,5,http://api.demo.com/api/checkout,96,0,7
1765098178652,89,HTTP Request - /api/products,200,OK,Thread Group 1-5,text,true,,1616,438,5,5,http://api.demo.com/api/products,89,0,2
1765098178759,91,HTTP Request - /api/users,200,OK,Thread Group 1-1,text,true,,2056,393,5,5,http://api.demo.com/api/users,91,0,9
1765098178847,88,HTTP Request - /api/checkout,200,OK,Thread Group 1-2,text,true,,2482,278,5,5,http://api.demo.com/api/checkout,88,0,8
1765098178964,95,HTTP Request - /api/orders,200,OK,Thread Group 1-3,text,true,,1596,335,5,5,http://api.demo.com/api/orders,95,0,5
1765098179071,116,HTTP Request - /api/products,200,OK,Thread Group 1-4,text,true,,1424,496,5,5,http://api.demo.com/api/products,116,0,3
1765098179184,142,HTTP Request - /api/products,200,OK,Thread Group 1-5,text,true,,2457,331,5,5,http://api.demo.com/api/products,142,0,10
1765098179285,130,HTTP Request - /api/checkout,200,OK,Thread Group 1-1,text,true,,1642,342,5,5,http://api.demo.com/api/checkout,130,0,2
1765098179385,120,HTTP Request - /api/users,200,OK,Thread Group 1-2,text,true,,2651,413,5,5,http://api.demo.com/api/users,120,0,6
1765098179484,115,HTTP Request - /api/products,200,OK,Thread Group 1-3,text,true,,3961,371,5,5,http://api.demo.com/api/products,115,0,10
1765098179583,103,HTTP Request - /api/products,200,OK,Thread Group 1-4,text,true,,3033,329,5,5,http://api.demo.com/api/products,103,0,7
1765098179684,111,HTTP Request - /api/checkout,200,OK,Thread Group 1-5,text,true,,2912,347,5,5,http://api.demo.com/api/checkout,111,0,10
1765098179767,146,HTTP Request - /api/users,200,OK,Thread Group 1-1,text,true,,1609,509,5,5,http://api.demo.com/api/users,146,0,4
1765098179869,115,HTTP Request - /api/products,200,OK,Thread Group 1-2,text,true,,2646,349,5,5,http://api.demo.com/api/products,115,0,10
1765098179961,120,HTTP Request - /api/orders,200,OK,Thread Group 1-3,text,true,,1900,409,5,5,http://api.demo.com/api/orders,120,0,5
1765098180073,93,HTTP Request - /api/inventory,200,OK,Thread Group 1-4,text,true,,1394,372,5,5,http://api.demo.com/api/inventory,93,0,6
1765098180164,106,HTTP Request - /api/orders,200,OK,Thread Group 1-5,text,true,,2968,323,5,5,http://api.demo.com/api/orders,106,0,2
1765098180281,147,HTTP Request - /api/products,200,OK,Thread Group 1-1,text,true,,3508,512,5,5,http://api.demo.com/api/products,147,0,5
1765098180373,113,HTTP Request - /api/users,200,OK,Thread Group 1-2,text,true,,1653,297,5,5,http://api.demo.com/api/users,113,0,6
1765098180491,106,HTTP Request - /api/checkout,200,OK,Thread Group 1-3,text,true,,2780,286,5,5,http://api.demo.com/api/checkout,106,0,9
1765098180581,102,HTTP Request - /api/orders,200,OK,Thread Group 1-4,text,true,,3431,319,5,5,http://api.demo.com/api/orders,102,0,5
1765098180679,132,HTTP Request - /api/users,200,OK,Thread Group 1-5,text,true,,2370,484,5,5,http://api.demo.com/api/users,132,0,7
1765098180759,150,HTTP Request - /api/products,200,OK,Thread Group 1-1,text,true,,1659,497,5,5,http://api.demo.com/api/products,150,0,2
1765098180863,118,HTTP Request - /api/products,200,OK,Thread Group 1-2,text,true,,1976,316,5,5,http://api.demo.com/api/products,118,0,6
1765098180957,124,HTTP Request - /api/checkout,200,OK,Thread Group 1-3,text,true,,4010,411,5,5,http://api.demo.com/api/checkout,124,0,6
1765098181062,102,HTTP Request - /api/checkout,200,OK,Thread Group 1-4,text,true,,1825,282,5,5,http://api.demo.com/api/checkout,102,0,8
1765098181158,83,HTTP Request - /api/users,200,OK,Thread Group 1-5,text,true,,2596,352,5,5,http://api.demo.com/api/users,83,0,1
1765098181268,146,HTTP Request - /api/inventory,200,OK,Thread Group 1-1,text,true,,1204,327,5,5,http://api.demo.com/api/inventory,146,0,3
1765098181384,103,HTTP Request - /api/checkout,200,OK,Thread Group 1-2,text,true,,1707,387,5,5,http://api.demo.com/api/checkout,103,0,6
1765098181489,125,HTTP Request - /api/users,200,OK,Thread Group 1-3,text,true,,1260,397,5,5,http://api.demo.com/api/users,125,0,1
1765098181574,133,HTTP Request - /api/inventory,200,OK,Thread Group 1-4,text,true,,2400,471,5,5,http://api.demo.com/api/inventory,133,0,6
1765098181678,120,HTTP Request - /api/checkout,200,OK,Thread Group 1-5,text,true,,2631,407,5,5,http://api.demo.com/api/checkout,120,0,6
1765098181793,144,HTTP Request - /api/checkout,200,OK,Thread Group 1-1,text,true,,1733,398,5,5,http://api.demo.com/api/checkout,144,0,5
1765098181901,100,HTTP Request - /api/inventory,200,OK,Thread Group 1-2,text,true,,1520,483,5,5,http://api.demo.com/api/inventory,100,0,7
1765098181985,115,HTTP Request - /api/users,200,OK,Thread Group 1-3,text,true,,2601,318,5,5,http://api.demo.com/api/users,115,0,10
1765098182098,110,HTTP Request - /api/products,200,OK,Thread Group 1-4,text,true,,1673,393,5,5,http://api.demo.com/api/products,110,0,2
1765098182217,128,HTTP Request - /api/checkout,200,OK,Thread Group 1-5,text,true,,2141,499,5,5,http://api.demo.com/api/checkout,128,0,7
1765098182326,141,HTTP Request - /api/checkout,200,OK,Thread Group 1-1,text,true,,2169,502,5,5,http://api.demo.com/api/checkout,141,0,8
1765098182430,143,HTTP Request - /api/inventory,200,OK,Thread Group 1-2,text,true,,3123,276,5,5,http://api.demo.com/api/inventory,143,0,6
1765098182512,106,HTTP Request - /api/inventory,200,OK,Thread Group 1-3,text,true,,3549,308,5,5,http://api.demo.com/api/inventory,106,0,8
1765098182601,123,HTTP Request - /api/users,200,OK,Thread Group 1-4,text,true,,1614,444,5,5,http://api.demo.com/api/users,123,0,6
1765098182686,150,HTTP Request - /api/inventory,200,OK,Thread Group 1-5,text,true,,2363,367,5,5,http://api.demo.com/api/inventory,150,0,2
1765098182775,92,HTTP Request - /api/products,200,OK,Thread Group 1-1,text,true,,2272,376,5,5,http://api.demo.com/api/products,92,0,9
1765098182892,128,HTTP Request - /api/orders,200,OK,Thread Group 1-2,text,true,,2750,347,5,5,http://api.demo.com/api/orders,128,0,8
1765098183001,80,HTTP Request - /api/users,200,OK,Thread Group 1-3,text,true,,4073,506,5,5,http://api.demo.com/api/users,80,0,4
1765098183087,92,HTTP Request - /api/products,200,OK,Thread Group 1-4,text,true,,1192,495,5,5,http://api.demo.com/api/products,92,0,6
1765098183177,107,HTTP Request - /api/users,200,OK,Thread Group 1-5,text,true,,2809,311,5,5,http://api.demo.com/api/users,107,0,1
1765098183284,101,HTTP Request - /api/users,200,OK,Thread Group 1-1,text,true,,2891,344,5,5,http://api.demo.com/api/users,101,0,5
1765098183388,113,HTTP Request - /api/orders,200,OK,Thread Group 1-2,text,true,,3219,398,5,5,http://api.demo.com/api/orders,113,0,2
1765098183480,107,HTTP Request - /api/checkout,200,OK,Thread Group 1-3,text,true,,2185,334,5,5,http://api.demo.com/api/checkout,107,0,1
1765098183571,3315,HTTP Request - /api/users,200,OK,Thread Group 1-4,text,true,,2052,284,5,5,http://api.demo.com/api/users,3315,0,7
1765098183671,144,HTTP Request - /api/users,200,OK,Thread Group 1-5,text,true,,2393,440,5,5,http://api.demo.com/api/users,144,0,8
1765098183761,4629,HTTP Request - /api/products,200,OK,Thread Group 1-1,text,true,,1203,492,5,5,http://api.demo.com/api/products,4629,0,8
1765098183878,4130,HTTP Request - /api/checkout,200,OK,Thread Group 1-2,text,true,,1628,297,5,5,http://api.demo.com/api/checkout,4130,0,5
1765098183968,124,HTTP Request - /api/orders,200,OK,Thread Group 1-3,text,true,,2705,355,5,5,http://api.demo.com/api/orders,124,0,8
1765098184069,4215,HTTP Request - /api/users,200,OK,Thread Group 1-4,text,true,,2895,262,5,5,http://api.demo.com/api/users,4215,0,4
1765098184185,84,HTTP Request - /api/orders,200,OK,Thread Group 1-5,text,true,,3879,447,5,5,http://api.demo.com/api/orders,84,0,5
1765098184266,86,HTTP Request - /api/inventory,200,OK,Thread Group 1-1,text,true,,2255,290,5,5,http://api.demo.com/api/inventory,86,0,7
1765098184361,3866,HTTP Request - /api/orders,200,OK,Thread Group 1-2,text,true,,3206,480,5,5,http://api.demo.com/api/orders,3866,0,10
1765098184460,81,HTTP Request - /api/users,200,OK,Thread Group 1-3,text,true,,1252,322,5,5,http://api.demo.com/api/users,81,0,3
1765098184574,119,HTTP Request - /api/products,200,OK,Thread Group 1-4,text,true,,2961,390,5,5,http://api.demo.com/api/products,119,0,2
1765098184686,86,HTTP Request - /api/orders,200,OK,Thread Group 1-5,text,true,,2009,402,5,5,http://api.demo.com/api/orders,86,0,1
1765098184789,101,HTTP Request - /api/checkout,200,OK,Thread Group 1-1,text,true,,1204,397,5,5,http://api.demo.com/api/checkout,101,0,9
1765098184900,141,HTTP Request - /api/orders,200,OK,Thread Group 1-2,text,true,,2578,273,5,5,http://api.demo.com/api/orders,141,0,8
1765098185020,108,HTTP Request - /api/orders,200,OK,Thread Group 1-3,text,true,,4028,418,5,5,http://api.demo.com/api/orders,108,0,3
1765098185132,97,HTTP Request - /api/inventory,200,OK,Thread Group 1-4,text,true,,1433,368,5,5,http://api.demo.com/api/inventory,97,0,8
1765098185231,91,HTTP Request - /api/checkout,200,OK,Thread Group 1-5,text,true,,1090,357,5,5,http://api.demo.com/api/checkout,91,0,9
1765098185324,4062,HTTP Request - /api/products,200,OK,Thread Group 1-1,text,true,,1123,348,5,5,http://api.demo.com/api/products,4062,0,5
1765098185413,89,HTTP Request - /api/checkout,200,OK,Thread Group 1-2,text,true,,1828,311,5,5,http://api.demo.com/api/checkout,89,0,2
1765098185501,4821,HTTP Request - /api/products,200,OK,Thread Group 1-3,text,true,,1958,370,5,5,http://api.demo.com/api/products,4821,0,10
1765098185599,4966,HTTP Request - /api/users,200,OK,Thread Group 1-4,text,true,,4049,420,5,5,http://api.demo.com/api/users,4966,0,2
1765098185705,3255,HTTP Request - /api/orders,200,OK,Thread Group 1-5,text,true,,3772,397,5,5,http://api.demo.com/api/orders,3255,0,3
1765098185809,125,HTTP Request - /api/checkout,200,OK,Thread Group 1-1,text,true,,3991,508,5,5,http://api.demo.com/api/checkout,125,0,10
1765098185900,3303,HTTP Request - /api/checkout,200,OK,Thread Group 1-2,text,true,,3018,489,5,5,http://api.demo.com/api/checkout,3303,0,10
1765098186019,103,HTTP Request - /api/orders,200,OK,Thread Group 1-3,text,true,,2750,482,5,5,http://api.demo.com/api/orders,103,0,3
1765098186139,3607,HTTP Request - /api/products,200,OK,Thread Group 1-4,text,true,,3837,323,5,5,http://api.demo.com/api/products,3607,0,9
1765098186231,133,HTTP Request - /api/orders,200,OK,Thread Group 1-5,text,true,,3400,302,5,5,http://api.demo.com/api/orders,133,0,7
1765098186315,4280,HTTP Request - /api/checkout,200,OK,Thread Group 1-1,text,true,,2980,349,5,5,http://api.demo.com/api/checkout,4280,0,8
1765098186422,139,HTTP Request - /api/inventory,200,OK,Thread Group 1-2,text,true,,1921,268,5,5,http://api.demo.com/api/inventory,139,0,5
1765098186528,138,HTTP Request - /api/checkout,200,OK,Thread Group 1-3,text,true,,1980,273,5,5,http://api.demo.com/api/checkout,138,0,3
1765098186612,119,HTTP Request - /api/users,200,OK,Thread Group 1-4,text,true,,3193,266,5,5,http://api.demo.com/api/users,119,0,1
1765098186712,3837,HTTP Request - /api/checkout,200,OK,Thread Group 1-5,text,true,,3174,299,5,5,http://api.demo.com/api/checkout,3837,0,3
1765098186825,4803,HTTP Request - /api/orders,200,OK,Thread Group 1-1,text,true,,3108,482,5,5,http://api.demo.com/api/orders,4803,0,2
1765098186905,120,HTTP Request - /api/products,200,OK,Thread Group 1-2,text,true,,2416,354,5,5,http://api.demo.com/api/products,120,0,4
1765098187023,86,HTTP Request - /api/users,200,OK,Thread Group 1-3,text,true,,3958,356,5,5,http://api.demo.com/api/users,86,0,4
1765098187124,120,HTTP Request - /api/products,200,OK,Thread Group 1-4,text,true,,1137,365,5,5,http://api.demo.com/api/products,120,0,7
1765098187230,91,HTTP Request - /api/checkout,200,OK,Thread Group 1-5,text,true,,2322,258,5,5,http://api.demo.com/api/checkout,91,0,1
1765098187316,139,HTTP Request - /api/inventory,200,OK,Thread Group 1-1,text,true,,3797,460,5,5,http://api.demo.com/api/inventory,139,0,8
1765098187423,115,HTTP Request - /api/users,200,OK,Thread Group 1-2,text,true,,1138,271,5,5,http://api.demo.com/api/users,115,0,8
1765098187543,4883,HTTP Request - /api/users,200,OK,Thread Group 1-3,text,true,,1882,415,5,5,http://api.demo.com/api/users,4883,0,8
1765098187643,137,HTTP Request - /api/inventory,200,OK,Thread Group 1-4,text,true,,1327,403,5,5,http://api.demo.com/api/inventory,137,0,4
1765098187763,90,HTTP Request - /api/products,200,OK,Thread Group 1-5,text,true,,3665,270,5,5,http://api.demo.com/api/products,90,0,9
1765098187871,4626,HTTP Request - /api/users,200,OK,Thread Group 1-1,text,true,,2331,509,5,5,http://api.demo.com/api/users,4626,0,2
1765098187965,144,HTTP Request - /api/orders,200,OK,Thread Group 1-2,text,true,,2690,391,5,5,http://api.demo.com/api/orders,144,0,2
1765098188084,148,HTTP Request - /api/orders,200,OK,Thread Group 1-3,text,true,,1985,355,5,5,http://api.demo.com/api/orders,148,0,8
1765098188195,4805,HTTP Request - /api/users,200,OK,Thread Group 1-4,text,true,,1330,421,5,5,http://api.demo.com/api/users,4805,0,6
1765098188313,4387,HTTP Request - /api/orders,200,OK,Thread Group 1-5,text,true,,2699,334,5,5,http://api.demo.com/api/orders,4387,0,6
1765098188395,102,HTTP Request - /api/products,200,OK,Thread Group 1-1,text,true,,1229,321,5,5,http://api.demo.com/api/products,102,0,9
1765098188487,141,HTTP Request - /api/inventory,200,OK,Thread Group 1-2,text,true,,1563,504,5,5,http://api.demo.com/api/inventory,141,0,1
1765098188606,143,HTTP Request - /api/users,200,OK,Thread Group 1-3,text,true,,2918,450,5,5,http://api.demo.com/api/users,143,0,8
1765098188708,100,HTTP Request - /api/users,200,OK,Thread Group 1-4,text,true,,2337,256,5,5,http://api.demo.com/api/users,100,0,9
1765098188792,149,HTTP Request - /api/users,200,OK,Thread Group 1-5,text,true,,3416,426,5,5,http://api.demo.com/api/users,149,0,5
1765098188889,124,HTTP Request - /api/users,200,OK,Thread Group 1-1,text,true,,3970,507,5,5,http://api.demo.com/api/users,124,0,1
1765098189004,126,HTTP Request - /api/checkout,200,OK,Thread Group 1-2,text,true,,1622,484,5,5,http://api.demo.com/api/checkout,126,0,2
1765098189088,111,HTTP Request - /api/checkout,200,OK,Thread Group 1-3,text,true,,3452,379,5,5,http://api.demo.com/api/checkout,111,0,1
1765098189186,150,HTTP Request - /api/products,200,OK,Thread Group 1-4,text,true,,2973,473,5,5,http://api.demo.com/api/products,150,0,8
1765098189284,98,HTTP Request - /api/orders,200,OK,Thread Group 1-5,text,true,,2388,468,5,5,http://api.demo.com/api/orders,98,0,4
1765098189369,143,HTTP Request - /api/inventory,200,OK,Thread Group 1-1,text,true,,1595,277,5,5,http://api.demo.com/api/inventory,143,0,1
1765098189488,88,HTTP Request - /api/users,200,OK,Thread Group 1-2,text,true,,2968,462,5,5,http://api.demo.com/api/users,88,0,6
1765098189605,149,HTTP Request - /api/orders,200,OK,Thread Group 1-3,text,true,,2936,337,5,5,http://api.demo.com/api/orders,149,0,2
1765098189722,123,HTTP Request - /api/checkout,200,OK,Thread Group 1-4,text,true,,1836,412,5,5,http://api.demo.com/api/checkout,123,0,2
1765098189838,118,HTTP Request - /api/inventory,200,OK,Thread Group 1-5,text,true,,4083,271,5,5,http://api.demo.com/api/inventory,118,0,9
1765098189927,127,HTTP Request - /api/products,200,OK,Thread Group 1-1,text,true,,4036,307,5,5,http://api.demo.com/api/products,127,0,8
1765098190008,122,HTTP Request - /api/inventory,200,OK,Thread Group 1-2,text,true,,2434,418,5,5,http://api.demo.com/api/inventory,122,0,1
1765098190116,83,HTTP Request - /api/orders,200,OK,Thread Group 1-3,text,true,,2070,393,5,5,http://api.demo.com/api/orders,83,0,7
1765098190235,91,HTTP Request - /api/inventory,200,OK,Thread Group 1-4,text,true,,3362,453,5,5,http://api.demo.com/api/inventory,91,0,2
1765098190351,80,HTTP Request - /api/orders,200,OK,Thread Group 1-5,text,true,,3182,397,5,5,http://api.demo.com/api/orders,80,0,8
1765098190471,113,HTTP Request - /api/checkout,200,OK,Thread Group 1-1,text,true,,3408,493,5,5,http://api.demo.com/api/checkout,113,0,9
1765098190563,111,HTTP Request - /api/orders,200,OK,Thread Group 1-2,text,true,,1599,408,5,5,http://api.demo.com/api/orders,111,0,1
1765098190680,108,HTTP Request - /api/orders,200,OK,Thread Group 1-3,text,true,,2634,360,5,5,http://api.demo.com/api/orders,108,0,7
1765098190792,97,HTTP Request - /api/inventory,200,OK,Thread Group 1-4,text,true,,2454,442,5,5,http://api.demo.com/api/inventory,97,0,4
1765098190889,94,HTTP Request - /api/products,200,OK,Thread Group 1-5,text,true,,1056,279,5,5,http://api.demo.com/api/products,94,0,10
1765098190982,116,HTTP Request - /api/products,200,OK,Thread Group 1-1,text,true,,2791,432,5,5,http://api.demo.com/api/products,116,0,3
1765098191067,89,HTTP Request - /api/checkout,200,OK,Thread Group 1-2,text,true,,3597,289,5,5,http://api.demo.com/api/checkout,89,0,3
1765098191148,108,HTTP Request - /api/inventory,200,OK,Thread Group 1-3,text,true,,2628,423,5,5,http://api.demo.com/api/inventory,108,0,8
1765098191268,148,HTTP Request - /api/users,200,OK,Thread Group 1-4,text,true,,3617,430,5,5,http://api.demo.com/api/users,148,0,5
1765098191378,113,HTTP Request - /api/checkout,200,OK,Thread Group 1-5,text,true,,1414,400,5,5,http://api.demo.com/api/checkout,113,0,3
1765098191472,107,HTTP Request - /api/orders,200,OK,Thread Group 1-1,text,true,,2149,422,5,5,http://api.demo.com/api/orders,107,0,10
1765098191583,118,HTTP Request - /api/checkout,200,OK,Thread Group 1-2,text,true,,2739,409,5,5,http://api.demo.com/api/checkout,118,0,7
1765098191689,145,HTTP Request - /api/users,200,OK,Thread Group 1-3,text,true,,4076,377,5,5,http://api.demo.com/api/users,145,0,2
1765098191777,88,HTTP Request - /api/orders,200,OK,Thread Group 1-4,text,true,,1062,378,5,5,http://api.demo.com/api/orders,88,0,3
1765098191885,140,HTTP Request - /api/inventory,200,OK,Thread Group 1-5,text,true,,1080,327,5,5,http://api.demo.com/api/inventory,140,0,2
1765098191969,117,HTTP Request - /api/checkout,200,OK,Thread Group 1-1,text,true,,3017,352,5,5,http://api.demo.com/api/checkout,117,0,10
1765098192061,102,HTTP Request - /api/inventory,200,OK,Thread Group 1-2,text,true,,2358,286,5,5,http://api.demo.com/api/inventory,102,0,3
1765098192143,123,HTTP Request - /api/orders,200,OK,Thread Group 1-3,text,true,,2820,410,5,5,http://api.demo.com/api/orders,123,0,4
1765098192241,117,HTTP Request - /api/checkout,200,OK,Thread Group 1-4,text,true,,3182,478,5,5,http://api.demo.com/api/checkout,117,0,8
1765098192359,123,HTTP Request - /api/inventory,200,OK,Thread Group 1-5,text,true,,3745,385,5,5,http://api.demo.com/api/inventory,123,0,9
1765098192470,144,HTTP Request - /api/checkout,200,OK,Thread Group 1-1,text,true,,2362,417,5,5,http://api.demo.com/api/checkout,144,0,6
1765098192578,86,HTTP Request - /api/inventory,200,OK,Thread Group 1-2,text,true,,2741,311,5,5,http://api.demo.com/api/inventory,86,0,6
1765098192668,121,HTTP Request - /api/products,200,OK,Thread Group 1-3,text,true,,1950,295,5,5,http://api.demo.com/api/products,121,0,3
1765098192748,147,HTTP Request - /api/users,200,OK,Thread Group 1-4,text,true,,2677,379,5,5,http://api.demo.com/api/users,147,0,5
1765098192854,149,HTTP Request - /api/inventory,200,OK,Thread Group 1-5,text,true,,3669,275,5,5,http://api.demo.com/api/inventory,149,0,2
1765098192948,140,HTTP Request - /api/products,200,OK,Thread Group 1-1,text,true,,3425,408,5,5,http://api.demo.com/api/products,140,0,6
1765098193053,143,HTTP Request - /api/orders,200,OK,Thread Group 1-2,text,true,,4046,279,5,5,http://api.demo.com/api/orders,143,0,10
1765098193156,124,HTTP Request - /api/users,200,OK,Thread Group 1-3,text,true,,3023,305,5,5,http://api.demo.com/api/users,124,0,10
1765098193241,107,HTTP Request - /api/checkout,200,OK,Thread Group 1-4,text,true,,1995,311,5,5,http://api.demo.com/api/checkout,107,0,6
1765098193321,142,HTTP Request - /api/orders,200,OK,Thread Group 1-5,text,true,,2339,489,5,5,http://api.demo.com/api/orders,142,0,7
1765098193426,119,HTTP Request - /api/orders,200,OK,Thread Group 1-1,text,true,,3145,321,5,5,http://api.demo.com/api/orders,119,0,3
1765098193514,129,HTTP Request - /api/inventory,200,OK,Thread Group 1-2,text,true,,1843,282,5,5,http://api.demo.com/api/inventory,129,0,3
1765098193634,109,HTTP Request - /api/inventory,200,OK,Thread Group 1-3,text,true,,1420,367,5,5,http://api.demo.com/api/inventory,109,0,2
1765098193733,138,HTTP Request - /api/checkout,200,OK,Thread Group 1-4,text,true,,3114,377,5,5,http://api.demo.com/api/checkout,138,0,6
1765098193817,96,HTTP Request - /api/products,200,OK,Thread Group 1-5,text,true,,1154,320,5,5,http://api.demo.com/api/products,96,0,6
1765098193937,103,HTTP Request - /api/checkout,200,OK,Thread Group 1-1,text,true,,2609,376,5,5,http://api.demo.com/api/checkout,103,0,7
1765098194046,125,HTTP Request - /api/users,200,OK,Thread Group 1-2,text,true,,3064,507,5,5,http://api.demo.com/api/users,125,0,7
1765098194144,81,HTTP Request - /api/orders,200,OK,Thread Group 1-3,text,true,,3015,281,5,5,http://api.demo.com/api/orders,81,0,6
1765098194248,137,HTTP Request - /api/products,200,OK,Thread Group 1-4,text,true,,4016,293,5,5,http://api.demo.com/api/products,137,0,2
1765098194358,96,HTTP Request - /api/checkout,200,OK,Thread Group 1-5,text,true,,1816,341,5,5,http://api.demo.com/api/checkout,96,0,1
1765098194444,138,HTTP Request - /api/products,200,OK,Thread Group 1-1,text,true,,2909,352,5,5,http://api.demo.com/api/products,138,0,8
1765098194544,137,HTTP Request - /api/inventory,200,OK,Thread Group 1-2,text,true,,1608,338,5,5,http://api.demo.com/api/inventory,137,0,6
1765098194631,123,HTTP Request - /api/users,200,OK,Thread Group 1-3,text,true,,3288,409,5,5,http://api.demo.com/api/users,123,0,4
1765098194712,108,HTTP Request - /api/products,200,OK,Thread Group 1-4,text,true,,3364,458,5,5,http://api.demo.com/api/products,108,0,8
1765098194796,113,HTTP Request - /api/users,200,OK,Thread Group 1-5,text,true,,2221,330,5,5,http://api.demo.com/api/users,113,0,1
1765098194880,87,HTTP Request - /api/products,200,OK,Thread Group 1-1,text,true,,1998,326,5,5,http://api.demo.com/api/products,87,0,5
1765098194996,112,HTTP Request - /api/users,200,OK,Thread Group 1-2,text,true,,1286,405,5,5,http://api.demo.com/api/users,112,0,5
1765098195095,130,HTTP Request - /api/products,200,OK,Thread Group 1-3,text,true,,1365,490,5,5,http://api.demo.com/api/products,130,0,2
1765098195176,150,HTTP Request - /api/inventory,200,OK,Thread Group 1-4,text,true,,1438,450,5,5,http://api.demo.com/api/inventory,150,0,9
1765098195277,97,HTTP Request - /api/inventory,200,OK,Thread Group 1-5,text,true,,1312,257,5,5,http://api.demo.com/api/inventory,97,0,1
1765098195360,99,HTTP Request - /api/users,200,OK,Thread Group 1-1,text,true,,3052,438,5,5,http://api.demo.com/api/users,99,0,10
1765098195443,109,HTTP Request - /api/checkout,200,OK,Thread Group 1-2,text,true,,1720,495,5,5,http://api.demo.com/api/checkout,109,0,4
1765098195541,105,HTTP Request - /api/orders,200,OK,Thread Group 1-3,text,true,,3800,314,5,5,http://api.demo.com/api/orders,105,0,6
1765098195629,107,HTTP Request - /api/orders,200,OK,Thread Group 1-4,text,true,,3706,271,5,5,http://api.demo.com/api/orders,107,0,4
1765098195749,127,HTTP Request - /api/users,200,OK,Thread Group 1-5,text,true,,1578,452,5,5,http://api.demo.com/api/users,127,0,1
1765098195840,147,HTTP Request - /api/users,200,OK,Thread Group 1-1,text,true,,2028,284,5,5,http://api.demo.com/api/users,147,0,7
1765098195932,101,HTTP Request - /api/users,200,OK,Thread Group 1-2,text,true,,2561,326,5,5,http://api.demo.com/api/users,101,0,10
1765098196050,94,HTTP Request - /api/inventory,200,OK,Thread Group 1-3,text,true,,3321,263,5,5,http://api.demo.com/api/inventory,94,0,9
1765098196154,80,HTTP Request - /api/orders,200,OK,Thread Group 1-4,text,true,,2607,309,5,5,http://api.demo.com/api/orders,80,0,8
1765098196268,129,HTTP Request - /api/users,200,OK,Thread Group 1-5,text,true,,1803,489,5,5,http://api.demo.com/api/users,129,0,4
1765098196366,145,HTTP Request - /api/products,200,OK,Thread Group 1-1,text,true,,3340,512,5,5,http://api.demo.com/api/products,145,0,3
1765098196457,125,HTTP Request - /api/products,200,OK,Thread Group 1-2,text,true,,3669,477,5,5,http://api.demo.com/api/products,125,0,2
1765098196552,99,HTTP Request - /api/orders,200,OK,Thread Group 1-3,text,true,,2756,340,5,5,http://api.demo.com/api/orders,99,0,8
1765098196652,126,HTTP Request - /api/orders,200,OK,Thread Group 1-4,text,true,,3305,460,5,5,http://api.demo.com/api/orders,126,0,7
1765098196742,124,HTTP Request - /api/inventory,200,OK,Thread Group 1-5,text,true,,1252,489,5,5,http://api.demo.com/api/inventory,124,0,2
1765098196849,150,HTTP Request - /api/inventory,200,OK,Thread Group 1-1,text,true,,1460,274,5,5,http://api.demo.com/api/inventory,150,0,10
1765098196963,127,HTTP Request - /api/checkout,200,OK,Thread Group 1-2,text,true,,4000,362,5,5,http://api.demo.com/api/checkout,127,0,3
1765098197064,128,HTTP Request - /api/orders,200,OK,Thread Group 1-3,text,true,,2231,475,5,5,http://api.demo.com/api/orders,128,0,2
1765098197168,82,HTTP Request - /api/orders,200,OK,Thread Group 1-4,text,true,,3184,392,5,5,http://api.demo.com/api/orders,82,0,9
1765098197278,149,HTTP Request - /api/users,200,OK,Thread Group 1-5,text,true,,2791,508,5,5,http://api.demo.com/api/users,149,0,4
1765098197385,126,HTTP Request - /api/inventory,200,OK,Thread Group 1-1,text,true,,2325,376,5,5,http://api.demo.com/api/inventory,126,0,7
1765098197475,149,HTTP Request - /api/checkout,200,OK,Thread Group 1-2,text,true,,1597,508,5,5,http://api.demo.com/api/checkout,149,0,3
1765098197589,148,HTTP Request - /api/checkout,200,OK,Thread Group 1-3,text,true,,1443,484,5,5,http://api.demo.com/api/checkout,148,0,3
1765098197689,86,HTTP Request - /api/users,200,OK,Thread Group 1-4,text,true,,1713,291,5,5,http://api.demo.com/api/users,86,0,9
1765098197769,126,HTTP Request - /api/checkout,200,OK,Thread Group 1-5,text,true,,3378,492,5,5,http://api.demo.com/api/checkout,126,0,10
1765098197874,129,HTTP Request - /api/users,200,OK,Thread Group 1-1,text,true,,1572,294,5,5,http://api.demo.com/api/users,129,0,7
1765098197962,120,HTTP Request - /api/orders,200,OK,Thread Group 1-2,text,true,,3746,336,5,5,http://api.demo.com/api/orders,120,0,8
1765098198054,109,HTTP Request - /api/products,200,OK,Thread Group 1-3,text,true,,1748,302,5,5,http://api.demo.com/api/products,109,0,10
1765098198171,129,HTTP Request - /api/products,200,OK,Thread Group 1-4,text,true,,2690,445,5,5,http://api.demo.com/api/products,129,0,8
1765098198263,103,HTTP Request - /api/orders,200,OK,Thread Group 1-5,text,true,,3709,414,5,5,http://api.demo.com/api/orders,103,0,7
1765098198356,91,HTTP Request - /api/orders,200,OK,Thread Group 1-1,text,true,,3673,303,5,5,http://api.demo.com/api/orders,91,0,7
1765098198443,112,HTTP Request - /api/users,200,OK,Thread Group 1-2,text,true,,3617,477,5,5,http://api.demo.com/api/users,112,0,5
1765098198554,95,HTTP Request - /api/users,200,OK,Thread Group 1-3,text,true,,1261,502,5,5,http://api.demo.com/api/users,95,0,1
1765098198634,150,HTTP Request - /api/products,200,OK,Thread Group 1-4,text,true,,1816,492,5,5,http://api.demo.com/api/products,150,0,5
1765098198722,119,HTTP Request - /api/checkout,200,OK,Thread Group 1-5,text,true,,3077,508,5,5,http://api.demo.com/api/checkout,119,0,5
1765098198803,121,HTTP Request - /api/orders,200,OK,Thread Group 1-1,text,true,,2605,275,5,5,http://api.demo.com/api/orders,121,0,2
1765098198920,88,HTTP Request - /api/users,200,OK,Thread Group 1-2,text,true,,3855,472,5,5,http://api.demo.com/api/users,88,0,5
1765098199020,95,HTTP Request - /api/orders,200,OK,Thread Group 1-3,text,true,,2513,456,5,5,http://api.demo.com/api/orders,95,0,6
1765098199120,109,HTTP Request - /api/orders,200,OK,Thread Group 1-4,text,true,,2789,302,5,5,http://api.demo.com/api/orders,109,0,5
1765098199238,125,HTTP Request - /api/inventory,200,OK,Thread Group 1-5,text,true,,1357,427,5,5,http://api.demo.com/api/inventory,125,0,10
1765098199340,99,HTTP Request - /api/inventory,200,OK,Thread Group 1-1,text,true,,1429,381,5,5,http://api.demo.com/api/inventory,99,0,10
1765098199434,147,HTTP Request - /api/products,200,OK,Thread Group 1-2,text,true,,2210,318,5,5,http://api.demo.com/api/products,147,0,2
1765098199523,94,HTTP Request - /api/inventory,200,OK,Thread Group 1-3,text,true,,1147,358,5,5,http://api.demo.com/api/inventory,94,0,6
1765098199609,99,HTTP Request - /api/products,200,OK,Thread Group 1-4,text,true,,2511,435,5,5,http://api.demo.com/api/products,99,0,5
1765098199689,86,HTTP Request - /api/products,200,OK,Thread Group 1-5,text,true,,3318,396,5,5,http://api.demo.com/api/products,86,0,3
1765098199781,111,HTTP Request - /api/checkout,200,OK,Thread Group 1-1,text,true,,2606,319,5,5,http://api.demo.com/api/checkout,111,0,2
1765098199876,82,HTTP Request - /api/products,200,OK,Thread Group 1-2,text,true,,3342,486,5,5,http://api.demo.com/api/products,82,0,1
1765098199964,117,HTTP Request - /api/products,200,OK,Thread Group 1-3,text,true,,2166,471,5,5,http://api.demo.com/api/products,117,0,4
1765098200047,104,HTTP Request - /api/users,200,OK,Thread Group 1-4,text,true,,2103,503,5,5,http://api.demo.com/api/users,104,0,3
1765098200155,135,HTTP Request - /api/checkout,200,OK,Thread Group 1-5,text,true,,3799,510,5,5,http://api.demo.com/api/checkout,135,0,2
1765098200249,128,HTTP Request - /api/products,200,OK,Thread Group 1-1,text,true,,1660,418,5,5,http://api.demo.com/api/products,128,0,3
1765098200329,118,HTTP Request - /api/inventory,200,OK,Thread Group 1-2,text,true,,3454,455,5,5,http://api.demo.com/api/inventory,118,0,5
1765098200419,118,HTTP Request - /api/users,200,OK,Thread Group 1-3,text,true,,1444,480,5,5,http://api.demo.com/api/users,118,0,2
1765098200519,80,HTTP Request - /api/orders,200,OK,Thread Group 1-4,text,true,,4094,504,5,5,http://api.demo.com/api/orders,80,0,6
1765098200634,120,HTTP Request - /api/checkout,200,OK,Thread Group 1-5,text,true,,3741,418,5,5,http://api.demo.com/api/checkout,120,0,5
1765098200747,131,HTTP Request - /api/products,200,OK,Thread Group 1-1,text,true,,3099,358,5,5,http://api.demo.com/api/products,131,0,7
1765098200840,150,HTTP Request - /api/inventory,200,OK,Thread Group 1-2,text,true,,3401,328,5,5,http://api.demo.com/api/inventory,150,0,10
1765098200956,94,HTTP Request - /api/inventory,200,OK,Thread Group 1-3,text,true,,3848,389,5,5,http://api.demo.com/api/inventory,94,0,3
1765098201064,117,HTTP Request - /api/orders,200,OK,Thread Group 1-4,text,true,,1975,488,5,5,http://api.demo.com/api/orders,117,0,2
1765098201146,81,HTTP Request - /api/checkout,200,OK,Thread Group 1-5,text,true,,1811,295,5,5,http://api.demo.com/api/checkout,81,0,4
1765098201240,89,HTTP Request - /api/inventory,200,OK,Thread Group 1-1,text,true,,3570,304,5,5,http://api.demo.com/api/inventory,89,0,9
1765098201353,109,HTTP Request - /api/inventory,200,OK,Thread Group 1-2,text,true,,2051,411,5,5,http://api.demo.com/api/inventory,109,0,8
1765098201438,128,HTTP Request - /api/inventory,200,OK,Thread Group 1-3,text,true,,3982,510,5,5,http://api.demo.com/api/inventory,128,0,1
1765098201536,81,HTTP Request - /api/checkout,200,OK,Thread Group 1-4,text,true,,2939,357,5,5,http://api.demo.com/api/checkout,81,0,6
1765098201637,114,HTTP Request - /api/users,200,OK,Thread Group 1-5,text,true,,3164,352,5,5,http://api.demo.com/api/users,114,0,9
1765098201727,130,HTTP Request - /api/products,200,OK,Thread Group 1-1,text,true,,3276,303,5,5,http://api.demo.com/api/products,130,0,5
1765098201824,106,HTTP Request - /api/products,200,OK,Thread Group 1-2,text,true,,2188,335,5,5,http://api.demo.com/api/products,106,0,2
1765098201943,106,HTTP Request - /api/orders,200,OK,Thread Group 1-3,text,true,,2265,316,5,5,http://api.demo.com/api/orders,106,0,8
1765098202045,148,HTTP Request - /api/products,200,OK,Thread Group 1-4,text,true,,3293,273,5,5,http://api.demo.com/api/products,148,0,8
1765098202134,110,HTTP Request - /api/products,200,OK,Thread Group 1-5,text,true,,2350,496,5,5,http://api.demo.com/api/products,110,0,8
1765098202217,112,HTTP Request - /api/inventory,200,OK,Thread Group 1-1,text,true,,3456,478,5,5,http://api.demo.com/api/inventory,112,0,2
1765098202311,114,HTTP Request - /api/orders,200,OK,Thread Group 1-2,text,true,,2329,473,5,5,http://api.demo.com/api/orders,114,0,5
1765098202431,126,HTTP Request - /api/products,200,OK,Thread Group 1-3,text,true,,3173,269,5,5,http://api.demo.com/api/products,126,0,1
1765098202515,82,HTTP Request - /api/inventory,200,OK,Thread Group 1-4,text,true,,3791,319,5,5,http://api.demo.com/api/inventory,82,0,3
1765098202633,90,HTTP Request - /api/products,200,OK,Thread Group 1-5,text,true,,3902,484,5,5,http://api.demo.com/api/products,90,0,8
1765098202714,82,HTTP Request - /api/orders,200,OK,Thread Group 1-1,text,true,,3464,407,5,5,http://api.demo.com/api/orders,82,0,2
1765098202819,115,HTTP Request - /api/orders,200,OK,Thread Group 1-2,text,true,,2783,508,5,5,http://api.demo.com/api/orders,115,0,7
1765098202932,95,HTTP Request - /api/products,200,OK,Thread Group 1-3,text,true,,2557,290,5,5,http://api.demo.com/api/products,95,0,4
1765098203052,84,HTTP Request - /api/users,200,OK,Thread Group 1-4,text,true,,3048,497,5,5,http://api.demo.com/api/users,84,0,9
1765098203141,81,HTTP Request - /api/inventory,200,OK,Thread Group 1-5,text,true,,3709,329,5,5,http://api.demo.com/api/inventory,81,0,9
1765098203260,141,HTTP Request - /api/orders,200,OK,Thread Group 1-1,text,true,,1363,436,5,5,http://api.demo.com/api/orders,141,0,6
1765098203363,84,HTTP Request - /api/checkout,200,OK,Thread Group 1-2,text,true,,2041,367,5,5,http://api.demo.com/api/checkout,84,0,4
1765098203451,128,HTTP Request - /api/products,200,OK,Thread Group 1-3,text,true,,1036,326,5,5,http://api.demo.com/api/products,128,0,10
1765098203571,122,HTTP Request - /api/users,200,OK,Thread Group 1-4,text,true,,3534,292,5,5,http://api.demo.com/api/users,122,0,2
1765098203677,110,HTTP Request - /api/checkout,200,OK,Thread Group 1-5,text,true,,3967,334,5,5,http://api.demo.com/api/checkout,110,0,6
1765098203761,81,HTTP Request - /api/inventory,200,OK,Thread Group 1-1,text,true,,1347,318,5,5,http://api.demo.com/api/inventory,81,0,5
1765098203844,127,HTTP Request - /api/users,200,OK,Thread Group 1-2,text,true,,3652,504,5,5,http://api.demo.com/api/users,127,0,1
1765098203931,150,HTTP Request - /api/inventory,200,OK,Thread Group 1-3,text,true,,1107,391,5,5,http://api.demo.com/api/inventory,150,0,7
1765098204023,82,HTTP Request - /api/users,200,OK,Thread Group 1-4,text,true,,2670,260,5,5,http://api.demo.com/api/users,82,0,2
1765098204139,83,HTTP Request - /api/checkout,200,OK,Thread Group 1-5,text,true,,3788,479,5,5,http://api.demo.com/api/checkout,83,0,3
1765098204224,113,HTTP Request - /api/inventory,200,OK,Thread Group 1-1,text,true,,3166,481,5,5,http://api.demo.com/api/inventory,113,0,3
1765098204319,130,HTTP Request - /api/users,200,OK,Thread Group 1-2,text,true,,2572,429,5,5,http://api.demo.com/api/users,130,0,5
1765098204412,83,HTTP Request - /api/products,200,OK,Thread Group 1-3,text,true,,2334,290,5,5,http://api.demo.com/api/products,83,0,6
1765098204530,88,HTTP Request - /api/products,200,OK,Thread Group 1-4,text,true,,1038,452,5,5,http://api.demo.com/api/products,88,0,3
1765098204629,88,HTTP Request - /api/users,200,OK,Thread Group 1-5,text,true,,3551,380,5,5,http://api.demo.com/api/users,88,0,3
1765098204741,134,HTTP Request - /api/products,200,OK,Thread Group 1-1,text,true,,2942,447,5,5,http://api.demo.com/api/products,134,0,5
1765098204833,101,HTTP Request - /api/checkout,200,OK,Thread Group 1-2,text,true,,2497,492,5,5,http://api.demo.com/api/checkout,101,0,7
1765098204934,131,HTTP Request - /api/checkout,200,OK,Thread Group 1-3,text,true,,1450,366,5,5,http://api.demo.com/api/checkout,131,0,1
1765098205021,108,HTTP Request - /api/inventory,200,OK,Thread Group 1-4,text,true,,2050,383,5,5,http://api.demo.com/api/inventory,108,0,6
1765098205105,89,HTTP Request - /api/users,200,OK,Thread Group 1-5,text,true,,1531,301,5,5,http://api.demo.com/api/users,89,0,10
1765098205198,98,HTTP Request - /api/products,200,OK,Thread Group 1-1,text,true,,3264,455,5,5,http://api.demo.com/api/products,98,0,10
1765098205297,106,HTTP Request - /api/checkout,200,OK,Thread Group 1-2,text,true,,1624,344,5,5,http://api.demo.com/api/checkout,106,0,4
1765098205407,118,HTTP Request - /api/checkout,200,OK,Thread Group 1-3,text,true,,3969,403,5,5,http://api.demo.com/api/checkout,118,0,2
1765098205515,147,HTTP Request - /api/users,200,OK,Thread Group 1-4,text,true,,2414,512,5,5,http://api.demo.com/api/users,147,0,7
1765098205625,137,HTTP Request - /api/orders,200,OK,Thread Group 1-5,text,true,,3335,415,5,5,http://api.demo.com/api/orders,137,0,3
1765098205718,135,HTTP Request - /api/users,200,OK,Thread Group 1-1,text,true,,1854,512,5,5,http://api.demo.com/api/users,135,0,10
1765098205828,88,HTTP Request - /api/inventory,200,OK,Thread Group 1-2,text,true,,3972,379,5,5,http://api.demo.com/api/inventory,88,0,2
1765098205940,111,HTTP Request - /api/products,200,OK,Thread Group 1-3,text,true,,3750,376,5,5,http://api.demo.com/api/products,111,0,3
1765098206046,94,HTTP Request - /api/inventory,200,OK,Thread Group 1-4,text,true,,2401,315,5,5,http://api.demo.com/api/inventory,94,0,3
1765098206163,109,HTTP Request - /api/users,200,OK,Thread Group 1-5,text,true,,1785,363,5,5,http://api.demo.com/api/users,109,0,10
1765098206256,123,HTTP Request - /api/orders,200,OK,Thread Group 1-1,text,true,,3685,260,5,5,http://api.demo.com/api/orders,123,0,3
1765098206368,130,HTTP Request - /api/checkout,200,OK,Thread Group 1-2,text,true,,3006,259,5,5,http://api.demo.com/api/checkout,130,0,8
1765098206466,81,HTTP Request - /api/products,200,OK,Thread Group 1-3,text,true,,2317,291,5,5,http://api.demo.com/api/products,81,0,10
1765098206565,96,HTTP Request - /api/users,200,OK,Thread Group 1-4,text,true,,2440,295,5,5,http://api.demo.com/api/users,96,0,2
1765098206675,98,HTTP Request - /api/inventory,200,OK,Thread Group 1-5,text,true,,2559,485,5,5,http://api.demo.com/api/inventory,98,0,2
1765098206778,96,HTTP Request - /api/products,200,OK,Thread Group 1-1,text,true,,1488,492,5,5,http://api.demo.com/api/products,96,0,5
1765098206876,119,HTTP Request - /api/products,200,OK,Thread Group 1-2,text,true,,2457,269,5,5,http://api.demo.com/api/products,119,0,9
1765098206991,137,HTTP Request - /api/orders,200,OK,Thread Group 1-3,text,true,,1624,280,5,5,http://api.demo.com/api/orders,137,0,9
1765098207088,89,HTTP Request - /api/orders,200,OK,Thread Group 1-4,text,true,,3620,337,5,5,http://api.demo.com/api/orders,89,0,4
1765098207204,146,HTTP Request - /api/orders,200,OK,Thread Group 1-5,text,true,,1119,389,5,5,http://api.demo.com/api/orders,146,0,7
1765098207319,108,HTTP Request - /api/inventory,200,OK,Thread Group 1-1,text,true,,1323,307,5,5,http://api.demo.com/api/inventory,108,0,1
1765098207416,136,HTTP Request - /api/checkout,200,OK,Thread Group 1-2,text,true,,1300,445,5,5,http://api.demo.com/api/checkout,136,0,9
1765098207525,140,HTTP Request - /api/orders,200,OK,Thread Group 1-3,text,true,,1877,290,5,5,http://api.demo.com/api/orders,140,0,7
1765098207622,84,HTTP Request - /api/orders,200,OK,Thread Group 1-4,text,true,,2286,372,5,5,http://api.demo.com/api/orders,84,0,2
1765098207715,102,HTTP Request - /api/products,200,OK,Thread Group 1-5,text,true,,1534,506,5,5,http://api.demo.com/api/products,102,0,8
1765098207811,133,HTTP Request - /api/checkout,200,OK,Thread Group 1-1,text,true,,2633,358,5,5,http://api.demo.com/api/checkout,133,0,6
1765098207894,130,HTTP Request - /api/orders,200,OK,Thread Group 1-2,text,true,,3119,481,5,5,http://api.demo.com/api/orders,130,0,9
1765098207976,126,HTTP Request - /api/users,200,OK,Thread Group 1-3,text,true,,2172,391,5,5,http://api.demo.com/api/users,126,0,5
1765098208088,140,HTTP Request - /api/products,200,OK,Thread Group 1-4,text,true,,1044,296,5,5,http://api.demo.com/api/products,140,0,7
1765098208177,85,HTTP Request - /api/orders,200,OK,Thread Group 1-5,text,true,,1367,301,5,5,http://api.demo.com/api/orders,85,0,6
1765098208263,96,HTTP Request - /api/inventory,200,OK,Thread Group 1-1,text,true,,3688,321,5,5,http://api.demo.com/api/inventory,96,0,2
1765098208382,85,HTTP Request - /api/orders,200,OK,Thread Group 1-2,text,true,,2142,349,5,5,http://api.demo.com/api/orders,85,0,8
1765098208485,108,HTTP Request - /api/users,200,OK,Thread Group 1-3,text,true,,1645,431,5,5,http://api.demo.com/api/users,108,0,7
1765098208578,81,HTTP Request - /api/products,200,OK,Thread Group 1-4,text,true,,2278,317,5,5,http://api.demo.com/api/products,81,0,4
1765098208683,108,HTTP Request - /api/products,200,OK,Thread Group 1-5,text,true,,3084,419,5,5,http://api.demo.com/api/products,108,0,4
1765098208766,93,HTTP Request - /api/products,200,OK,Thread Group 1-1,text,true,,1199,327,5,5,http://api.demo.com/api/products,93,0,3
1765098208867,88,HTTP Request - /api/orders,200,OK,Thread Group 1-2,text,true,,3940,492,5,5,http://api.demo.com/api/orders,88,0,8
1765098208976,100,HTTP Request - /api/orders,200,OK,Thread Group 1-3,text,true,,2828,285,5,5,http://api.demo.com/api/orders,100,0,7
1765098209087,148,HTTP Request - /api/orders,200,OK,Thread Group 1-4,text,true,,1596,394,5,5,http://api.demo.com/api/orders,148,0,3
1765098209168,137,HTTP Request - /api/users,200,OK,Thread Group 1-5,text,true,,3036,257,5,5,http://api.demo.com/api/users,137,0,4
1765098209254,139,HTTP Request - /api/users,200,OK,Thread Group 1-1,text,true,,2751,487,5,5,http://api.demo.com/api/users,139,0,8
1765098209348,116,HTTP Request - /api/orders,200,OK,Thread Group 1-2,text,true,,3701,268,5,5,http://api.demo.com/api/orders,116,0,8
1765098209438,129,HTTP Request - /api/inventory,200,OK,Thread Group 1-3,text,true,,2857,413,5,5,http://api.demo.com/api/inventory,129,0,4
1765098209522,98,HTTP Request - /api/inventory,200,OK,Thread Group 1-4,text,true,,2629,367,5,5,http://api.demo.com/api/inventory,98,0,8
1765098209602,114,HTTP Request - /api/inventory,200,OK,Thread Group 1-5,text,true,,2634,295,5,5,http://api.demo.com/api/inventory,114,0,10
1765098209700,141,HTTP Request - /api/users,200,OK,Thread Group 1-1,text,true,,2057,271,5,5,http://api.demo.com/api/users,141,0,2
1765098209818,102,HTTP Request - /api/products,200,OK,Thread Group 1-2,text,true,,3091,467,5,5,http://api.demo.com/api/products,102,0,7
1765098209898,93,HTTP Request - /api/products,200,OK,Thread Group 1-3,text,true,,1438,441,5,5,http://api.demo.com/api/products,93,0,2
1765098209982,141,HTTP Request - /api/orders,200,OK,Thread Group 1-4,text,true,,1599,352,5,5,http://api.demo.com/api/orders,141,0,6
1765098210102,137,HTTP Request - /api/products,200,OK,Thread Group 1-5,text,true,,2879,313,5,5,http://api.demo.com/api/products,137,0,6
1765098210182,122,HTTP Request - /api/orders,200,OK,Thread Group 1-1,text,true,,1819,432,5,5,http://api.demo.com/api/orders,122,0,9
1765098210275,133,HTTP Request - /api/checkout,200,OK,Thread Group 1-2,text,true,,1673,316,5,5,http://api.demo.com/api/checkout,133,0,3
1765098210388,124,HTTP Request - /api/inventory,200,OK,Thread Group 1-3,text,true,,2301,270,5,5,http://api.demo.com/api/inventory,124,0,6
1765098210499,116,HTTP Request - /api/products,200,OK,Thread Group 1-4,text,true,,1923,455,5,5,http://api.demo.com/api/products,116,0,3
1765098210583,139,HTTP Request - /api/checkout,200,OK,Thread Group 1-5,text,true,,2698,496,5,5,http://api.demo.com/api/checkout,139,0,8
1765098210688,121,HTTP Request - /api/users,200,OK,Thread Group 1-1,text,true,,3897,508,5,5,http://api.demo.com/api/users,121,0,4
1765098210788,126,HTTP Request - /api/checkout,200,OK,Thread Group 1-2,text,true,,1342,399,5,5,http://api.demo.com/api/checkout,126,0,4
1765098210908,102,HTTP Request - /api/products,200,OK,Thread Group 1-3,text,true,,4070,458,5,5,http://api.demo.com/api/products,102,0,5
1765098211012,137,HTTP Request - /api/users,200,OK,Thread Group 1-4,text,true,,3617,374,5,5,http://api.demo.com/api/users,137,0,4
1765098211132,102,HTTP Request - /api/inventory,200,OK,Thread Group 1-5,text,true,,3124,371,5,5,http://api.demo.com/api/inventory,102,0,10
1765098211232,124,HTTP Request - /api/products,200,OK,Thread Group 1-1,text,true,,3125,303,5,5,http://api.demo.com/api/products,124,0,2
1765098211334,98,HTTP Request - /api/orders,200,OK,Thread Group 1-2,text,true,,3476,316,5,5,http://api.demo.com/api/orders,98,0,10
1765098211441,91,HTTP Request - /api/users,200,OK,Thread Group 1-3,text,true,,2135,378,5,5,http://api.demo.com/api/users,91,0,2
1765098211545,126,HTTP Request - /api/products,200,OK,Thread Group 1-4,text,true,,3707,477,5,5,http://api.demo.com/api/products,126,0,3
1765098211658,143,HTTP Request - /api/checkout,200,OK,Thread Group 1-5,text,true,,2995,503,5,5,http://api.demo.com/api/checkout,143,0,4
1765098211749,117,HTTP Request - /api/inventory,200,OK,Thread Group 1-1,text,true,,1867,431,5,5,http://api.demo.com/api/inventory,117,0,4
1765098211836,105,HTTP Request - /api/users,200,OK,Thread Group 1-2,text,true,,3150,502,5,5,http://api.demo.com/api/users,105,0,7
1765098211924,111,HTTP Request - /api/orders,200,OK,Thread Group 1-3,text,true,,4023,475,5,5,http://api.demo.com/api/orders,111,0,10
1765098212020,92,HTTP Request - /api/orders,200,OK,Thread Group 1-4,text,true,,3624,393,5,5,http://api.demo.com/api/orders,92,0,9
1765098212102,90,HTTP Request - /api/orders,200,OK,Thread Group 1-5,text,true,,1376,362,5,5,http://api.demo.com/api/orders,90,0,2
1765098212222,127,HTTP Request - /api/orders,200,OK,Thread Group 1-1,text,true,,2674,342,5,5,http://api.demo.com/api/orders,127,0,8
1765098212311,135,HTTP Request - /api/products,200,OK,Thread Group 1-2,text,true,,1195,314,5,5,http://api.demo.com/api/products,135,0,2
1765098212426,135,HTTP Request - /api/orders,200,OK,Thread Group 1-3,text,true,,1443,374,5,5,http://api.demo.com/api/orders,135,0,3
1765098212542,123,HTTP Request - /api/products,200,OK,Thread Group 1-4,text,true,,1464,489,5,5,http://api.demo.com/api/products,123,0,6
1765098212645,149,HTTP Request - /api/products,200,OK,Thread Group 1-5,text,true,,3284,497,5,5,http://api.demo.com/api/products,149,0,3
1765098212752,91,HTTP Request - /api/checkout,200,OK,Thread Group 1-1,text,true,,2833,494,5,5,http://api.demo.com/api/checkout,91,0,9
1765098212868,141,HTTP Request - /api/orders,200,OK,Thread Group 1-2,text,true,,1700,385,5,5,http://api.demo.com/api/orders,141,0,1
1765098212953,117,HTTP Request - /api/orders,200,OK,Thread Group 1-3,text,true,,1276,470,5,5,http://api.demo.com/api/orders,117,0,1
1765098213071,146,HTTP Request - /api/orders,200,OK,Thread Group 1-4,text,true,,4063,410,5,5,http://api.demo.com/api/orders,146,0,2
1765098213164,141,HTTP Request - /api/checkout,200,OK,Thread Group 1-5,text,true,,3958,399,5,5,http://api.demo.com/api/checkout,141,0,1
1765098213267,129,HTTP Request - /api/inventory,200,OK,Thread Group 1-1,text,true,,3209,294,5,5,http://api.demo.com/api/inventory,129,0,8
1765098213363,147,HTTP Request - /api/users,200,OK,Thread Group 1-2,text,true,,2261,314,5,5,http://api.demo.com/api/users,147,0,6
1765098213446,94,HTTP Request - /api/products,200,OK,Thread Group 1-3,text,true,,2778,509,5,5,http://api.demo.com/api/products,94,0,5
1765098213539,141,HTTP Request - /api/users,200,OK,Thread Group 1-4,text,true,,3939,461,5,5,http://api.demo.com/api/users,141,0,1
1765098213628,127,HTTP Request - /api/users,200,OK,Thread Group 1-5,text,true,,3961,361,5,5,http://api.demo.com/api/users,127,0,3
1765098213716,86,HTTP Request - /api/users,200,OK,Thread Group 1-1,text,true,,1443,424,5,5,http://api.demo.com/api/users,86,0,9
1765098213820,127,HTTP Request - /api/orders,200,OK,Thread Group 1-2,text,true,,3566,286,5,5,http://api.demo.com/api/orders,127,0,4
1765098213901,119,HTTP Request - /api/checkout,200,OK,Thread Group 1-3,text,true,,2790,434,5,5,http://api.demo.com/api/checkout,119,0,2
1765098214006,106,HTTP Request - /api/products,200,OK,Thread Group 1-4,text,true,,4019,489,5,5,http://api.demo.com/api/products,106,0,4
1765098214114,80,HTTP Request - /api/checkout,200,OK,Thread Group 1-5,text,true,,1419,477,5,5,http://api.demo.com/api/checkout,80,0,9
1765098214230,89,HTTP Request - /api/checkout,200,OK,Thread Group 1-1,text,true,,3993,277,5,5,http://api.demo.com/api/checkout,89,0,2
1765098214310,137,HTTP Request - /api/orders,200,OK,Thread Group 1-2,text,true,,2968,472,5,5,http://api.demo.com/api/orders,137,0,5
1765098214399,113,HTTP Request - /api/users,200,OK,Thread Group 1-3,text,true,,1816,435,5,5,http://api.demo.com/api/users,113,0,2
1765098214496,87,HTTP Request - /api/checkout,200,OK,Thread Group 1-4,text,true,,1754,487,5,5,http://api.demo.com/api/checkout,87,0,1
1765098214594,121,HTTP Request - /api/checkout,200,OK,Thread Group 1-5,text,true,,2781,340,5,5,http://api.demo.com/api/checkout,121,0,8
1765098214687,104,HTTP Request - /api/checkout,200,OK,Thread Group 1-1,text,true,,3132,366,5,5,http://api.demo.com/api/checkout,104,0,5
1765098214789,93,HTTP Request - /api/products,200,OK,Thread Group 1-2,text,true,,1765,420,5,5,http://api.demo.com/api/products,93,0,6
1765098214874,148,HTTP Request - /api/inventory,200,OK,Thread Group 1-3,text,true,,2702,430,5,5,http://api.demo.com/api/inventory,148,0,8
1765098214972,86,HTTP Request - /api/orders,200,OK,Thread Group 1-4,text,true,,2860,464,5,5,http://api.demo.com/api/orders,86,0,1
1765098215086,111,HTTP Request - /api/orders,200,OK,Thread Group 1-5,text,true,,2343,437,5,5,http://api.demo.com/api/orders,111,0,2
1765098215196,94,HTTP Request - /api/users,200,OK,Thread Group 1-1,text,true,,3902,317,5,5,http://api.demo.com/api/users,94,0,9
1765098215285,82,HTTP Request - /api/orders,200,OK,Thread Group 1-2,text,true,,2985,414,5,5,http://api.demo.com/api/orders,82,0,10
1765098215375,107,HTTP Request - /api/products,200,OK,Thread Group 1-3,text,true,,1764,406,5,5,http://api.demo.com/api/products,107,0,2
1765098215470,96,HTTP Request - /api/inventory,200,OK,Thread Group 1-4,text,true,,1910,396,5,5,http://api.demo.com/api/inventory,96,0,2
1765098215553,148,HTTP Request - /api/users,200,OK,Thread Group 1-5,text,true,,2411,340,5,5,http://api.demo.com/api/users,148,0,7
1765098215641,141,HTTP Request - /api/products,200,OK,Thread Group 1-1,text,true,,1495,315,5,5,http://api.demo.com/api/products,141,0,5
1765098215734,137,HTTP Request - /api/orders,200,OK,Thread Group 1-2,text,true,,2494,455,5,5,http://api.demo.com/api/orders,137,0,7
1765098215826,116,HTTP Request - /api/products,200,OK,Thread Group 1-3,text,true,,1451,402,5,5,http://api.demo.com/api/products,116,0,9
1765098215917,83,HTTP Request - /api/inventory,200,OK,Thread Group 1-4,text,true,,1193,409,5,5,http://api.demo.com/api/inventory,83,0,8
1765098216034,108,HTTP Request - /api/products,200,OK,Thread Group 1-5,text,true,,1444,439,5,5,http://api.demo.com/api/products,108,0,7
1765098216150,89,HTTP Request - /api/checkout,200,OK,Thread Group 1-1,text,true,,2997,308,5,5,http://api.demo.com/api/checkout,89,0,2
1765098216241,93,HTTP Request - /api/users,200,OK,Thread Group 1-2,text,true,,1547,490,5,5,http://api.demo.com/api/users,93,0,7
1765098216354,140,HTTP Request - /api/inventory,200,OK,Thread Group 1-3,text,true,,3702,469,5,5,http://api.demo.com/api/inventory,140,0,6
1765098216471,119,HTTP Request - /api/orders,200,OK,Thread Group 1-4,text,true,,1737,495,5,5,http://api.demo.com/api/orders,119,0,2
1765098216561,147,HTTP Request - /api/checkout,200,OK,Thread Group 1-5,text,true,,3913,491,5,5,http://api.demo.com/api/checkout,147,0,5
1765098216665,131,HTTP Request - /api/orders,200,OK,Thread Group 1-1,text,true,,2673,476,5,5,http://api.demo.com/api/orders,131,0,10
1765098216770,82,HTTP Request - /api/inventory,200,OK,Thread Group 1-2,text,true,,3817,312,5,5,http://api.demo.com/api/inventory,82,0,1
1765098216855,122,HTTP Request - /api/users,200,OK,Thread Group 1-3,text,true,,1352,300,5,5,http://api.demo.com/api/users,122,0,1
1765098216964,98,HTTP Request - /api/users,200,OK,Thread Group 1-4,text,true,,1476,442,5,5,http://api.demo.com/api/users,98,0,3
1765098217052,146,HTTP Request - /api/products,200,OK,Thread Group 1-5,text,true,,1466,440,5,5,http://api.demo.com/api/products,146,0,8
1765098217136,83,HTTP Request - /api/checkout,200,OK,Thread Group 1-1,text,true,,1144,499,5,5,http://api.demo.com/api/checkout,83,0,6
1765098217235,127,HTTP Request - /api/inventory,200,OK,Thread Group 1-2,text,true,,3180,341,5,5,http://api.demo.com/api/inventory,127,0,9
1765098217345,112,HTTP Request - /api/checkout,200,OK,Thread Group 1-3,text,true,,2983,459,5,5,http://api.demo.com/api/checkout,112,0,4
1765098217450,123,HTTP Request - /api/checkout,200,OK,Thread Group 1-4,text,true,,3021,288,5,5,http://api.demo.com/api/checkout,123,0,4
1765098217553,122,HTTP Request - /api/products,200,OK,Thread Group 1-5,text,true,,1797,366,5,5,http://api.demo.com/api/products,122,0,10
1765098217647,115,HTTP Request - /api/users,200,OK,Thread Group 1-1,text,true,,2552,426,5,5,http://api.demo.com/api/users,115,0,6
1765098217767,98,HTTP Request - /api/inventory,200,OK,Thread Group 1-2,text,true,,3672,402,5,5,http://api.demo.com/api/inventory,98,0,1
1765098217872,138,HTTP Request - /api/users,200,OK,Thread Group 1-3,text,true,,3002,369,5,5,http://api.demo.com/api/users,138,0,7
1765098217980,133,HTTP Request - /api/products,200,OK,Thread Group 1-4,text,true,,2793,485,5,5,http://api.demo.com/api/products,133,0,2
1765098218061,107,HTTP Request - /api/checkout,200,OK,Thread Group 1-5,text,true,,1449,273,5,5,http://api.demo.com/api/checkout,107,0,6
1765098218165,111,HTTP Request - /api/inventory,200,OK,Thread Group 1-1,text,true,,3308,458,5,5,http://api.demo.com/api/inventory,111,0,6
1765098218284,131,HTTP Request - /api/inventory,200,OK,Thread Group 1-2,text,true,,2384,322,5,5,http://api.demo.com/api/inventory,131,0,10
1765098218373,150,HTTP Request - /api/users,200,OK,Thread Group 1-3,text,true,,3349,385,5,5,http://api.demo.com/api/users,150,0,8
1765098218490,4855,HTTP Request - /api/users,200,OK,Thread Group 1-4,text,true,,3996,270,5,5,http://api.demo.com/api/users,4855,0,1
1765098218589,93,HTTP Request - /api/checkout,200,OK,Thread Group 1-5,text,true,,2607,467,5,5,http://api.demo.com/api/checkout,93,0,7
1765098218684,99,HTTP Request - /api/users,200,OK,Thread Group 1-1,text,true,,1290,482,5,5,http://api.demo.com/api/users,99,0,9
1765098218787,4249,HTTP Request - /api/checkout,200,OK,Thread Group 1-2,text,true,,1722,440,5,5,http://api.demo.com/api/checkout,4249,0,4
1765098218889,84,HTTP Request - /api/users,200,OK,Thread Group 1-3,text,true,,2495,388,5,5,http://api.demo.com/api/users,84,0,7
1765098218980,3627,HTTP Request - /api/inventory,200,OK,Thread Group 1-4,text,true,,2847,356,5,5,http://api.demo.com/api/inventory,3627,0,10
1765098219088,95,HTTP Request - /api/products,200,OK,Thread Group 1-5,text,true,,3835,356,5,5,http://api.demo.com/api/products,95,0,6
1765098219171,132,HTTP Request - /api/products,200,OK,Thread Group 1-1,text,true,,3913,344,5,5,http://api.demo.com/api/products,132,0,4
1765098219284,120,HTTP Request - /api/orders,200,OK,Thread Group 1-2,text,true,,3227,414,5,5,http://api.demo.com/api/orders,120,0,6
1765098219365,115,HTTP Request - /api/checkout,200,OK,Thread Group 1-3,text,true,,2257,345,5,5,http://api.demo.com/api/checkout,115,0,3
1765098219467,109,HTTP Request - /api/checkout,200,OK,Thread Group 1-4,text,true,,1946,435,5,5,http://api.demo.com/api/checkout,109,0,2
1765098219582,81,HTTP Request - /api/orders,200,OK,Thread Group 1-5,text,true,,3495,303,5,5,http://api.demo.com/api/orders,81,0,2
1765098219677,90,HTTP Request - /api/products,200,OK,Thread Group 1-1,text,true,,3996,292,5,5,http://api.demo.com/api/products,90,0,3
1765098219792,145,HTTP Request - /api/checkout,200,OK,Thread Group 1-2,text,true,,3343,458,5,5,http://api.demo.com/api/checkout,145,0,2
1765098219878,101,HTTP Request - /api/orders,200,OK,Thread Group 1-3,text,true,,2802,333,5,5,http://api.demo.com/api/orders,101,0,6
1765098219980,113,HTTP Request - /api/users,200,OK,Thread Group 1-4,text,true,,2226,392,5,5,http://api.demo.com/api/users,113,0,8
1765098220062,108,HTTP Request - /api/checkout,200,OK,Thread Group 1-5,text,true,,2478,454,5,5,http://api.demo.com/api/checkout,108,0,6
1765098220147,150,HTTP Request - /api/orders,200,OK,Thread Group 1-1,text,true,,1116,337,5,5,http://api.demo.com/api/orders,150,0,2
1765098220233,4896,HTTP Request - /api/orders,200,OK,Thread Group 1-2,text,true,,3836,406,5,5,http://api.demo.com/api/orders,4896,0,6
1765098220329,102,HTTP Request - /api/inventory,200,OK,Thread Group 1-3,text,true,,2945,390,5,5,http://api.demo.com/api/inventory,102,0,8
1765098220440,104,HTTP Request - /api/checkout,200,OK,Thread Group 1-4,text,true,,3531,341,5,5,http://api.demo.com/api/checkout,104,0,6
1765098220560,4456,HTTP Request - /api/orders,200,OK,Thread Group 1-5,text,true,,2771,350,5,5,http://api.demo.com/api/orders,4456,0,5
1765098220642,110,HTTP Request - /api/checkout,200,OK,Thread Group 1-1,text,true,,3037,317,5,5,http://api.demo.com/api/checkout,110,0,2
1765098220742,102,HTTP Request - /api/checkout,200,OK,Thread Group 1-2,text,true,,2910,511,5,5,http://api.demo.com/api/checkout,102,0,4
1765098220854,128,HTTP Request - /api/users,200,OK,Thread Group 1-3,text,true,,3097,423,5,5,http://api.demo.com/api/users,128,0,1
1765098220974,96,HTTP Request - /api/inventory,200,OK,Thread Group 1-4,text,true,,3141,489,5,5,http://api.demo.com/api/inventory,96,0,5
1765098221093,149,HTTP Request - /api/checkout,200,OK,Thread Group 1-5,text,true,,2111,321,5,5,http://api.demo.com/api/checkout,149,0,8
1765098221200,4927,HTTP Request - /api/products,200,OK,Thread Group 1-1,text,true,,1346,436,5,5,http://api.demo.com/api/products,4927,0,8
1765098221286,114,HTTP Request - /api/users,200,OK,Thread Group 1-2,text,true,,3805,291,5,5,http://api.demo.com/api/users,114,0,8
1765098221381,81,HTTP Request - /api/inventory,200,OK,Thread Group 1-3,text,true,,2864,350,5,5,http://api.demo.com/api/inventory,81,0,7
1765098221470,116,HTTP Request - /api/orders,200,OK,Thread Group 1-4,text,true,,2194,458,5,5,http://api.demo.com/api/orders,116,0,8
1765098221551,92,HTTP Request - /api/users,200,OK,Thread Group 1-5,text,true,,3627,370,5,5,http://api.demo.com/api/users,92,0,5
1765098221634,131,HTTP Request - /api/orders,200,OK,Thread Group 1-1,text,true,,2517,337,5,5,http://api.demo.com/api/orders,131,0,2
1765098221754,137,HTTP Request - /api/users,200,OK,Thread Group 1-2,text,true,,2820,282,5,5,http://api.demo.com/api/users,137,0,1
1765098221866,94,HTTP Request - /api/orders,200,OK,Thread Group 1-3,text,true,,3881,316,5,5,http://api.demo.com/api/orders,94,0,5
1765098221978,121,HTTP Request - /api/checkout,200,OK,Thread Group 1-4,text,true,,2722,340,5,5,http://api.demo.com/api/checkout,121,0,6
1765098222066,81,HTTP Request - /api/products,200,OK,Thread Group 1-5,text,true,,1508,495,5,5,http://api.demo.com/api/products,81,0,1
1765098222146,121,HTTP Request - /api/products,200,OK,Thread Group 1-1,text,true,,3624,326,5,5,http://api.demo.com/api/products,121,0,9
1765098222254,103,HTTP Request - /api/products,200,OK,Thread Group 1-2,text,true,,1949,407,5,5,http://api.demo.com/api/products,103,0,10
1765098222356,3617,HTTP Request - /api/inventory,200,OK,Thread Group 1-3,text,true,,3047,479,5,5,http://api.demo.com/api/inventory,3617,0,5
1765098222447,121,HTTP Request - /api/products,200,OK,Thread Group 1-4,text,true,,3108,509,5,5,http://api.demo.com/api/products,121,0,1
1765098222538,97,HTTP Request - /api/users,200,OK,Thread Group 1-5,text,true,,3754,384,5,5,http://api.demo.com/api/users,97,0,4
1765098222639,124,HTTP Request - /api/products,200,OK,Thread Group 1-1,text,true,,3237,315,5,5,http://api.demo.com/api/products,124,0,2
1765098222728,150,HTTP Request - /api/orders,200,OK,Thread Group 1-2,text,true,,2470,321,5,5,http://api.demo.com/api/orders,150,0,6
1765098222814,3085,HTTP Request - /api/inventory,200,OK,Thread Group 1-3,text,true,,2228,313,5,5,http://api.demo.com/api/inventory,3085,0,8
1765098222912,104,HTTP Request - /api/orders,200,OK,Thread Group 1-4,text,true,,3058,342,5,5,http://api.demo.com/api/orders,104,0,7
1765098223001,100,HTTP Request - /api/users,200,OK,Thread Group 1-5,text,true,,1653,374,5,5,http://api.demo.com/api/users,100,0,10
1765098223083,84,HTTP Request - /api/checkout,200,OK,Thread Group 1-1,text,true,,1327,393,5,5,http://api.demo.com/api/checkout,84,0,9
1765098223188,128,HTTP Request - /api/orders,200,OK,Thread Group 1-2,text,true,,2364,352,5,5,http://api.demo.com/api/orders,128,0,3
1765098223270,138,HTTP Request - /api/users,200,OK,Thread Group 1-3,text,true,,3051,372,5,5,http://api.demo.com/api/users,138,0,5
1765098223351,143,HTTP Request - /api/checkout,200,OK,Thread Group 1-4,text,true,,1973,272,5,5,http://api.demo.com/api/checkout,143,0,5
1765098223462,96,HTTP Request - /api/users,200,OK,Thread Group 1-5,text,true,,1633,286,5,5,http://api.demo.com/api/users,96,0,7
1765098223556,134,HTTP Request - /api/checkout,200,OK,Thread Group 1-1,text,true,,3527,495,5,5,http://api.demo.com/api/checkout,134,0,7
1765098223653,95,HTTP Request - /api/users,200,OK,Thread Group 1-2,text,true,,3797,353,5,5,http://api.demo.com/api/users,95,0,1
1765098223738,128,HTTP Request - /api/orders,200,OK,Thread Group 1-3,text,true,,3511,393,5,5,http://api.demo.com/api/orders,128,0,3
1765098223858,82,HTTP Request - /api/checkout,200,OK,Thread Group 1-4,text,true,,4074,416,5,5,http://api.demo.com/api/checkout,82,0,5
1765098223941,80,HTTP Request - /api/inventory,200,OK,Thread Group 1-5,text,true,,3358,496,5,5,http://api.demo.com/api/inventory,80,0,1
1765098224042,109,HTTP Request - /api/products,200,OK,Thread Group 1-1,text,true,,3252,340,5,5,http://api.demo.com/api/products,109,0,5
1765098224157,97,HTTP Request - /api/inventory,200,OK,Thread Group 1-2,text,true,,1554,451,5,5,http://api.demo.com/api/inventory,97,0,3
1765098224238,82,HTTP Request - /api/orders,200,OK,Thread Group 1-3,text,true,,2969,417,5,5,http://api.demo.com/api/orders,82,0,5
1765098224330,123,HTTP Request - /api/users,200,OK,Thread Group 1-4,text,true,,2621,440,5,5,http://api.demo.com/api/users,123,0,1
1765098224444,95,HTTP Request - /api/users,200,OK,Thread Group 1-5,text,true,,1706,362,5,5,http://api.demo.com/api/users,95,0,2
1765098224544,100,HTTP Request - /api/checkout,200,OK,Thread Group 1-1,text,true,,1461,319,5,5,http://api.demo.com/api/checkout,100,0,7
1765098224647,121,HTTP Request - /api/inventory,200,OK,Thread Group 1-2,text,true,,1808,359,5,5,http://api.demo.com/api/inventory,121,0,2
1765098224749,97,HTTP Request - /api/users,200,OK,Thread Group 1-3,text,true,,2556,493,5,5,http://api.demo.com/api/users,97,0,10
1765098224865,139,HTTP Request - /api/checkout,200,OK,Thread Group 1-4,text,true,,1507,459,5,5,http://api.demo.com/api/checkout,139,0,6
1765098224957,94,HTTP Request - /api/users,200,OK,Thread Group 1-5,text,true,,3126,506,5,5,http://api.demo.com/api/users,94,0,6
1765098225064,145,HTTP Request - /api/orders,200,OK,Thread Group 1-1,text,true,,2236,334,5,5,http://api.demo.com/api/orders,145,0,6
1765098225169,147,HTTP Request - /api/inventory,200,OK,Thread Group 1-2,text,true,,1295,357,5,5,http://api.demo.com/api/inventory,147,0,2
1765098225287,104,HTTP Request - /api/checkout,200,OK,Thread Group 1-3,text,true,,1369,286,5,5,http://api.demo.com/api/checkout,104,0,4
1765098225376,133,HTTP Request - /api/products,200,OK,Thread Group 1-4,text,true,,2491,280,5,5,http://api.demo.com/api/products,133,0,10
1765098225491,137,HTTP Request - /api/inventory,200,OK,Thread Group 1-5,text,true,,2672,509,5,5,http://api.demo.com/api/inventory,137,0,5
1765098225579,100,HTTP Request - /api/orders,200,OK,Thread Group 1-1,text,true,,3806,286,5,5,http://api.demo.com/api/orders,100,0,10
1765098225671,137,HTTP Request - /api/products,200,OK,Thread Group 1-2,text,true,,3242,353,5,5,http://api.demo.com/api/products,137,0,2
1765098225769,150,HTTP Request - /api/orders,200,OK,Thread Group 1-3,text,true,,1526,272,5,5,http://api.demo.com/api/orders,150,0,8
1765098225882,140,HTTP Request - /api/checkout,200,OK,Thread Group 1-4,text,true,,3422,362,5,5,http://api.demo.com/api/checkout,140,0,2
1765098225973,81,HTTP Request - /api/orders,200,OK,Thread Group 1-5,text,true,,1336,285,5,5,http://api.demo.com/api/orders,81,0,1
1765098226080,129,HTTP Request - /api/orders,200,OK,Thread Group 1-1,text,true,,3145,313,5,5,http://api.demo.com/api/orders,129,0,1
1765098226170,136,HTTP Request - /api/checkout,200,OK,Thread Group 1-2,text,true,,1201,338,5,5,http://api.demo.com/api/checkout,136,0,3
1765098226281,94,HTTP Request - /api/orders,200,OK,Thread Group 1-3,text,true,,1207,491,5,5,http://api.demo.com/api/orders,94,0,9
1765098226379,133,HTTP Request - /api/users,200,OK,Thread Group 1-4,text,true,,3792,359,5,5,http://api.demo.com/api/users,133,0,8
1765098226467,104,HTTP Request - /api/orders,200,OK,Thread Group 1-5,text,true,,3092,511,5,5,http://api.demo.com/api/orders,104,0,9
1765098226550,130,HTTP Request - /api/products,200,OK,Thread Group 1-1,text,true,,1147,345,5,5,http://api.demo.com/api/products,130,0,7
1765098226643,115,HTTP Request - /api/users,200,OK,Thread Group 1-2,text,true,,1898,405,5,5,http://api.demo.com/api/users,115,0,6
1765098226741,100,HTTP Request - /api/products,200,OK,Thread Group 1-3,text,true,,2520,333,5,5,http://api.demo.com/api/products,100,0,3
1765098226829,125,HTTP Request - /api/orders,200,OK,Thread Group 1-4,text,true,,3404,377,5,5,http://api.demo.com/api/orders,125,0,3
1765098226930,127,HTTP Request - /api/checkout,200,OK,Thread Group 1-5,text,true,,4055,446,5,5,http://api.demo.com/api/checkout,127,0,6
1765098227017,118,HTTP Request - /api/users,200,OK,Thread Group 1-1,text,true,,2393,429,5,5,http://api.demo.com/api/users,118,0,1
1765098227102,132,HTTP Request - /api/orders,200,OK,Thread Group 1-2,text,true,,2525,397,5,5,http://api.demo.com/api/orders,132,0,9
1765098227217,88,HTTP Request - /api/products,200,OK,Thread Group 1-3,text,true,,1088,337,5,5,http://api.demo.com/api/products,88,0,10
1765098227311,90,HTTP Request - /api/orders,200,OK,Thread Group 1-4,text,true,,3841,444,5,5,http://api.demo.com/api/orders,90,0,2
1765098227424,107,HTTP Request - /api/orders,200,OK,Thread Group 1-5,text,true,,4055,372,5,5,http://api.demo.com/api/orders,107,0,4
1765098227517,81,HTTP Request - /api/users,200,OK,Thread Group 1-1,text,true,,1694,401,5,5,http://api.demo.com/api/users,81,0,5
1765098227624,148,HTTP Request - /api/inventory,200,OK,Thread Group 1-2,text,true,,2863,282,5,5,http://api.demo.com/api/inventory,148,0,9
1765098227729,132,HTTP Request - /api/users,200,OK,Thread Group 1-3,text,true,,3625,281,5,5,http://api.demo.com/api/users,132,0,3
1765098227836,101,HTTP Request - /api/inventory,200,OK,Thread Group 1-4,text,true,,2298,378,5,5,http://api.demo.com/api/inventory,101,0,2
1765098227941,117,HTTP Request - /api/checkout,200,OK,Thread Group 1-5,text,true,,2830,306,5,5,http://api.demo.com/api/checkout,117,0,8
1765098228049,131,HTTP Request - /api/orders,200,OK,Thread Group 1-1,text,true,,1623,398,5,5,http://api.demo.com/api/orders,131,0,3
1765098228137,148,HTTP Request - /api/users,200,OK,Thread Group 1-2,text,true,,3400,422,5,5,http://api.demo.com/api/users,148,0,3
1765098228229,104,HTTP Request - /api/users,200,OK,Thread Group 1-3,text,true,,3872,373,5,5,http://api.demo.com/api/users,104,0,4
1765098228345,103,HTTP Request - /api/inventory,200,OK,Thread Group 1-4,text,true,,3511,447,5,5,http://api.demo.com/api/inventory,103,0,2
1765098228446,104,HTTP Request - /api/products,200,OK,Thread Group 1-5,text,true,,2701,489,5,5,http://api.demo.com/api/products,104,0,4
1765098228533,86,HTTP Request - /api/products,200,OK,Thread Group 1-1,text,true,,3648,331,5,5,http://api.demo.com/api/products,86,0,5
1765098228634,145,HTTP Request - /api/checkout,200,OK,Thread Group 1-2,text,true,,2670,272,5,5,http://api.demo.com/api/checkout,145,0,6
1765098228747,145,HTTP Request - /api/users,200,OK,Thread Group 1-3,text,true,,1133,487,5,5,http://api.demo.com/api/users,145,0,8
1765098228845,129,HTTP Request - /api/orders,200,OK,Thread Group 1-4,text,true,,2745,293,5,5,http://api.demo.com/api/orders,129,0,3
1765098228947,150,HTTP Request - /api/products,200,OK,Thread Group 1-5,text,true,,2682,420,5,5,http://api.demo.com/api/products,150,0,1
1765098229058,126,HTTP Request - /api/inventory,200,OK,Thread Group 1-1,text,true,,2932,431,5,5,http://api.demo.com/api/inventory,126,0,6
1765098229176,89,HTTP Request - /api/checkout,200,OK,Thread Group 1-2,text,true,,2911,401,5,5,http://api.demo.com/api/checkout,89,0,10
1765098229268,139,HTTP Request - /api/orders,200,OK,Thread Group 1-3,text,true,,1820,411,5,5,http://api.demo.com/api/orders,139,0,1
1765098229352,95,HTTP Request - /api/orders,200,OK,Thread Group 1-4,text,true,,1064,354,5,5,http://api.demo.com/api/orders,95,0,10
1765098229470,118,HTTP Request - /api/checkout,200,OK,Thread Group 1-5,text,true,,3236,346,5,5,http://api.demo.com/api/checkout,118,0,3
1765098229584,124,HTTP Request - /api/inventory,200,OK,Thread Group 1-1,text,true,,3715,335,5,5,http://api.demo.com/api/inventory,124,0,3
1765098229674,137,HTTP Request - /api/products,200,OK,Thread Group 1-2,text,true,,2982,448,5,5,http://api.demo.com/api/products,137,0,6
1765098229767,109,HTTP Request - /api/products,200,OK,Thread Group 1-3,text,true,,3824,285,5,5,http://api.demo.com/api/products,109,0,6
1765098229878,140,HTTP Request - /api/checkout,200,OK,Thread Group 1-4,text,true,,1041,341,5,5,http://api.demo.com/api/checkout,140,0,9
1765098229994,106,HTTP Request - /api/products,200,OK,Thread Group 1-5,text,true,,1466,290,5,5,http://api.demo.com/api/products,106,0,3
1765098230086,87,HTTP Request - /api/orders,200,OK,Thread Group 1-1,text,true,,1064,435,5,5,http://api.demo.com/api/orders,87,0,10
1765098230205,132,HTTP Request - /api/inventory,200,OK,Thread Group 1-2,text,true,,3315,509,5,5,http://api.demo.com/api/inventory,132,0,6
1765098230314,129,HTTP Request - /api/checkout,200,OK,Thread Group 1-3,text,true,,4054,486,5,5,http://api.demo.com/api/checkout,129,0,5
1765098230427,148,HTTP Request - /api/products,200,OK,Thread Group 1-4,text,true,,1225,468,5,5,http://api.demo.com/api/products,148,0,10
1765098230541,127,HTTP Request - /api/inventory,200,OK,Thread Group 1-5,text,true,,3942,332,5,5,http://api.demo.com/api/inventory,127,0,6
1765098230634,129,HTTP Request - /api/checkout,200,OK,Thread Group 1-1,text,true,,1885,469,5,5,http://api.demo.com/api/checkout,129,0,9
1765098230736,117,HTTP Request - /api/inventory,200,OK,Thread Group 1-2,text,true,,2400,354,5,5,http://api.demo.com/api/inventory,117,0,3
1765098230843,139,HTTP Request - /api/checkout,200,OK,Thread Group 1-3,text,true,,1101,394,5,5,http://api.demo.com/api/checkout,139,0,2
1765098230943,89,HTTP Request - /api/products,200,OK,Thread Group 1-4,text,true,,3504,405,5,5,http://api.demo.com/api/products,89,0,10
1765098231062,136,HTTP Request - /api/inventory,200,OK,Thread Group 1-5,text,true,,3276,380,5,5,http://api.demo.com/api/inventory,136,0,2
1765098231155,92,HTTP Request - /api/inventory,200,OK,Thread Group 1-1,text,true,,2433,361,5,5,http://api.demo.com/api/inventory,92,0,2
1765098231258,137,HTTP Request - /api/inventory,200,OK,Thread Group 1-2,text,true,,2881,486,5,5,http://api.demo.com/api/inventory,137,0,3
1765098231360,127,HTTP Request - /api/orders,200,OK,Thread Group 1-3,text,true,,3007,509,5,5,http://api.demo.com/api/orders,127,0,9
1765098231458,119,HTTP Request - /api/checkout,200,OK,Thread Group 1-4,text,true,,1232,373,5,5,http://api.demo.com/api/checkout,119,0,9
1765098231540,97,HTTP Request - /api/checkout,200,OK,Thread Group 1-5,text,true,,3054,279,5,5,http://api.demo.com/api/checkout,97,0,8
1765098231629,119,HTTP Request - /api/checkout,200,OK,Thread Group 1-1,text,true,,2959,318,5,5,http://api.demo.com/api/checkout,119,0,7
1765098231729,130,HTTP Request - /api/users,200,OK,Thread Group 1-2,text,true,,3045,433,5,5,http://api.demo.com/api/users,130,0,2
1765098231836,99,HTTP Request - /api/inventory,200,OK,Thread Group 1-3,text,true,,2087,457,5,5,http://api.demo.com/api/inventory,99,0,2
1765098231947,98,HTTP Request - /api/checkout,200,OK,Thread Group 1-4,text,true,,1363,495,5,5,http://api.demo.com/api/checkout,98,0,9
1765098232048,112,HTTP Request - /api/inventory,200,OK,Thread Group 1-5,text,true,,1516,444,5,5,http://api.demo.com/api/inventory,112,0,7
1765098232143,106,HTTP Request - /api/users,200,OK,Thread Group 1-1,text,true,,2772,455,5,5,http://api.demo.com/api/users,106,0,1
1765098232245,136,HTTP Request - /api/orders,200,OK,Thread Group 1-2,text,true,,3410,282,5,5,http://api.demo.com/api/orders,136,0,5
1765098232329,83,HTTP Request - /api/users,200,OK,Thread Group 1-3,text,true,,2290,323,5,5,http://api.demo.com/api/users,83,0,10
1765098232423,127,HTTP Request - /api/checkout,200,OK,Thread Group 1-4,text,true,,1986,495,5,5,http://api.demo.com/api/checkout,127,0,5
1765098232538,83,HTTP Request - /api/orders,200,OK,Thread Group 1-5,text,true,,4042,466,5,5,http://api.demo.com/api/orders,83,0,5
1765098232655,148,HTTP Request - /api/users,200,OK,Thread Group 1-1,text,true,,2285,344,5,5,http://api.demo.com/api/users,148,0,2
1765098232747,150,HTTP Request - /api/orders,200,OK,Thread Group 1-2,text,true,,2069,390,5,5,http://api.demo.com/api/orders,150,0,6
1765098232836,126,HTTP Request - /api/checkout,200,OK,Thread Group 1-3,text,true,,1250,328,5,5,http://api.demo.com/api/checkout,126,0,3
1765098232922,128,HTTP Request - /api/products,200,OK,Thread Group 1-4,text,true,,2398,313,5,5,http://api.demo.com/api/products,128,0,4
1765098233029,97,HTTP Request - /api/checkout,200,OK,Thread Group 1-5,text,true,,1311,465,5,5,http://api.demo.com/api/checkout,97,0,10
1765098233144,126,HTTP Request - /api/users,200,OK,Thread Group 1-1,text,true,,3785,433,5,5,http://api.demo.com/api/users,126,0,2
1765098233227,120,HTTP Request - /api/checkout,200,OK,Thread Group 1-2,text,true,,1840,489,5,5,http://api.demo.com/api/checkout,120,0,2
1765098233313,140,HTTP Request - /api/products,200,OK,Thread Group 1-3,text,true,,1648,397,5,5,http://api.demo.com/api/products,140,0,10
1765098233404,116,HTTP Request - /api/inventory,200,OK,Thread Group 1-4,text,true,,3491,427,5,5,http://api.demo.com/api/inventory,116,0,8
1765098233518,111,HTTP Request - /api/users,200,OK,Thread Group 1-5,text,true,,1519,354,5,5,http://api.demo.com/api/users,111,0,3
1765098233601,109,HTTP Request - /api/inventory,200,OK,Thread Group 1-1,text,true,,2416,492,5,5,http://api.demo.com/api/inventory,109,0,4
1765098233686,108,HTTP Request - /api/orders,200,OK,Thread Group 1-2,text,true,,3580,497,5,5,http://api.demo.com/api/orders,108,0,3
1765098233769,140,HTTP Request - /api/inventory,200,OK,Thread Group 1-3,text,true,,2211,472,5,5,http://api.demo.com/api/inventory,140,0,8
1765098233867,136,HTTP Request - /api/inventory,200,OK,Thread Group 1-4,text,true,,3019,328,5,5,http://api.demo.com/api/inventory,136,0,8
1765098233979,97,HTTP Request - /api/orders,200,OK,Thread Group 1-5,text,true,,3673,487,5,5,http://api.demo.com/api/orders,97,0,8
1765098234061,83,HTTP Request - /api/users,200,OK,Thread Group 1-1,text,true,,3193,489,5,5,http://api.demo.com/api/users,83,0,4
1765098234179,100,HTTP Request - /api/users,200,OK,Thread Group 1-2,text,true,,2401,422,5,5,http://api.demo.com/api/users,100,0,5
1765098234282,124,HTTP Request - /api/users,200,OK,Thread Group 1-3,text,true,,1475,350,5,5,http://api.demo.com/api/users,124,0,2
1765098234402,123,HTTP Request - /api/orders,200,OK,Thread Group 1-4,text,true,,1679,364,5,5,http://api.demo.com/api/orders,123,0,9
1765098234521,96,HTTP Request - /api/orders,200,OK,Thread Group 1-5,text,true,,3242,358,5,5,http://api.demo.com/api/orders,96,0,4
1765098234636,92,HTTP Request - /api/checkout,200,OK,Thread Group 1-1,text,true,,3307,384,5,5,http://api.demo.com/api/checkout,92,0,5
1765098234729,86,HTTP Request - /api/products,200,OK,Thread Group 1-2,text,true,,2746,397,5,5,http://api.demo.com/api/products,86,0,6
1765098234837,90,HTTP Request - /api/checkout,200,OK,Thread Group 1-3,text,true,,3993,377,5,5,http://api.demo.com/api/checkout,90,0,1
1765098234945,132,HTTP Request - /api/checkout,200,OK,Thread Group 1-4,text,true,,2176,349,5,5,http://api.demo.com/api/checkout,132,0,9
1765098235053,121,HTTP Request - /api/orders,200,OK,Thread Group 1-5,text,true,,2077,412,5,5,http://api.demo.com/api/orders,121,0,5
1765098235145,101,HTTP Request - /api/checkout,200,OK,Thread Group 1-1,text,true,,3859,260,5,5,http://api.demo.com/api/checkout,101,0,8
1765098235246,82,HTTP Request - /api/orders,200,OK,Thread Group 1-2,text,true,,3744,442,5,5,http://api.demo.com/api/orders,82,0,6
1765098235328,144,HTTP Request - /api/users,200,OK,Thread Group 1-3,text,true,,2466,277,5,5,http://api.demo.com/api/users,144,0,4
1765098235442,142,HTTP Request - /api/orders,200,OK,Thread Group 1-4,text,true,,1179,280,5,5,http://api.demo.com/api/orders,142,0,5
1765098235554,110,HTTP Request - /api/orders,200,OK,Thread Group 1-5,text,true,,3878,441,5,5,http://api.demo.com/api/orders,110,0,4
1765098235662,125,HTTP Request - /api/users,200,OK,Thread Group 1-1,text,true,,3957,472,5,5,http://api.demo.com/api/users,125,0,2
1765098235773,138,HTTP Request - /api/products,200,OK,Thread Group 1-2,text,true,,2578,337,5,5,http://api.demo.com/api/products,138,0,6
1765098235858,81,HTTP Request - /api/checkout,200,OK,Thread Group 1-3,text,true,,3323,390,5,5,http://api.demo.com/api/checkout,81,0,6
1765098235953,104,HTTP Request - /api/products,200,OK,Thread Group 1-4,text,true,,1318,452,5,5,http://api.demo.com/api/products,104,0,9
1765098236069,111,HTTP Request - /api/products,200,OK,Thread Group 1-5,text,true,,3485,505,5,5,http://api.demo.com/api/products,111,0,4
1765098236176,109,HTTP Request - /api/orders,200,OK,Thread Group 1-1,text,true,,1405,477,5,5,http://api.demo.com/api/orders,109,0,2
1765098236269,109,HTTP Request - /api/orders,200,OK,Thread Group 1-2,text,true,,1887,328,5,5,http://api.demo.com/api/orders,109,0,10
1765098236367,120,HTTP Request - /api/orders,200,OK,Thread Group 1-3,text,true,,3295,410,5,5,http://api.demo.com/api/orders,120,0,9
1765098236459,85,HTTP Request - /api/checkout,200,OK,Thread Group 1-4,text,true,,2512,474,5,5,http://api.demo.com/api/checkout,85,0,5
1765098236570,109,HTTP Request - /api/checkout,200,OK,Thread Group 1-5,text,true,,1151,387,5,5,http://api.demo.com/api/checkout,109,0,1
1765098236673,109,HTTP Request - /api/checkout,200,OK,Thread Group 1-1,text,true,,3430,506,5,5,http://api.demo.com/api/checkout,109,0,3
1765098236766,128,HTTP Request - /api/checkout,200,OK,Thread Group 1-2,text,true,,4026,380,5,5,http://api.demo.com/api/checkout,128,0,10
1765098236872,142,HTTP Request - /api/users,200,OK,Thread Group 1-3,text,true,,2388,342,5,5,http://api.demo.com/api/users,142,0,9
1765098236966,128,HTTP Request - /api/products,200,OK,Thread Group 1-4,text,true,,2466,475,5,5,http://api.demo.com/api/products,128,0,9
1765098237048,85,HTTP Request - /api/users,200,OK,Thread Group 1-5,text,true,,1574,341,5,5,http://api.demo.com/api/users,85,0,2
1765098237136,148,HTTP Request - /api/products,200,OK,Thread Group 1-1,text,true,,1230,282,5,5,http://api.demo.com/api/products,148,0,6
1765098237252,113,HTTP Request - /api/inventory,200,OK,Thread Group 1-2,text,true,,1193,464,5,5,http://api.demo.com/api/inventory,113,0,3
1765098237359,126,HTTP Request - /api/users,200,OK,Thread Group 1-3,text,true,,1864,286,5,5,http://api.demo.com/api/users,126,0,9
1765098237439,147,HTTP Request - /api/products,200,OK,Thread Group 1-4,text,true,,1307,414,5,5,http://api.demo.com/api/products,147,0,1
1765098237522,109,HTTP Request - /api/orders,200,OK,Thread Group 1-5,text,true,,2935,280,5,5,http://api.demo.com/api/orders,109,0,2
1765098237602,126,HTTP Request - /api/checkout,200,OK,Thread Group 1-1,text,true,,1659,444,5,5,http://api.demo.com/api/checkout,126,0,1
1765098237709,90,HTTP Request - /api/products,200,OK,Thread Group 1-2,text,true,,2120,482,5,5,http://api.demo.com/api/products,90,0,9
1765098237827,104,HTTP Request - /api/products,200,OK,Thread Group 1-3,text,true,,1579,415,5,5,http://api.demo.com/api/products,104,0,2
1765098237933,129,HTTP Request - /api/users,200,OK,Thread Group 1-4,text,true,,2704,509,5,5,http://api.demo.com/api/users,129,0,10
1765098238041,114,HTTP Request - /api/orders,200,OK,Thread Group 1-5,text,true,,1456,496,5,5,http://api.demo.com/api/orders,114,0,2
1765098238134,105,HTTP Request - /api/inventory,200,OK,Thread Group 1-1,text,true,,2997,312,5,5,http://api.demo.com/api/inventory,105,0,8
1765098238249,127,HTTP Request - /api/products,200,OK,Thread Group 1-2,text,true,,1037,455,5,5,http://api.demo.com/api/products,127,0,5
1765098238364,112,HTTP Request - /api/inventory,200,OK,Thread Group 1-3,text,true,,2837,418,5,5,http://api.demo.com/api/inventory,112,0,3
1765098238479,129,HTTP Request - /api/inventory,200,OK,Thread Group 1-4,text,true,,2492,393,5,5,http://api.demo.com/api/inventory,129,0,1
1765098238588,147,HTTP Request - /api/users,200,OK,Thread Group 1-5,text,true,,1219,437,5,5,http://api.demo.com/api/users,147,0,7
1765098238678,87,HTTP Request - /api/products,200,OK,Thread Group 1-1,text,true,,1191,257,5,5,http://api.demo.com/api/products,87,0,5
1765098238797,80,HTTP Request - /api/orders,200,OK,Thread Group 1-2,text,true,,3660,434,5,5,http://api.demo.com/api/orders,80,0,7
1765098238885,144,HTTP Request - /api/inventory,200,OK,Thread Group 1-3,text,true,,2953,314,5,5,http://api.demo.com/api/inventory,144,0,7
1765098238982,131,HTTP Request - /api/users,200,OK,Thread Group 1-4,text,true,,2380,420,5,5,http://api.demo.com/api/users,131,0,1
1765098239086,97,HTTP Request - /api/orders,200,OK,Thread Group 1-5,text,true,,3694,506,5,5,http://api.demo.com/api/orders,97,0,10
1765098239175,101,HTTP Request - /api/users,200,OK,Thread Group 1-1,text,true,,2936,496,5,5,http://api.demo.com/api/users,101,0,1
1765098239277,116,HTTP Request - /api/orders,200,OK,Thread Group 1-2,text,true,,1992,264,5,5,http://api.demo.com/api/orders,116,0,2
1765098239359,102,HTTP Request - /api/orders,200,OK,Thread Group 1-3,text,true,,1717,307,5,5,http://api.demo.com/api/orders,102,0,7
1765098239441,102,HTTP Request - /api/users,200,OK,Thread Group 1-4,text,true,,1091,455,5,5,http://api.demo.com/api/users,102,0,9
1765098239547,111,HTTP Request - /api/orders,200,OK,Thread Group 1-5,text,true,,1929,314,5,5,http://api.demo.com/api/orders,111,0,6
1765098239632,123,HTTP Request - /api/orders,200,OK,Thread Group 1-1,text,true,,2976,284,5,5,http://api.demo.com/api/orders,123,0,5
1765098239722,128,HTTP Request - /api/checkout,200,OK,Thread Group 1-2,text,true,,1182,498,5,5,http://api.demo.com/api/checkout,128,0,5
1765098239835,141,HTTP Request - /api/products,200,OK,Thread Group 1-3,text,true,,1442,467,5,5,http://api.demo.com/api/products,141,0,9
1765098239923,90,HTTP Request - /api/products,200,OK,Thread Group 1-4,text,true,,1571,509,5,5,http://api.demo.com/api/products,90,0,8
1765098240012,85,HTTP Request - /api/orders,200,OK,Thread Group 1-5,text,true,,1941,441,5,5,http://api.demo.com/api/orders,85,0,9
1765098240093,139,HTTP Request - /api/inventory,200,OK,Thread Group 1-1,text,true,,3092,477,5,5,http://api.demo.com/api/inventory,139,0,9
1765098240195,135,HTTP Request - /api/checkout,200,OK,Thread Group 1-2,text,true,,1085,346,5,5,http://api.demo.com/api/checkout,135,0,9
1765098240309,143,HTTP Request - /api/users,200,OK,Thread Group 1-3,text,true,,1773,437,5,5,http://api.demo.com/api/users,143,0,10
1765098240401,116,HTTP Request - /api/checkout,200,OK,Thread Group 1-4,text,true,,2175,284,5,5,http://api.demo.com/api/checkout,116,0,6
1765098240504,101,HTTP Request - /api/products,200,OK,Thread Group 1-5,text,true,,3097,351,5,5,http://api.demo.com/api/products,101,0,8
1765098240612,100,HTTP Request - /api/orders,200,OK,Thread Group 1-1,text,true,,1648,296,5,5,http://api.demo.com/api/orders,100,0,1
1765098240701,143,HTTP Request - /api/checkout,200,OK,Thread Group 1-2,text,true,,3161,353,5,5,http://api.demo.com/api/checkout,143,0,8
1765098240782,83,HTTP Request - /api/products,200,OK,Thread Group 1-3,text,true,,1251,395,5,5,http://api.demo.com/api/products,83,0,2
1765098240888,86,HTTP Request - /api/checkout,200,OK,Thread Group 1-4,text,true,,3502,476,5,5,http://api.demo.com/api/checkout,86,0,2
1765098240974,136,HTTP Request - /api/inventory,200,OK,Thread Group 1-5,text,true,,3041,484,5,5,http://api.demo.com/api/inventory,136,0,5
1765098241062,94,HTTP Request - /api/users,200,OK,Thread Group 1-1,text,true,,4063,433,5,5,http://api.demo.com/api/users,94,0,6
1765098241157,127,HTTP Request - /api/users,200,OK,Thread Group 1-2,text,true,,2576,360,5,5,http://api.demo.com/api/users,127,0,9
1765098241260,139,HTTP Request - /api/checkout,200,OK,Thread Group 1-3,text,true,,2191,305,5,5,http://api.demo.com/api/checkout,139,0,10
1765098241380,95,HTTP Request - /api/inventory,200,OK,Thread Group 1-4,text,true,,3445,476,5,5,http://api.demo.com/api/inventory,95,0,2
1765098241482,123,HTTP Request - /api/products,200,OK,Thread Group 1-5,text,true,,2964,285,5,5,http://api.demo.com/api/products,123,0,6
1765098241564,113,HTTP Request - /api/products,200,OK,Thread Group 1-1,text,true,,3948,259,5,5,http://api.demo.com/api/products,113,0,3
1765098241660,108,HTTP Request - /api/checkout,200,OK,Thread Group 1-2,text,true,,3856,423,5,5,http://api.demo.com/api/checkout,108,0,9
1765098241779,148,HTTP Request - /api/orders,200,OK,Thread Group 1-3,text,true,,2499,314,5,5,http://api.demo.com/api/orders,148,0,3
1765098241860,111,HTTP Request - /api/users,200,OK,Thread Group 1-4,text,true,,3633,376,5,5,http://api.demo.com/api/users,111,0,3
1765098241978,83,HTTP Request - /api/inventory,200,OK,Thread Group 1-5,text,true,,2422,261,5,5,http://api.demo.com/api/inventory,83,0,10
1765098242090,122,HTTP Request - /api/users,200,OK,Thread Group 1-1,text,true,,1087,303,5,5,http://api.demo.com/api/users,122,0,8
1765098242209,135,HTTP Request - /api/products,200,OK,Thread Group 1-2,text,true,,2557,321,5,5,http://api.demo.com/api/products,135,0,4
1765098242316,130,HTTP Request - /api/inventory,200,OK,Thread Group 1-3,text,true,,1107,299,5,5,http://api.demo.com/api/inventory,130,0,1
1765098242432,85,HTTP Request - /api/orders,200,OK,Thread Group 1-4,text,true,,2594,316,5,5,http://api.demo.com/api/orders,85,0,9
1765098242514,95,HTTP Request - /api/inventory,200,OK,Thread Group 1-5,text,true,,3709,263,5,5,http://api.demo.com/api/inventory,95,0,10
1765098242626,99,HTTP Request - /api/users,200,OK,Thread Group 1-1,text,true,,1435,472,5,5,http://api.demo.com/api/users,99,0,8
1765098242718,115,HTTP Request - /api/inventory,200,OK,Thread Group 1-2,text,true,,3091,468,5,5,http://api.demo.com/api/inventory,115,0,3
1765098242836,116,HTTP Request - /api/inventory,200,OK,Thread Group 1-3,text,true,,1559,481,5,5,http://api.demo.com/api/inventory,116,0,2
1765098242948,118,HTTP Request - /api/orders,200,OK,Thread Group 1-4,text,true,,2982,494,5,5,http://api.demo.com/api/orders,118,0,7
1765098243033,84,HTTP Request - /api/products,200,OK,Thread Group 1-5,text,true,,1495,510,5,5,http://api.demo.com/api/products,84,0,10
1765098243145,110,HTTP Request - /api/orders,200,OK,Thread Group 1-1,text,true,,4087,420,5,5,http://api.demo.com/api/orders,110,0,1
1765098243261,93,HTTP Request - /api/inventory,200,OK,Thread Group 1-2,text,true,,3948,496,5,5,http://api.demo.com/api/inventory,93,0,4
1765098243345,86,HTTP Request - /api/checkout,200,OK,Thread Group 1-3,text,true,,1690,431,5,5,http://api.demo.com/api/checkout,86,0,8
1765098243455,134,HTTP Request - /api/users,200,OK,Thread Group 1-4,text,true,,1509,504,5,5,http://api.demo.com/api/users,134,0,9
1765098243539,145,HTTP Request - /api/users,200,OK,Thread Group 1-5,text,true,,2624,326,5,5,http://api.demo.com/api/users,145,0,6
1765098243648,149,HTTP Request - /api/users,200,OK,Thread Group 1-1,text,true,,4049,352,5,5,http://api.demo.com/api/users,149,0,6
1765098243766,93,HTTP Request - /api/products,200,OK,Thread Group 1-2,text,true,,3891,313,5,5,http://api.demo.com/api/products,93,0,1
1765098243885,89,HTTP Request - /api/users,200,OK,Thread Group 1-3,text,true,,4046,411,5,5,http://api.demo.com/api/users,89,0,4
1765098243999,97,HTTP Request - /api/products,200,OK,Thread Group 1-4,text,true,,3992,422,5,5,http://api.demo.com/api/products,97,0,6
1765098244080,96,HTTP Request - /api/inventory,200,OK,Thread Group 1-5,text,true,,1464,305,5,5,http://api.demo.com/api/inventory,96,0,1
1765098244173,131,HTTP Request - /api/orders,200,OK,Thread Group 1-1,text,true,,1796,275,5,5,http://api.demo.com/api/orders,131,0,8
1765098244267,81,HTTP Request - /api/users,200,OK,Thread Group 1-2,text,true,,2781,354,5,5,http://api.demo.com/api/users,81,0,1
1765098244356,103,HTTP Request - /api/users,200,OK,Thread Group 1-3,text,true,,3582,348,5,5,http://api.demo.com/api/users,103,0,7
1765098244459,91,HTTP Request - /api/products,200,OK,Thread Group 1-4,text,true,,3305,426,5,5,http://api.demo.com/api/products,91,0,3
1765098244566,133,HTTP Request - /api/products,200,OK,Thread Group 1-5,text,true,,1182,463,5,5,http://api.demo.com/api/products,133,0,2
1765098244658,97,HTTP Request - /api/inventory,200,OK,Thread Group 1-1,text,true,,1608,420,5,5,http://api.demo.com/api/inventory,97,0,8
1765098244744,136,HTTP Request - /api/orders,200,OK,Thread Group 1-2,text,true,,3062,258,5,5,http://api.demo.com/api/orders,136,0,5
1765098244838,147,HTTP Request - /api/products,200,OK,Thread Group 1-3,text,true,,1400,272,5,5,http://api.demo.com/api/products,147,0,8
1765098244934,114,HTTP Request - /api/orders,200,OK,Thread Group 1-4,text,true,,3962,364,5,5,http://api.demo.com/api/orders,114,0,9
1765098245045,123,HTTP Request - /api/users,200,OK,Thread Group 1-5,text,true,,2467,407,5,5,http://api.demo.com/api/users,123,0,6
1765098245156,129,HTTP Request - /api/products,200,OK,Thread Group 1-1,text,true,,3493,351,5,5,http://api.demo.com/api/products,129,0,2
1765098245270,89,HTTP Request - /api/inventory,200,OK,Thread Group 1-2,text,true,,3485,490,5,5,http://api.demo.com/api/inventory,89,0,7
1765098245361,102,HTTP Request - /api/users,200,OK,Thread Group 1-3,text,true,,1688,497,5,5,http://api.demo.com/api/users,102,0,1
1765098245478,141,HTTP Request - /api/users,200,OK,Thread Group 1-4,text,true,,4018,399,5,5,http://api.demo.com/api/users,141,0,8
1765098245595,97,HTTP Request - /api/orders,200,OK,Thread Group 1-5,text,true,,3054,296,5,5,http://api.demo.com/api/orders,97,0,9
1765098245701,91,HTTP Request - /api/checkout,200,OK,Thread Group 1-1,text,true,,2212,349,5,5,http://api.demo.com/api/checkout,91,0,10
1765098245795,105,HTTP Request - /api/orders,200,OK,Thread Group 1-2,text,true,,3999,323,5,5,http://api.demo.com/api/orders,105,0,10
1765098245884,121,HTTP Request - /api/products,200,OK,Thread Group 1-3,text,true,,1971,347,5,5,http://api.demo.com/api/products,121,0,5
1765098245985,107,HTTP Request - /api/orders,200,OK,Thread Group 1-4,text,true,,3086,390,5,5,http://api.demo.com/api/orders,107,0,9
1765098246067,115,HTTP Request - /api/checkout,200,OK,Thread Group 1-5,text,true,,3929,383,5,5,http://api.demo.com/api/checkout,115,0,5
1765098246177,143,HTTP Request - /api/products,200,OK,Thread Group 1-1,text,true,,3498,468,5,5,http://api.demo.com/api/products,143,0,5
1765098246297,120,HTTP Request - /api/checkout,200,OK,Thread Group 1-2,text,true,,3110,306,5,5,http://api.demo.com/api/checkout,120,0,4
1765098246406,139,HTTP Request - /api/checkout,200,OK,Thread Group 1-3,text,true,,3547,491,5,5,http://api.demo.com/api/checkout,139,0,5
1765098246511,112,HTTP Request - /api/checkout,200,OK,Thread Group 1-4,text,true,,1038,413,5,5,http://api.demo.com/api/checkout,112,0,4
1765098246606,119,HTTP Request - /api/checkout,200,OK,Thread Group 1-5,text,true,,1085,366,5,5,http://api.demo.com/api/checkout,119,0,3
1765098246708,140,HTTP Request - /api/orders,200,OK,Thread Group 1-1,text,true,,2483,281,5,5,http://api.demo.com/api/orders,140,0,8
1765098246818,95,HTTP Request - /api/products,200,OK,Thread Group 1-2,text,true,,2037,429,5,5,http://api.demo.com/api/products,95,0,2
1765098246928,89,HTTP Request - /api/products,200,OK,Thread Group 1-3,text,true,,1897,458,5,5,http://api.demo.com/api/products,89,0,9
1765098247031,133,HTTP Request - /api/orders,200,OK,Thread Group 1-4,text,true,,3682,479,5,5,http://api.demo.com/api/orders,133,0,5
1765098247116,105,HTTP Request - /api/inventory,200,OK,Thread Group 1-5,text,true,,1248,444,5,5,http://api.demo.com/api/inventory,105,0,4
1765098247201,90,HTTP Request - /api/orders,200,OK,Thread Group 1-1,text,true,,3585,487,5,5,http://api.demo.com/api/orders,90,0,7
1765098247291,123,HTTP Request - /api/checkout,200,OK,Thread Group 1-2,text,true,,3783,457,5,5,http://api.demo.com/api/checkout,123,0,2
1765098247381,82,HTTP Request - /api/products,200,OK,Thread Group 1-3,text,true,,1706,367,5,5,http://api.demo.com/api/products,82,0,7
1765098247475,101,HTTP Request - /api/products,200,OK,Thread Group 1-4,text,true,,2519,372,5,5,http://api.demo.com/api/products,101,0,6
1765098247591,125,HTTP Request - /api/orders,200,OK,Thread Group 1-5,text,true,,1495,495,5,5,http://api.demo.com/api/orders,125,0,10
1765098247695,142,HTTP Request - /api/users,200,OK,Thread Group 1-1,text,true,,3275,266,5,5,http://api.demo.com/api/users,142,0,5
1765098247807,93,HTTP Request - /api/orders,200,OK,Thread Group 1-2,text,true,,3483,322,5,5,http://api.demo.com/api/orders,93,0,8
1765098247896,149,HTTP Request - /api/inventory,200,OK,Thread Group 1-3,text,true,,3257,512,5,5,http://api.demo.com/api/inventory,149,0,5
1765098247984,107,HTTP Request - /api/orders,200,OK,Thread Group 1-4,text,true,,1878,463,5,5,http://api.demo.com/api/orders,107,0,5
1765098248090,106,HTTP Request - /api/orders,200,OK,Thread Group 1-5,text,true,,3078,423,5,5,http://api.demo.com/api/orders,106,0,8
1765098248201,94,HTTP Request - /api/users,200,OK,Thread Group 1-1,text,true,,1763,334,5,5,http://api.demo.com/api/users,94,0,2
1765098248299,116,HTTP Request - /api/inventory,200,OK,Thread Group 1-2,text,true,,2063,393,5,5,http://api.demo.com/api/inventory,116,0,8
1765098248413,150,HTTP Request - /api/checkout,200,OK,Thread Group 1-3,text,true,,1743,471,5,5,http://api.demo.com/api/checkout,150,0,9
1765098248499,118,HTTP Request - /api/inventory,200,OK,Thread Group 1-4,text,true,,3178,403,5,5,http://api.demo.com/api/inventory,118,0,7
1765098248586,88,HTTP Request - /api/checkout,200,OK,Thread Group 1-5,text,true,,1493,470,5,5,http://api.demo.com/api/checkout,88,0,3
1765098248698,138,HTTP Request - /api/products,200,OK,Thread Group 1-1,text,true,,1465,482,5,5,http://api.demo.com/api/products,138,0,10
1765098248789,127,HTTP Request - /api/users,200,OK,Thread Group 1-2,text,true,,1516,369,5,5,http://api.demo.com/api/users,127,0,8
1765098248879,97,HTTP Request - /api/users,200,OK,Thread Group 1-3,text,true,,2962,465,5,5,http://api.demo.com/api/users,97,0,4
1765098248997,126,HTTP Request - /api/checkout,200,OK,Thread Group 1-4,text,true,,1984,297,5,5,http://api.demo.com/api/checkout,126,0,7
1765098249097,84,HTTP Request - /api/users,200,OK,Thread Group 1-5,text,true,,1215,261,5,5,http://api.demo.com/api/users,84,0,4
1765098249186,149,HTTP Request - /api/checkout,200,OK,Thread Group 1-1,text,true,,3599,291,5,5,http://api.demo.com/api/checkout,149,0,9
1765098249305,81,HTTP Request - /api/orders,200,OK,Thread Group 1-2,text,true,,2993,336,5,5,http://api.demo.com/api/orders,81,0,10
1765098249390,84,HTTP Request - /api/checkout,200,OK,Thread Group 1-3,text,true,,2478,398,5,5,http://api.demo.com/api/checkout,84,0,2
1765098249494,92,HTTP Request - /api/users,200,OK,Thread Group 1-4,text,true,,1076,295,5,5,http://api.demo.com/api/users,92,0,1
1765098249589,99,HTTP Request - /api/products,200,OK,Thread Group 1-5,text,true,,1605,490,5,5,http://api.demo.com/api/products,99,0,1
1765098249696,150,HTTP Request - /api/products,200,OK,Thread Group 1-1,text,true,,3717,393,5,5,http://api.demo.com/api/products,150,0,8
1765098249811,107,HTTP Request - /api/inventory,200,OK,Thread Group 1-2,text,true,,3147,481,5,5,http://api.demo.com/api/inventory,107,0,6
1765098249919,102,HTTP Request - /api/orders,200,OK,Thread Group 1-3,text,true,,4024,264,5,5,http://api.demo.com/api/orders,102,0,7
1765098250019,143,HTTP Request - /api/inventory,200,OK,Thread Group 1-4,text,true,,1629,331,5,5,http://api.demo.com/api/inventory,143,0,6
1765098250131,146,HTTP Request - /api/users,200,OK,Thread Group 1-5,text,true,,1550,314,5,5,http://api.demo.com/api/users,146,0,1
1765098250215,90,HTTP Request - /api/orders,200,OK,Thread Group 1-1,text,true,,3087,335,5,5,http://api.demo.com/api/orders,90,0,5
1765098250323,142,HTTP Request - /api/users,200,OK,Thread Group 1-2,text,true,,1945,457,5,5,http://api.demo.com/api/users,142,0,7
1765098250418,110,HTTP Request - /api/checkout,200,OK,Thread Group 1-3,text,true,,3714,406,5,5,http://api.demo.com/api/checkout,110,0,5
1765098250537,126,HTTP Request - /api/checkout,200,OK,Thread Group 1-4,text,true,,2125,284,5,5,http://api.demo.com/api/checkout,126,0,10
1765098250646,83,HTTP Request - /api/orders,200,OK,Thread Group 1-5,text,true,,1779,330,5,5,http://api.demo.com/api/orders,83,0,9
1765098250764,126,HTTP Request - /api/products,200,OK,Thread Group 1-1,text,true,,3161,441,5,5,http://api.demo.com/api/products,126,0,6
1765098250878,135,HTTP Request - /api/users,200,OK,Thread Group 1-2,text,true,,3694,455,5,5,http://api.demo.com/api/users,135,0,4
1765098250960,148,HTTP Request - /api/users,200,OK,Thread Group 1-3,text,true,,3046,396,5,5,http://api.demo.com/api/users,148,0,1
1765098251079,131,HTTP Request - /api/inventory,200,OK,Thread Group 1-4,text,true,,3130,295,5,5,http://api.demo.com/api/inventory,131,0,10
1765098251161,108,HTTP Request - /api/checkout,200,OK,Thread Group 1-5,text,true,,2030,495,5,5,http://api.demo.com/api/checkout,108,0,8
1765098251254,104,HTTP Request - /api/checkout,200,OK,Thread Group 1-1,text,true,,3191,291,5,5,http://api.demo.com/api/checkout,104,0,4
1765098251373,104,HTTP Request - /api/products,200,OK,Thread Group 1-2,text,true,,3669,343,5,5,http://api.demo.com/api/products,104,0,5
1765098251465,150,HTTP Request - /api/products,200,OK,Thread Group 1-3,text,true,,3503,363,5,5,http://api.demo.com/api/products,150,0,5
1765098251547,145,HTTP Request - /api/checkout,200,OK,Thread Group 1-4,text,true,,2573,413,5,5,http://api.demo.com/api/checkout,145,0,2
1765098251661,132,HTTP Request - /api/orders,200,OK,Thread Group 1-5,text,true,,1432,311,5,5,http://api.demo.com/api/orders,132,0,2
1765098251751,96,HTTP Request - /api/orders,200,OK,Thread Group 1-1,text,true,,3734,356,5,5,http://api.demo.com/api/orders,96,0,3
1765098251833,81,HTTP Request - /api/users,200,OK,Thread Group 1-2,text,true,,2847,461,5,5,http://api.demo.com/api/users,81,0,5
1765098251928,109,HTTP Request - /api/orders,200,OK,Thread Group 1-3,text,true,,3339,375,5,5,http://api.demo.com/api/orders,109,0,1
1765098252045,142,HTTP Request - /api/users,200,OK,Thread Group 1-4,text,true,,2728,265,5,5,http://api.demo.com/api/users,142,0,5
1765098252132,94,HTTP Request - /api/orders,200,OK,Thread Group 1-5,text,true,,1960,359,5,5,http://api.demo.com/api/orders,94,0,7
1765098252224,139,HTTP Request - /api/orders,200,OK,Thread Group 1-1,text,true,,3428,400,5,5,http://api.demo.com/api/orders,139,0,3
1765098252325,131,HTTP Request - /api/products,200,OK,Thread Group 1-2,text,true,,3100,300,5,5,http://api.demo.com/api/products,131,0,2
1765098252409,145,HTTP Request - /api/products,200,OK,Thread Group 1-3,text,true,,3242,460,5,5,http://api.demo.com/api/products,145,0,2
1765098252514,109,HTTP Request - /api/checkout,200,OK,Thread Group 1-4,text,true,,2660,488,5,5,http://api.demo.com/api/checkout,109,0,5
1765098252613,89,HTTP Request - /api/inventory,200,OK,Thread Group 1-5,text,true,,3456,388,5,5,http://api.demo.com/api/inventory,89,0,2
1765098252702,141,HTTP Request - /api/orders,200,OK,Thread Group 1-1,text,true,,4045,343,5,5,http://api.demo.com/api/orders,141,0,10
1765098252816,119,HTTP Request - /api/checkout,200,OK,Thread Group 1-2,text,true,,2711,365,5,5,http://api.demo.com/api/checkout,119,0,4
1765098252898,111,HTTP Request - /api/orders,200,OK,Thread Group 1-3,text,true,,2650,289,5,5,http://api.demo.com/api/orders,111,0,8
1765098253005,147,HTTP Request - /api/users,200,OK,Thread Group 1-4,text,true,,1317,423,5,5,http://api.demo.com/api/users,147,0,7
1765098253117,134,HTTP Request - /api/inventory,200,OK,Thread Group 1-5,text,true,,2284,361,5,5,http://api.demo.com/api/inventory,134,0,1
1765098253236,97,HTTP Request - /api/inventory,200,OK,Thread Group 1-1,text,true,,1464,298,5,5,http://api.demo.com/api/inventory,97,0,7
1765098253349,134,HTTP Request - /api/products,200,OK,Thread Group 1-2,text,true,,2156,422,5,5,http://api.demo.com/api/products,134,0,1
1765098253463,123,HTTP Request - /api/checkout,200,OK,Thread Group 1-3,text,true,,2171,309,5,5,http://api.demo.com/api/checkout,123,0,3
1765098253562,87,HTTP Request - /api/orders,200,OK,Thread Group 1-4,text,true,,1051,342,5,5,http://api.demo.com/api/orders,87,0,2
1765098253661,106,HTTP Request - /api/orders,200,OK,Thread Group 1-5,text,true,,1178,366,5,5,http://api.demo.com/api/orders,106,0,10
1765098253747,115,HTTP Request - /api/inventory,200,OK,Thread Group 1-1,text,true,,3496,336,5,5,http://api.demo.com/api/inventory,115,0,4
1765098253842,96,HTTP Request - /api/inventory,200,OK,Thread Group 1-2,text,true,,3912,405,5,5,http://api.demo.com/api/inventory,96,0,7
1765098253959,126,HTTP Request - /api/products,200,OK,Thread Group 1-3,text,true,,2264,316,5,5,http://api.demo.com/api/products,126,0,7
1765098254071,145,HTTP Request - /api/inventory,200,OK,Thread Group 1-4,text,true,,1984,380,5,5,http://api.demo.com/api/inventory,145,0,3
1765098254178,126,HTTP Request - /api/users,200,OK,Thread Group 1-5,text,true,,2755,499,5,5,http://api.demo.com/api/users,126,0,10
1765098254273,104,HTTP Request - /api/orders,200,OK,Thread Group 1-1,text,true,,3880,344,5,5,http://api.demo.com/api/orders,104,0,6
1765098254365,130,HTTP Request - /api/users,200,OK,Thread Group 1-2,text,true,,3635,264,5,5,http://api.demo.com/api/users,130,0,3
1765098254473,118,HTTP Request - /api/products,200,OK,Thread Group 1-3,text,true,,3283,283,5,5,http://api.demo.com/api/products,118,0,8
1765098254573,80,HTTP Request - /api/orders,200,OK,Thread Group 1-4,text,true,,2344,416,5,5,http://api.demo.com/api/orders,80,0,1
1765098254688,128,HTTP Request - /api/checkout,200,OK,Thread Group 1-5,text,true,,1329,296,5,5,http://api.demo.com/api/checkout,128,0,3
1765098254778,137,HTTP Request - /api/users,200,OK,Thread Group 1-1,text,true,,3796,259,5,5,http://api.demo.com/api/users,137,0,6
1765098254864,117,HTTP Request - /api/orders,200,OK,Thread Group 1-2,text,true,,3618,461,5,5,http://api.demo.com/api/orders,117,0,4
1765098254969,83,HTTP Request - /api/orders,200,OK,Thread Group 1-3,text,true,,1362,482,5,5,http://api.demo.com/api/orders,83,0,5
1765098255056,90,HTTP Request - /api/orders,200,OK,Thread Group 1-4,text,true,,2944,266,5,5,http://api.demo.com/api/orders,90,0,4
1765098255154,84,HTTP Request - /api/inventory,200,OK,Thread Group 1-5,text,true,,3363,444,5,5,http://api.demo.com/api/inventory,84,0,2
1765098255240,95,HTTP Request - /api/inventory,200,OK,Thread Group 1-1,text,true,,2571,378,5,5,http://api.demo.com/api/inventory,95,0,3
1765098255350,107,HTTP Request - /api/inventory,200,OK,Thread Group 1-2,text,true,,3974,376,5,5,http://api.demo.com/api/inventory,107,0,9
1765098255458,137,HTTP Request - /api/orders,200,OK,Thread Group 1-3,text,true,,1175,354,5,5,http://api.demo.com/api/orders,137,0,10
1765098255546,123,HTTP Request - /api/users,200,OK,Thread Group 1-4,text,true,,2369,286,5,5,http://api.demo.com/api/users,123,0,9
1765098255658,88,HTTP Request - /api/orders,200,OK,Thread Group 1-5,text,true,,2490,297,5,5,http://api.demo.com/api/orders,88,0,10
1765098255766,123,HTTP Request - /api/orders,200,OK,Thread Group 1-1,text,true,,2005,420,5,5,http://api.demo.com/api/orders,123,0,9
1765098255877,112,HTTP Request - /api/inventory,200,OK,Thread Group 1-2,text,true,,2733,299,5,5,http://api.demo.com/api/inventory,112,0,9
1765098255963,124,HTTP Request - /api/users,200,OK,Thread Group 1-3,text,true,,1376,402,5,5,http://api.demo.com/api/users,124,0,10
1765098256046,119,HTTP Request - /api/inventory,200,OK,Thread Group 1-4,text,true,,1650,301,5,5,http://api.demo.com/api/inventory,119,0,7
1765098256131,150,HTTP Request - /api/checkout,200,OK,Thread Group 1-5,text,true,,2471,455,5,5,http://api.demo.com/api/checkout,150,0,4
1765098256231,96,HTTP Request - /api/products,200,OK,Thread Group 1-1,text,true,,2369,297,5,5,http://api.demo.com/api/products,96,0,7
1765098256350,106,HTTP Request - /api/checkout,200,OK,Thread Group 1-2,text,true,,2790,485,5,5,http://api.demo.com/api/checkout,106,0,8
1765098256435,146,HTTP Request - /api/inventory,200,OK,Thread Group 1-3,text,true,,2423,311,5,5,http://api.demo.com/api/inventory,146,0,8
1765098256546,129,HTTP Request - /api/users,200,OK,Thread Group 1-4,text,true,,2912,353,5,5,http://api.demo.com/api/users,129,0,9
1765098256649,129,HTTP Request - /api/users,200,OK,Thread Group 1-5,text,true,,2563,309,5,5,http://api.demo.com/api/users,129,0,3
1765098256759,81,HTTP Request - /api/orders,200,OK,Thread Group 1-1,text,true,,2561,291,5,5,http://api.demo.com/api/orders,81,0,2
1765098256842,121,HTTP Request - /api/checkout,200,OK,Thread Group 1-2,text,true,,1444,314,5,5,http://api.demo.com/api/checkout,121,0,2
1765098256958,133,HTTP Request - /api/checkout,200,OK,Thread Group 1-3,text,true,,2297,476,5,5,http://api.demo.com/api/checkout,133,0,8
1765098257064,130,HTTP Request - /api/orders,200,OK,Thread Group 1-4,text,true,,3651,505,5,5,http://api.demo.com/api/orders,130,0,7
1765098257178,87,HTTP Request - /api/inventory,200,OK,Thread Group 1-5,text,true,,1475,289,5,5,http://api.demo.com/api/inventory,87,0,8
1765098257261,109,HTTP Request - /api/orders,200,OK,Thread Group 1-1,text,true,,1294,375,5,5,http://api.demo.com/api/orders,109,0,8
1765098257375,119,HTTP Request - /api/inventory,200,OK,Thread Group 1-2,text,true,,1292,402,5,5,http://api.demo.com/api/inventory,119,0,2
1765098257487,126,HTTP Request - /api/users,200,OK,Thread Group 1-3,text,true,,2636,331,5,5,http://api.demo.com/api/users,126,0,9
1765098257592,150,HTTP Request - /api/inventory,200,OK,Thread Group 1-4,text,true,,2218,357,5,5,http://api.demo.com/api/inventory,150,0,7
1765098257679,117,HTTP Request - /api/inventory,200,OK,Thread Group 1-5,text,true,,2376,438,5,5,http://api.demo.com/api/inventory,117,0,9
1765098257768,108,HTTP Request - /api/checkout,200,OK,Thread Group 1-1,text,true,,3177,326,5,5,http://api.demo.com/api/checkout,108,0,8
1765098257882,143,HTTP Request - /api/inventory,200,OK,Thread Group 1-2,text,true,,1699,449,5,5,http://api.demo.com/api/inventory,143,0,2
1765098257981,91,HTTP Request - /api/checkout,200,OK,Thread Group 1-3,text,true,,2580,315,5,5,http://api.demo.com/api/checkout,91,0,9
1765098258061,126,HTTP Request - /api/inventory,200,OK,Thread Group 1-4,text,true,,1246,336,5,5,http://api.demo.com/api/inventory,126,0,9
1765098258162,80,HTTP Request - /api/users,200,OK,Thread Group 1-5,text,true,,1123,275,5,5,http://api.demo.com/api/users,80,0,5
1765098258261,105,HTTP Request - /api/inventory,200,OK,Thread Group 1-1,text,true,,3065,362,5,5,http://api.demo.com/api/inventory,105,0,2
1765098258381,85,HTTP Request - /api/inventory,200,OK,Thread Group 1-2,text,true,,3352,371,5,5,http://api.demo.com/api/inventory,85,0,5
1765098258500,126,HTTP Request - /api/inventory,200,OK,Thread Group 1-3,text,true,,3054,354,5,5,http://api.demo.com/api/inventory,126,0,1
1765098258595,119,HTTP Request - /api/products,200,OK,Thread Group 1-4,text,true,,1230,378,5,5,http://api.demo.com/api/products,119,0,6
1765098258676,124,HTTP Request - /api/products,200,OK,Thread Group 1-5,text,true,,1914,487,5,5,http://api.demo.com/api/products,124,0,9
1765098258780,101,HTTP Request - /api/checkout,200,OK,Thread Group 1-1,text,true,,2343,299,5,5,http://api.demo.com/api/checkout,101,0,4
1765098258887,139,HTTP Request - /api/orders,200,OK,Thread Group 1-2,text,true,,3876,313,5,5,http://api.demo.com/api/orders,139,0,9
1765098258982,108,HTTP Request - /api/orders,200,OK,Thread Group 1-3,text,true,,3983,313,5,5,http://api.demo.com/api/orders,108,0,7
1765098259094,97,HTTP Request - /api/orders,200,OK,Thread Group 1-4,text,true,,3277,428,5,5,http://api.demo.com/api/orders,97,0,9
1765098259181,130,HTTP Request - /api/checkout,200,OK,Thread Group 1-5,text,true,,1933,256,5,5,http://api.demo.com/api/checkout,130,0,9
1765098259289,114,HTTP Request - /api/inventory,200,OK,Thread Group 1-1,text,true,,2557,498,5,5,http://api.demo.com/api/inventory,114,0,2
1765098259402,150,HTTP Request - /api/products,200,OK,Thread Group 1-2,text,true,,2757,313,5,5,http://api.demo.com/api/products,150,0,10
1765098259493,147,HTTP Request - /api/orders,200,OK,Thread Group 1-3,text,true,,3025,396,5,5,http://api.demo.com/api/orders,147,0,7
1765098259605,82,HTTP Request - /api/inventory,200,OK,Thread Group 1-4,text,true,,1504,356,5,5,http://api.demo.com/api/inventory,82,0,2
1765098259711,85,HTTP Request - /api/users,200,OK,Thread Group 1-5,text,true,,3757,330,5,5,http://api.demo.com/api/users,85,0,4
1765098259809,112,HTTP Request - /api/users,200,OK,Thread Group 1-1,text,true,,1183,353,5,5,http://api.demo.com/api/users,112,0,7
1765098259912,100,HTTP Request - /api/checkout,200,OK,Thread Group 1-2,text,true,,3650,329,5,5,http://api.demo.com/api/checkout,100,0,9
1765098260014,98,HTTP Request - /api/orders,200,OK,Thread Group 1-3,text,true,,3169,439,5,5,http://api.demo.com/api/orders,98,0,7
1765098260126,116,HTTP Request - /api/checkout,200,OK,Thread Group 1-4,text,true,,3686,469,5,5,http://api.demo.com/api/checkout,116,0,4
1765098260224,120,HTTP Request - /api/users,200,OK,Thread Group 1-5,text,true,,2049,387,5,5,http://api.demo.com/api/users,120,0,10
1765098260318,131,HTTP Request - /api/products,200,OK,Thread Group 1-1,text,true,,2892,432,5,5,http://api.demo.com/api/products,131,0,8
1765098260436,123,HTTP Request - /api/orders,200,OK,Thread Group 1-2,text,true,,2132,343,5,5,http://api.demo.com/api/orders,123,0,2
1765098260524,142,HTTP Request - /api/inventory,200,OK,Thread Group 1-3,text,true,,2674,493,5,5,http://api.demo.com/api/inventory,142,0,1
1765098260641,84,HTTP Request - /api/checkout,200,OK,Thread Group 1-4,text,true,,1347,336,5,5,http://api.demo.com/api/checkout,84,0,7
1765098260758,136,HTTP Request - /api/products,200,OK,Thread Group 1-5,text,true,,3326,352,5,5,http://api.demo.com/api/products,136,0,6
1765098260860,144,HTTP Request - /api/inventory,200,OK,Thread Group 1-1,text,true,,2648,508,5,5,http://api.demo.com/api/inventory,144,0,10
1765098260975,96,HTTP Request - /api/users,200,OK,Thread Group 1-2,text,true,,2431,456,5,5,http://api.demo.com/api/users,96,0,6
1765098261081,121,HTTP Request - /api/products,200,OK,Thread Group 1-3,text,true,,2444,393,5,5,http://api.demo.com/api/products,121,0,9
1765098261189,137,HTTP Request - /api/products,200,OK,Thread Group 1-4,text,true,,1382,267,5,5,http://api.demo.com/api/products,137,0,2
1765098261276,131,HTTP Request - /api/inventory,200,OK,Thread Group 1-5,text,true,,1168,302,5,5,http://api.demo.com/api/inventory,131,0,8
1765098261359,120,HTTP Request - /api/products,200,OK,Thread Group 1-1,text,true,,2808,367,5,5,http://api.demo.com/api/products,120,0,3
1765098261461,104,HTTP Request - /api/inventory,200,OK,Thread Group 1-2,text,true,,2437,375,5,5,http://api.demo.com/api/inventory,104,0,10
1765098261578,121,HTTP Request - /api/users,200,OK,Thread Group 1-3,text,true,,1894,467,5,5,http://api.demo.com/api/users,121,0,6
1765098261670,139,HTTP Request - /api/inventory,200,OK,Thread Group 1-4,text,true,,4055,393,5,5,http://api.demo.com/api/inventory,139,0,6
1765098261759,107,HTTP Request - /api/checkout,200,OK,Thread Group 1-5,text,true,,1701,276,5,5,http://api.demo.com/api/checkout,107,0,10
1765098261866,91,HTTP Request - /api/users,200,OK,Thread Group 1-1,text,true,,2785,505,5,5,http://api.demo.com/api/users,91,0,5
1765098261960,88,HTTP Request - /api/products,200,OK,Thread Group 1-2,text,true,,3833,329,5,5,http://api.demo.com/api/products,88,0,6
1765098262047,132,HTTP Request - /api/checkout,200,OK,Thread Group 1-3,text,true,,1616,485,5,5,http://api.demo.com/api/checkout,132,0,2
1765098262139,122,HTTP Request - /api/users,200,OK,Thread Group 1-4,text,true,,1253,295,5,5,http://api.demo.com/api/users,122,0,2
1765098262237,91,HTTP Request - /api/inventory,200,OK,Thread Group 1-5,text,true,,3428,370,5,5,http://api.demo.com/api/inventory,91,0,1
1765098262340,137,HTTP Request - /api/products,200,OK,Thread Group 1-1,text,true,,3745,343,5,5,http://api.demo.com/api/products,137,0,1
1765098262436,111,HTTP Request - /api/users,200,OK,Thread Group 1-2,text,true,,2449,323,5,5,http://api.demo.com/api/users,111,0,1
1765098262537,91,HTTP Request - /api/checkout,200,OK,Thread Group 1-3,text,true,,1849,354,5,5,http://api.demo.com/api/checkout,91,0,3
1765098262624,100,HTTP Request - /api/users,200,OK,Thread Group 1-4,text,true,,1738,448,5,5,http://api.demo.com/api/users,100,0,2
1765098262704,125,HTTP Request - /api/users,200,OK,Thread Group 1-5,text,true,,2893,295,5,5,http://api.demo.com/api/users,125,0,6
1765098262800,91,HTTP Request - /api/orders,200,OK,Thread Group 1-1,text,true,,2021,277,5,5,http://api.demo.com/api/orders,91,0,8
1765098262884,137,HTTP Request - /api/orders,200,OK,Thread Group 1-2,text,true,,3050,478,5,5,http://api.demo.com/api/orders,137,0,10
1765098262979,113,HTTP Request - /api/products,200,OK,Thread Group 1-3,text,true,,1957,463,5,5,http://api.demo.com/api/products,113,0,2
1765098263093,133,HTTP Request - /api/products,200,OK,Thread Group 1-4,text,true,,1478,432,5,5,http://api.demo.com/api/products,133,0,4
1765098263196,92,HTTP Request - /api/users,200,OK,Thread Group 1-5,text,true,,3821,383,5,5,http://api.demo.com/api/users,92,0,9
1765098263300,88,HTTP Request - /api/users,200,OK,Thread Group 1-1,text,true,,2598,451,5,5,http://api.demo.com/api/users,88,0,7
1765098263399,129,HTTP Request - /api/products,200,OK,Thread Group 1-2,text,true,,3875,447,5,5,http://api.demo.com/api/products,129,0,10
1765098263499,102,HTTP Request - /api/products,200,OK,Thread Group 1-3,text,true,,2245,347,5,5,http://api.demo.com/api/products,102,0,2
1765098263591,134,HTTP Request - /api/checkout,200,OK,Thread Group 1-4,text,true,,1243,329,5,5,http://api.demo.com/api/checkout,134,0,1
1765098263684,106,HTTP Request - /api/products,200,OK,Thread Group 1-5,text,true,,2317,270,5,5,http://api.demo.com/api/products,106,0,6
1765098263768,145,HTTP Request - /api/inventory,200,OK,Thread Group 1-1,text,true,,2208,365,5,5,http://api.demo.com/api/inventory,145,0,6
1765098263855,115,HTTP Request - /api/checkout,200,OK,Thread Group 1-2,text,true,,1279,482,5,5,http://api.demo.com/api/checkout,115,0,5
1765098263948,93,HTTP Request - /api/inventory,200,OK,Thread Group 1-3,text,true,,1365,300,5,5,http://api.demo.com/api/inventory,93,0,8
1765098264038,107,HTTP Request - /api/products,200,OK,Thread Group 1-4,text,true,,4019,397,5,5,http://api.demo.com/api/products,107,0,9
1765098264130,3568,HTTP Request - /api/checkout,200,OK,Thread Group 1-5,text,true,,3502,421,5,5,http://api.demo.com/api/checkout,3568,0,6
1765098264242,97,HTTP Request - /api/orders,200,OK,Thread Group 1-1,text,true,,3874,458,5,5,http://api.demo.com/api/orders,97,0,1
1765098264330,85,HTTP Request - /api/inventory,200,OK,Thread Group 1-2,text,true,,3245,296,5,5,http://api.demo.com/api/inventory,85,0,6
1765098264440,83,HTTP Request - /api/orders,200,OK,Thread Group 1-3,text,true,,4096,374,5,5,http://api.demo.com/api/orders,83,0,9
1765098264527,4143,HTTP Request - /api/products,200,OK,Thread Group 1-4,text,true,,2782,257,5,5,http://api.demo.com/api/products,4143,0,3
1765098264618,4659,HTTP Request - /api/inventory,200,OK,Thread Group 1-5,text,true,,3866,291,5,5,http://api.demo.com/api/inventory,4659,0,9
1765098264712,136,HTTP Request - /api/orders,200,OK,Thread Group 1-1,text,true,,3023,450,5,5,http://api.demo.com/api/orders,136,0,9
1765098264808,100,HTTP Request - /api/orders,200,OK,Thread Group 1-2,text,true,,1109,396,5,5,http://api.demo.com/api/orders,100,0,1
1765098264915,124,HTTP Request - /api/products,200,OK,Thread Group 1-3,text,true,,1290,266,5,5,http://api.demo.com/api/products,124,0,7
1765098265005,147,HTTP Request - /api/products,200,OK,Thread Group 1-4,text,true,,1972,485,5,5,http://api.demo.com/api/products,147,0,3
1765098265110,121,HTTP Request - /api/products,200,OK,Thread Group 1-5,text,true,,2390,328,5,5,http://api.demo.com/api/products,121,0,7
1765098265208,140,HTTP Request - /api/products,200,OK,Thread Group 1-1,text,true,,3927,299,5,5,http://api.demo.com/api/products,140,0,4
1765098265308,4333,HTTP Request - /api/products,200,OK,Thread Group 1-2,text,true,,3192,436,5,5,http://api.demo.com/api/products,4333,0,5
1765098265413,3460,HTTP Request - /api/products,200,OK,Thread Group 1-3,text,true,,3732,446,5,5,http://api.demo.com/api/products,3460,0,6
1765098265515,3470,HTTP Request - /api/checkout,200,OK,Thread Group 1-4,text,true,,3088,314,5,5,http://api.demo.com/api/checkout,3470,0,7
1765098265616,4543,HTTP Request - /api/users,200,OK,Thread Group 1-5,text,true,,3786,505,5,5,http://api.demo.com/api/users,4543,0,8
1765098265719,4217,HTTP Request - /api/users,200,OK,Thread Group 1-1,text,true,,4072,292,5,5,http://api.demo.com/api/users,4217,0,6
1765098265799,125,HTTP Request - /api/orders,200,OK,Thread Group 1-2,text,true,,3690,435,5,5,http://api.demo.com/api/orders,125,0,9
1765098265908,144,HTTP Request - /api/products,200,OK,Thread Group 1-3,text,true,,3642,484,5,5,http://api.demo.com/api/products,144,0,10
1765098266014,85,HTTP Request - /api/checkout,200,OK,Thread Group 1-4,text,true,,1237,490,5,5,http://api.demo.com/api/checkout,85,0,1
1765098266100,96,HTTP Request - /api/users,200,OK,Thread Group 1-5,text,true,,1696,488,5,5,http://api.demo.com/api/users,96,0,8
1765098266216,88,HTTP Request - /api/orders,200,OK,Thread Group 1-1,text,true,,2185,284,5,5,http://api.demo.com/api/orders,88,0,2
1765098266320,96,HTTP Request - /api/orders,200,OK,Thread Group 1-2,text,true,,3701,308,5,5,http://api.demo.com/api/orders,96,0,8
1765098266417,140,HTTP Request - /api/inventory,200,OK,Thread Group 1-3,text,true,,2800,385,5,5,http://api.demo.com/api/inventory,140,0,2
1765098266505,3945,HTTP Request - /api/products,200,OK,Thread Group 1-4,text,true,,2760,463,5,5,http://api.demo.com/api/products,3945,0,7
1765098266593,116,HTTP Request - /api/checkout,200,OK,Thread Group 1-5,text,true,,1253,333,5,5,http://api.demo.com/api/checkout,116,0,7
1765098266705,81,HTTP Request - /api/checkout,200,OK,Thread Group 1-1,text,true,,1190,511,5,5,http://api.demo.com/api/checkout,81,0,8
1765098266790,4203,HTTP Request - /api/users,200,OK,Thread Group 1-2,text,true,,1270,476,5,5,http://api.demo.com/api/users,4203,0,8
1765098266909,91,HTTP Request - /api/checkout,200,OK,Thread Group 1-3,text,true,,1294,314,5,5,http://api.demo.com/api/checkout,91,0,5
1765098267011,84,HTTP Request - /api/users,200,OK,Thread Group 1-4,text,true,,1751,409,5,5,http://api.demo.com/api/users,84,0,5
1765098267128,104,HTTP Request - /api/products,200,OK,Thread Group 1-5,text,true,,4079,365,5,5,http://api.demo.com/api/products,104,0,4
1765098267209,126,HTTP Request - /api/checkout,200,OK,Thread Group 1-1,text,true,,3961,345,5,5,http://api.demo.com/api/checkout,126,0,4
1765098267303,3765,HTTP Request - /api/checkout,200,OK,Thread Group 1-2,text,true,,2632,477,5,5,http://api.demo.com/api/checkout,3765,0,5
1765098267422,136,HTTP Request - /api/orders,200,OK,Thread Group 1-3,text,true,,3131,460,5,5,http://api.demo.com/api/orders,136,0,9
1765098267509,3033,HTTP Request - /api/inventory,200,OK,Thread Group 1-4,text,true,,2744,406,5,5,http://api.demo.com/api/inventory,3033,0,4
1765098267597,122,HTTP Request - /api/checkout,200,OK,Thread Group 1-5,text,true,,3980,323,5,5,http://api.demo.com/api/checkout,122,0,10
1765098267690,110,HTTP Request - /api/inventory,200,OK,Thread Group 1-1,text,true,,3779,315,5,5,http://api.demo.com/api/inventory,110,0,2
1765098267804,91,HTTP Request - /api/orders,200,OK,Thread Group 1-2,text,true,,1458,437,5,5,http://api.demo.com/api/orders,91,0,9
1765098267897,3686,HTTP Request - /api/products,200,OK,Thread Group 1-3,text,true,,1242,511,5,5,http://api.demo.com/api/products,3686,0,8
1765098267980,3304,HTTP Request - /api/inventory,200,OK,Thread Group 1-4,text,true,,4021,301,5,5,http://api.demo.com/api/inventory,3304,0,5
1765098268093,121,HTTP Request - /api/inventory,200,OK,Thread Group 1-5,text,true,,1195,456,5,5,http://api.demo.com/api/inventory,121,0,10
1765098268174,111,HTTP Request - /api/checkout,200,OK,Thread Group 1-1,text,true,,2712,439,5,5,http://api.demo.com/api/checkout,111,0,6
1765098268291,115,HTTP Request - /api/products,200,OK,Thread Group 1-2,text,true,,3901,336,5,5,http://api.demo.com/api/products,115,0,9
1765098268385,116,HTTP Request - /api/inventory,200,OK,Thread Group 1-3,text,true,,3249,495,5,5,http://api.demo.com/api/inventory,116,0,7
1765098268486,145,HTTP Request - /api/checkout,200,OK,Thread Group 1-4,text,true,,1805,301,5,5,http://api.demo.com/api/checkout,145,0,2
1765098268585,110,HTTP Request - /api/users,200,OK,Thread Group 1-5,text,true,,1447,369,5,5,http://api.demo.com/api/users,110,0,1
1765098268673,81,HTTP Request - /api/users,200,OK,Thread Group 1-1,text,true,,1711,389,5,5,http://api.demo.com/api/users,81,0,5
1765098268760,132,HTTP Request - /api/users,200,OK,Thread Group 1-2,text,true,,1309,426,5,5,http://api.demo.com/api/users,132,0,5
1765098268849,113,HTTP Request - /api/products,200,OK,Thread Group 1-3,text,true,,3709,500,5,5,http://api.demo.com/api/products,113,0,2
1765098268963,95,HTTP Request - /api/orders,200,OK,Thread Group 1-4,text,true,,3728,349,5,5,http://api.demo.com/api/orders,95,0,7
1765098269044,108,HTTP Request - /api/products,200,OK,Thread Group 1-5,text,true,,1680,288,5,5,http://api.demo.com/api/products,108,0,3
1765098269164,93,HTTP Request - /api/users,200,OK,Thread Group 1-1,text,true,,3707,409,5,5,http://api.demo.com/api/users,93,0,5
1765098269278,131,HTTP Request - /api/inventory,200,OK,Thread Group 1-2,text,true,,3077,333,5,5,http://api.demo.com/api/inventory,131,0,10
1765098269383,86,HTTP Request - /api/products,200,OK,Thread Group 1-3,text,true,,3224,371,5,5,http://api.demo.com/api/products,86,0,8
1765098269497,102,HTTP Request - /api/orders,200,OK,Thread Group 1-4,text,true,,3317,482,5,5,http://api.demo.com/api/orders,102,0,8
1765098269581,92,HTTP Request - /api/checkout,200,OK,Thread Group 1-5,text,true,,1318,395,5,5,http://api.demo.com/api/checkout,92,0,1
1765098269672,104,HTTP Request - /api/users,200,OK,Thread Group 1-1,text,true,,3217,326,5,5,http://api.demo.com/api/users,104,0,1
1765098269752,108,HTTP Request - /api/inventory,200,OK,Thread Group 1-2,text,true,,1224,429,5,5,http://api.demo.com/api/inventory,108,0,7
1765098269870,125,HTTP Request - /api/products,200,OK,Thread Group 1-3,text,true,,2973,497,5,5,http://api.demo.com/api/products,125,0,6
1765098269972,111,HTTP Request - /api/checkout,200,OK,Thread Group 1-4,text,true,,3895,424,5,5,http://api.demo.com/api/checkout,111,0,6
1765098270067,93,HTTP Request - /api/products,200,OK,Thread Group 1-5,text,true,,1654,373,5,5,http://api.demo.com/api/products,93,0,6
1765098270157,80,HTTP Request - /api/users,200,OK,Thread Group 1-1,text,true,,1875,446,5,5,http://api.demo.com/api/users,80,0,3
1765098270274,90,HTTP Request - /api/products,200,OK,Thread Group 1-2,text,true,,2950,390,5,5,http://api.demo.com/api/products,90,0,6
1765098270394,100,HTTP Request - /api/products,200,OK,Thread Group 1-3,text,true,,1453,374,5,5,http://api.demo.com/api/products,100,0,4
1765098270487,141,HTTP Request - /api/checkout,200,OK,Thread Group 1-4,text,true,,3186,423,5,5,http://api.demo.com/api/checkout,141,0,2
1765098270581,148,HTTP Request - /api/users,200,OK,Thread Group 1-5,text,true,,2572,269,5,5,http://api.demo.com/api/users,148,0,7
1765098270694,144,HTTP Request - /api/users,200,OK,Thread Group 1-1,text,true,,2361,454,5,5,http://api.demo.com/api/users,144,0,3
1765098270787,149,HTTP Request - /api/orders,200,OK,Thread Group 1-2,text,true,,3264,460,5,5,http://api.demo.com/api/orders,149,0,6
1765098270871,87,HTTP Request - /api/products,200,OK,Thread Group 1-3,text,true,,3240,279,5,5,http://api.demo.com/api/products,87,0,2
1765098270957,119,HTTP Request - /api/users,200,OK,Thread Group 1-4,text,true,,3588,505,5,5,http://api.demo.com/api/users,119,0,8
1765098271055,128,HTTP Request - /api/products,200,OK,Thread Group 1-5,text,true,,3873,327,5,5,http://api.demo.com/api/products,128,0,7
1765098271145,126,HTTP Request - /api/products,200,OK,Thread Group 1-1,text,true,,1436,445,5,5,http://api.demo.com/api/products,126,0,6
1765098271258,102,HTTP Request - /api/users,200,OK,Thread Group 1-2,text,true,,2952,452,5,5,http://api.demo.com/api/users,102,0,3
1765098271338,86,HTTP Request - /api/inventory,200,OK,Thread Group 1-3,text,true,,3667,441,5,5,http://api.demo.com/api/inventory,86,0,1
1765098271436,92,HTTP Request - /api/users,200,OK,Thread Group 1-4,text,true,,2374,390,5,5,http://api.demo.com/api/users,92,0,5
1765098271532,122,HTTP Request - /api/inventory,200,OK,Thread Group 1-5,text,true,,3673,263,5,5,http://api.demo.com/api/inventory,122,0,8
1765098271616,93,HTTP Request - /api/products,200,OK,Thread Group 1-1,text,true,,2378,446,5,5,http://api.demo.com/api/products,93,0,10
1765098271703,135,HTTP Request - /api/products,200,OK,Thread Group 1-2,text,true,,2375,331,5,5,http://api.demo.com/api/products,135,0,3
1765098271783,104,HTTP Request - /api/checkout,200,OK,Thread Group 1-3,text,true,,2040,285,5,5,http://api.demo.com/api/checkout,104,0,7
1765098271882,141,HTTP Request - /api/users,200,OK,Thread Group 1-4,text,true,,2602,415,5,5,http://api.demo.com/api/users,141,0,9
1765098271976,98,HTTP Request - /api/checkout,200,OK,Thread Group 1-5,text,true,,1540,343,5,5,http://api.demo.com/api/checkout,98,0,1
1765098272072,124,HTTP Request - /api/inventory,200,OK,Thread Group 1-1,text,true,,2647,275,5,5,http://api.demo.com/api/inventory,124,0,1
1765098272171,124,HTTP Request - /api/checkout,200,OK,Thread Group 1-2,text,true,,1248,422,5,5,http://api.demo.com/api/checkout,124,0,3
1765098272262,93,HTTP Request - /api/inventory,200,OK,Thread Group 1-3,text,true,,3306,468,5,5,http://api.demo.com/api/inventory,93,0,7
1765098272367,94,HTTP Request - /api/orders,200,OK,Thread Group 1-4,text,true,,3324,457,5,5,http://api.demo.com/api/orders,94,0,2
1765098272487,149,HTTP Request - /api/products,200,OK,Thread Group 1-5,text,true,,1034,390,5,5,http://api.demo.com/api/products,149,0,8
1765098272591,84,HTTP Request - /api/orders,200,OK,Thread Group 1-1,text,true,,3611,266,5,5,http://api.demo.com/api/orders,84,0,5
1765098272709,103,HTTP Request - /api/inventory,200,OK,Thread Group 1-2,text,true,,2752,315,5,5,http://api.demo.com/api/inventory,103,0,8
1765098272825,143,HTTP Request - /api/products,200,OK,Thread Group 1-3,text,true,,1514,510,5,5,http://api.demo.com/api/products,143,0,7
1765098272915,127,HTTP Request - /api/inventory,200,OK,Thread Group 1-4,text,true,,3742,474,5,5,http://api.demo.com/api/inventory,127,0,1
1765098272998,119,HTTP Request - /api/orders,200,OK,Thread Group 1-5,text,true,,3295,498,5,5,http://api.demo.com/api/orders,119,0,1
1765098273087,122,HTTP Request - /api/orders,200,OK,Thread Group 1-1,text,true,,2559,479,5,5,http://api.demo.com/api/orders,122,0,4
1765098273180,138,HTTP Request - /api/orders,200,OK,Thread Group 1-2,text,true,,3037,300,5,5,http://api.demo.com/api/orders,138,0,1
1765098273270,95,HTTP Request - /api/inventory,200,OK,Thread Group 1-3,text,true,,3475,491,5,5,http://api.demo.com/api/inventory,95,0,1
1765098273363,107,HTTP Request - /api/checkout,200,OK,Thread Group 1-4,text,true,,1332,481,5,5,http://api.demo.com/api/checkout,107,0,6
1765098273465,116,HTTP Request - /api/orders,200,OK,Thread Group 1-5,text,true,,1036,402,5,5,http://api.demo.com/api/orders,116,0,8
1765098273566,132,HTTP Request - /api/orders,200,OK,Thread Group 1-1,text,true,,1081,420,5,5,http://api.demo.com/api/orders,132,0,5
1765098273655,145,HTTP Request - /api/users,200,OK,Thread Group 1-2,text,true,,3835,432,5,5,http://api.demo.com/api/users,145,0,9
1765098273750,112,HTTP Request - /api/checkout,200,OK,Thread Group 1-3,text,true,,1065,285,5,5,http://api.demo.com/api/checkout,112,0,2
1765098273866,114,HTTP Request - /api/checkout,200,OK,Thread Group 1-4,text,true,,1819,311,5,5,http://api.demo.com/api/checkout,114,0,10
1765098273959,112,HTTP Request - /api/orders,200,OK,Thread Group 1-5,text,true,,2819,294,5,5,http://api.demo.com/api/orders,112,0,8
1765098274076,84,HTTP Request - /api/checkout,200,OK,Thread Group 1-1,text,true,,3545,306,5,5,http://api.demo.com/api/checkout,84,0,9
1765098274179,133,HTTP Request - /api/orders,200,OK,Thread Group 1-2,text,true,,1775,262,5,5,http://api.demo.com/api/orders,133,0,8
1765098274291,142,HTTP Request - /api/orders,200,OK,Thread Group 1-3,text,true,,3021,381,5,5,http://api.demo.com/api/orders,142,0,10
1765098274374,97,HTTP Request - /api/orders,200,OK,Thread Group 1-4,text,true,,3754,512,5,5,http://api.demo.com/api/orders,97,0,5
1765098274460,110,HTTP Request - /api/inventory,200,OK,Thread Group 1-5,text,true,,2703,426,5,5,http://api.demo.com/api/inventory,110,0,4
1765098274547,130,HTTP Request - /api/checkout,200,OK,Thread Group 1-1,text,true,,3373,383,5,5,http://api.demo.com/api/checkout,130,0,1
1765098274662,110,HTTP Request - /api/users,200,OK,Thread Group 1-2,text,true,,1712,284,5,5,http://api.demo.com/api/users,110,0,1
1765098274771,111,HTTP Request - /api/checkout,200,OK,Thread Group 1-3,text,true,,3401,430,5,5,http://api.demo.com/api/checkout,111,0,4
1765098274891,134,HTTP Request - /api/orders,200,OK,Thread Group 1-4,text,true,,3831,411,5,5,http://api.demo.com/api/orders,134,0,6
1765098274982,141,HTTP Request - /api/checkout,200,OK,Thread Group 1-5,text,true,,1619,367,5,5,http://api.demo.com/api/checkout,141,0,9
1765098275077,142,HTTP Request - /api/orders,200,OK,Thread Group 1-1,text,true,,1656,346,5,5,http://api.demo.com/api/orders,142,0,3
1765098275172,110,HTTP Request - /api/orders,200,OK,Thread Group 1-2,text,true,,3100,290,5,5,http://api.demo.com/api/orders,110,0,9
1765098275267,83,HTTP Request - /api/products,200,OK,Thread Group 1-3,text,true,,1831,374,5,5,http://api.demo.com/api/products,83,0,4
1765098275375,102,HTTP Request - /api/checkout,200,OK,Thread Group 1-4,text,true,,1411,357,5,5,http://api.demo.com/api/checkout,102,0,1
1765098275471,103,HTTP Request - /api/products,200,OK,Thread Group 1-5,text,true,,1728,498,5,5,http://api.demo.com/api/products,103,0,4
1765098275581,91,HTTP Request - /api/products,200,OK,Thread Group 1-1,text,true,,2723,484,5,5,http://api.demo.com/api/products,91,0,9
1765098275672,142,HTTP Request - /api/users,200,OK,Thread Group 1-2,text,true,,1990,285,5,5,http://api.demo.com/api/users,142,0,3
1765098275770,82,HTTP Request - /api/checkout,200,OK,Thread Group 1-3,text,true,,2480,463,5,5,http://api.demo.com/api/checkout,82,0,2
1765098275880,119,HTTP Request - /api/inventory,200,OK,Thread Group 1-4,text,true,,3711,315,5,5,http://api.demo.com/api/inventory,119,0,3
1765098275983,136,HTTP Request - /api/inventory,200,OK,Thread Group 1-5,text,true,,3661,380,5,5,http://api.demo.com/api/inventory,136,0,6
1765098276089,113,HTTP Request - /api/users,200,OK,Thread Group 1-1,text,true,,3763,260,5,5,http://api.demo.com/api/users,113,0,1
1765098276199,89,HTTP Request - /api/products,200,OK,Thread Group 1-2,text,true,,3526,307,5,5,http://api.demo.com/api/products,89,0,2
1765098276303,129,HTTP Request - /api/inventory,200,OK,Thread Group 1-3,text,true,,3628,286,5,5,http://api.demo.com/api/inventory,129,0,7
1765098276394,121,HTTP Request - /api/orders,200,OK,Thread Group 1-4,text,true,,3665,443,5,5,http://api.demo.com/api/orders,121,0,1
1765098276510,150,HTTP Request - /api/products,200,OK,Thread Group 1-5,text,true,,2648,462,5,5,http://api.demo.com/api/products,150,0,5
1765098276599,118,HTTP Request - /api/orders,200,OK,Thread Group 1-1,text,true,,2142,364,5,5,http://api.demo.com/api/orders,118,0,2
1765098276691,134,HTTP Request - /api/orders,200,OK,Thread Group 1-2,text,true,,1155,503,5,5,http://api.demo.com/api/orders,134,0,9
1765098276800,98,HTTP Request - /api/products,200,OK,Thread Group 1-3,text,true,,3770,489,5,5,http://api.demo.com/api/products,98,0,9
1765098276907,134,HTTP Request - /api/orders,200,OK,Thread Group 1-4,text,true,,3187,446,5,5,http://api.demo.com/api/orders,134,0,5
1765098277009,132,HTTP Request - /api/users,200,OK,Thread Group 1-5,text,true,,1637,342,5,5,http://api.demo.com/api/users,132,0,7
1765098277127,107,HTTP Request - /api/checkout,200,OK,Thread Group 1-1,text,true,,3142,428,5,5,http://api.demo.com/api/checkout,107,0,10
1765098277240,113,HTTP Request - /api/users,200,OK,Thread Group 1-2,text,true,,3154,441,5,5,http://api.demo.com/api/users,113,0,3
1765098277340,109,HTTP Request - /api/users,200,OK,Thread Group 1-3,text,true,,1244,456,5,5,http://api.demo.com/api/users,109,0,9
1765098277421,92,HTTP Request - /api/orders,200,OK,Thread Group 1-4,text,true,,1663,510,5,5,http://api.demo.com/api/orders,92,0,7
1765098277527,147,HTTP Request - /api/inventory,200,OK,Thread Group 1-5,text,true,,3096,412,5,5,http://api.demo.com/api/inventory,147,0,10
1765098277638,130,HTTP Request - /api/users,200,OK,Thread Group 1-1,text,true,,2331,338,5,5,http://api.demo.com/api/users,130,0,9
1765098277729,123,HTTP Request - /api/checkout,200,OK,Thread Group 1-2,text,true,,4014,323,5,5,http://api.demo.com/api/checkout,123,0,10
1765098277838,93,HTTP Request - /api/products,200,OK,Thread Group 1-3,text,true,,2374,507,5,5,http://api.demo.com/api/products,93,0,3
1765098277934,103,HTTP Request - /api/products,200,OK,Thread Group 1-4,text,true,,1216,267,5,5,http://api.demo.com/api/products,103,0,7
1765098278042,91,HTTP Request - /api/inventory,200,OK,Thread Group 1-5,text,true,,2477,469,5,5,http://api.demo.com/api/inventory,91,0,6
1765098278134,83,HTTP Request - /api/orders,200,OK,Thread Group 1-1,text,true,,2452,341,5,5,http://api.demo.com/api/orders,83,0,3
1765098278250,128,HTTP Request - /api/inventory,200,OK,Thread Group 1-2,text,true,,3521,503,5,5,http://api.demo.com/api/inventory,128,0,7
1765098278366,134,HTTP Request - /api/inventory,200,OK,Thread Group 1-3,text,true,,4039,418,5,5,http://api.demo.com/api/inventory,134,0,4
1765098278470,92,HTTP Request - /api/products,200,OK,Thread Group 1-4,text,true,,2028,429,5,5,http://api.demo.com/api/products,92,0,7
1765098278564,96,HTTP Request - /api/inventory,200,OK,Thread Group 1-5,text,true,,3020,443,5,5,http://api.demo.com/api/inventory,96,0,6
1765098278682,125,HTTP Request - /api/users,200,OK,Thread Group 1-1,text,true,,3287,286,5,5,http://api.demo.com/api/users,125,0,1
1765098278801,90,HTTP Request - /api/inventory,200,OK,Thread Group 1-2,text,true,,2361,484,5,5,http://api.demo.com/api/inventory,90,0,3
1765098278921,94,HTTP Request - /api/orders,200,OK,Thread Group 1-3,text,true,,1896,474,5,5,http://api.demo.com/api/orders,94,0,8
1765098279038,144,HTTP Request - /api/inventory,200,OK,Thread Group 1-4,text,true,,2471,505,5,5,http://api.demo.com/api/inventory,144,0,7
1765098279127,86,HTTP Request - /api/products,200,OK,Thread Group 1-5,text,true,,3196,362,5,5,http://api.demo.com/api/products,86,0,10
1765098279225,122,HTTP Request - /api/users,200,OK,Thread Group 1-1,text,true,,3239,492,5,5,http://api.demo.com/api/users,122,0,4
1765098279318,111,HTTP Request - /api/inventory,200,OK,Thread Group 1-2,text,true,,2983,308,5,5,http://api.demo.com/api/inventory,111,0,9
1765098279415,110,HTTP Request - /api/products,200,OK,Thread Group 1-3,text,true,,1590,478,5,5,http://api.demo.com/api/products,110,0,2
1765098279503,128,HTTP Request - /api/users,200,OK,Thread Group 1-4,text,true,,3465,334,5,5,http://api.demo.com/api/users,128,0,10
1765098279605,131,HTTP Request - /api/users,200,OK,Thread Group 1-5,text,true,,3863,487,5,5,http://api.demo.com/api/users,131,0,10
1765098279721,127,HTTP Request - /api/checkout,200,OK,Thread Group 1-1,text,true,,3972,299,5,5,http://api.demo.com/api/checkout,127,0,1
1765098279839,124,HTTP Request - /api/products,200,OK,Thread Group 1-2,text,true,,1498,416,5,5,http://api.demo.com/api/products,124,0,1
1765098279920,118,HTTP Request - /api/inventory,200,OK,Thread Group 1-3,text,true,,3160,399,5,5,http://api.demo.com/api/inventory,118,0,8
1765098280006,110,HTTP Request - /api/products,200,OK,Thread Group 1-4,text,true,,1742,352,5,5,http://api.demo.com/api/products,110,0,10
1765098280125,118,HTTP Request - /api/users,200,OK,Thread Group 1-5,text,true,,1672,369,5,5,http://api.demo.com/api/users,118,0,5
1765098280207,111,HTTP Request - /api/inventory,200,OK,Thread Group 1-1,text,true,,1189,393,5,5,http://api.demo.com/api/inventory,111,0,1
1765098280308,138,HTTP Request - /api/orders,200,OK,Thread Group 1-2,text,true,,3246,324,5,5,http://api.demo.com/api/orders,138,0,2
1765098280415,86,HTTP Request - /api/inventory,200,OK,Thread Group 1-3,text,true,,2065,453,5,5,http://api.demo.com/api/inventory,86,0,3
1765098280500,114,HTTP Request - /api/users,200,OK,Thread Group 1-4,text,true,,4052,510,5,5,http://api.demo.com/api/users,114,0,10
1765098280598,122,HTTP Request - /api/orders,200,OK,Thread Group 1-5,text,true,,3392,414,5,5,http://api.demo.com/api/orders,122,0,1
1765098280696,89,HTTP Request - /api/orders,200,OK,Thread Group 1-1,text,true,,1242,371,5,5,http://api.demo.com/api/orders,89,0,3
1765098280813,102,HTTP Request - /api/users,200,OK,Thread Group 1-2,text,true,,2979,291,5,5,http://api.demo.com/api/users,102,0,6
1765098280899,102,HTTP Request - /api/inventory,200,OK,Thread Group 1-3,text,true,,2229,344,5,5,http://api.demo.com/api/inventory,102,0,10
1765098280985,91,HTTP Request - /api/orders,200,OK,Thread Group 1-4,text,true,,1719,496,5,5,http://api.demo.com/api/orders,91,0,5
1765098281101,81,HTTP Request - /api/inventory,200,OK,Thread Group 1-5,text,true,,3754,502,5,5,http://api.demo.com/api/inventory,81,0,7
1765098281206,138,HTTP Request - /api/products,200,OK,Thread Group 1-1,text,true,,2963,335,5,5,http://api.demo.com/api/products,138,0,7
1765098281301,131,HTTP Request - /api/users,200,OK,Thread Group 1-2,text,true,,2263,412,5,5,http://api.demo.com/api/users,131,0,9
1765098281401,131,HTTP Request - /api/users,200,OK,Thread Group 1-3,text,true,,2302,442,5,5,http://api.demo.com/api/users,131,0,10
1765098281497,89,HTTP Request - /api/products,200,OK,Thread Group 1-4,text,true,,2798,379,5,5,http://api.demo.com/api/products,89,0,1
1765098281604,120,HTTP Request - /api/orders,200,OK,Thread Group 1-5,text,true,,3557,302,5,5,http://api.demo.com/api/orders,120,0,2
1765098281696,109,HTTP Request - /api/orders,200,OK,Thread Group 1-1,text,true,,2642,411,5,5,http://api.demo.com/api/orders,109,0,5
1765098281792,85,HTTP Request - /api/users,200,OK,Thread Group 1-2,text,true,,2418,288,5,5,http://api.demo.com/api/users,85,0,10
1765098281892,107,HTTP Request - /api/users,200,OK,Thread Group 1-3,text,true,,3186,434,5,5,http://api.demo.com/api/users,107,0,3
1765098281998,105,HTTP Request - /api/orders,200,OK,Thread Group 1-4,text,true,,2464,378,5,5,http://api.demo.com/api/orders,105,0,5
1765098282112,85,HTTP Request - /api/products,200,OK,Thread Group 1-5,text,true,,1815,478,5,5,http://api.demo.com/api/products,85,0,8
1765098282231,145,HTTP Request - /api/inventory,200,OK,Thread Group 1-1,text,true,,1348,512,5,5,http://api.demo.com/api/inventory,145,0,8
1765098282332,145,HTTP Request - /api/users,200,OK,Thread Group 1-2,text,true,,1371,421,5,5,http://api.demo.com/api/users,145,0,9
1765098282429,150,HTTP Request - /api/products,200,OK,Thread Group 1-3,text,true,,3552,371,5,5,http://api.demo.com/api/products,150,0,9
1765098282512,120,HTTP Request - /api/orders,200,OK,Thread Group 1-4,text,true,,2929,474,5,5,http://api.demo.com/api/orders,120,0,1
1765098282621,134,HTTP Request - /api/inventory,200,OK,Thread Group 1-5,text,true,,1750,484,5,5,http://api.demo.com/api/inventory,134,0,10
1765098282740,129,HTTP Request - /api/users,200,OK,Thread Group 1-1,text,true,,4005,426,5,5,http://api.demo.com/api/users,129,0,3
1765098282827,93,HTTP Request - /api/checkout,200,OK,Thread Group 1-2,text,true,,1430,412,5,5,http://api.demo.com/api/checkout,93,0,9
1765098282918,107,HTTP Request - /api/inventory,200,OK,Thread Group 1-3,text,true,,1125,470,5,5,http://api.demo.com/api/inventory,107,0,7
1765098283013,119,HTTP Request - /api/checkout,200,OK,Thread Group 1-4,text,true,,1795,386,5,5,http://api.demo.com/api/checkout,119,0,6
1765098283133,99,HTTP Request - /api/products,200,OK,Thread Group 1-5,text,true,,1635,339,5,5,http://api.demo.com/api/products,99,0,9
1765098283224,114,HTTP Request - /api/products,200,OK,Thread Group 1-1,text,true,,1280,436,5,5,http://api.demo.com/api/products,114,0,2
1765098283322,119,HTTP Request - /api/orders,200,OK,Thread Group 1-2,text,true,,3794,290,5,5,http://api.demo.com/api/orders,119,0,7
1765098283436,141,HTTP Request - /api/users,200,OK,Thread Group 1-3,text,true,,3538,466,5,5,http://api.demo.com/api/users,141,0,7
1765098283542,82,HTTP Request - /api/orders,200,OK,Thread Group 1-4,text,true,,1262,393,5,5,http://api.demo.com/api/orders,82,0,9
1765098283657,132,HTTP Request - /api/orders,200,OK,Thread Group 1-5,text,true,,2850,446,5,5,http://api.demo.com/api/orders,132,0,3
1765098283763,97,HTTP Request - /api/products,200,OK,Thread Group 1-1,text,true,,3890,386,5,5,http://api.demo.com/api/products,97,0,8
1765098283873,92,HTTP Request - /api/products,200,OK,Thread Group 1-2,text,true,,2056,395,5,5,http://api.demo.com/api/products,92,0,1
1765098283954,128,HTTP Request - /api/checkout,200,OK,Thread Group 1-3,text,true,,1034,302,5,5,http://api.demo.com/api/checkout,128,0,6
1765098284074,112,HTTP Request - /api/checkout,200,OK,Thread Group 1-4,text,true,,1242,310,5,5,http://api.demo.com/api/checkout,112,0,8
1765098284183,142,HTTP Request - /api/products,200,OK,Thread Group 1-5,text,true,,3296,351,5,5,http://api.demo.com/api/products,142,0,3
1765098284302,108,HTTP Request - /api/products,200,OK,Thread Group 1-1,text,true,,3346,412,5,5,http://api.demo.com/api/products,108,0,3
1765098284384,100,HTTP Request - /api/orders,200,OK,Thread Group 1-2,text,true,,2563,366,5,5,http://api.demo.com/api/orders,100,0,3
1765098284471,114,HTTP Request - /api/products,200,OK,Thread Group 1-3,text,true,,1622,509,5,5,http://api.demo.com/api/products,114,0,5
1765098284568,141,HTTP Request - /api/orders,200,OK,Thread Group 1-4,text,true,,3919,348,5,5,http://api.demo.com/api/orders,141,0,9
1765098284688,92,HTTP Request - /api/users,200,OK,Thread Group 1-5,text,true,,1029,401,5,5,http://api.demo.com/api/users,92,0,10
1765098284802,134,HTTP Request - /api/checkout,200,OK,Thread Group 1-1,text,true,,3172,306,5,5,http://api.demo.com/api/checkout,134,0,3
1765098284901,146,HTTP Request - /api/inventory,200,OK,Thread Group 1-2,text,true,,3846,481,5,5,http://api.demo.com/api/inventory,146,0,6
1765098285016,126,HTTP Request - /api/orders,200,OK,Thread Group 1-3,text,true,,1739,383,5,5,http://api.demo.com/api/orders,126,0,6
1765098285098,137,HTTP Request - /api/inventory,200,OK,Thread Group 1-4,text,true,,3852,441,5,5,http://api.demo.com/api/inventory,137,0,8
1765098285199,142,HTTP Request - /api/products,200,OK,Thread Group 1-5,text,true,,1866,451,5,5,http://api.demo.com/api/products,142,0,6
1765098285289,117,HTTP Request - /api/users,200,OK,Thread Group 1-1,text,true,,3723,376,5,5,http://api.demo.com/api/users,117,0,4
1765098285392,136,HTTP Request - /api/users,200,OK,Thread Group 1-2,text,true,,1679,380,5,5,http://api.demo.com/api/users,136,0,4
1765098285493,149,HTTP Request - /api/products,200,OK,Thread Group 1-3,text,true,,3442,318,5,5,http://api.demo.com/api/products,149,0,7
1765098285603,121,HTTP Request - /api/users,200,OK,Thread Group 1-4,text,true,,1090,300,5,5,http://api.demo.com/api/users,121,0,1
1765098285710,139,HTTP Request - /api/users,200,OK,Thread Group 1-5,text,true,,3473,416,5,5,http://api.demo.com/api/users,139,0,2
1765098285817,91,HTTP Request - /api/users,200,OK,Thread Group 1-1,text,true,,3339,511,5,5,http://api.demo.com/api/users,91,0,6
1765098285899,106,HTTP Request - /api/users,200,OK,Thread Group 1-2,text,true,,3824,330,5,5,http://api.demo.com/api/users,106,0,2
1765098286014,100,HTTP Request - /api/inventory,200,OK,Thread Group 1-3,text,true,,3391,317,5,5,http://api.demo.com/api/inventory,100,0,7
1765098286094,148,HTTP Request - /api/products,200,OK,Thread Group 1-4,text,true,,3823,449,5,5,http://api.demo.com/api/products,148,0,6
1765098286211,99,HTTP Request - /api/orders,200,OK,Thread Group 1-5,text,true,,3473,350,5,5,http://api.demo.com/api/orders,99,0,9
1765098286294,104,HTTP Request - /api/users,200,OK,Thread Group 1-1,text,true,,1343,403,5,5,http://api.demo.com/api/users,104,0,5
1765098286400,131,HTTP Request - /api/users,200,OK,Thread Group 1-2,text,true,,3147,506,5,5,http://api.demo.com/api/users,131,0,2
1765098286496,142,HTTP Request - /api/orders,200,OK,Thread Group 1-3,text,true,,1309,507,5,5,http://api.demo.com/api/orders,142,0,6
1765098286586,92,HTTP Request - /api/users,200,OK,Thread Group 1-4,text,true,,2579,472,5,5,http://api.demo.com/api/users,92,0,5
1765098286686,113,HTTP Request - /api/inventory,200,OK,Thread Group 1-5,text,true,,3553,373,5,5,http://api.demo.com/api/inventory,113,0,5
1765098286778,103,HTTP Request - /api/checkout,200,OK,Thread Group 1-1,text,true,,2606,299,5,5,http://api.demo.com/api/checkout,103,0,5
1765098286892,103,HTTP Request - /api/inventory,200,OK,Thread Group 1-2,text,true,,3744,339,5,5,http://api.demo.com/api/inventory,103,0,10
1765098287001,148,HTTP Request - /api/users,200,OK,Thread Group 1-3,text,true,,3496,399,5,5,http://api.demo.com/api/users,148,0,5
1765098287121,80,HTTP Request - /api/checkout,200,OK,Thread Group 1-4,text,true,,3495,307,5,5,http://api.demo.com/api/checkout,80,0,5
1765098287204,150,HTTP Request - /api/inventory,200,OK,Thread Group 1-5,text,true,,3702,262,5,5,http://api.demo.com/api/inventory,150,0,2
1765098287284,107,HTTP Request - /api/checkout,200,OK,Thread Group 1-1,text,true,,3864,481,5,5,http://api.demo.com/api/checkout,107,0,5
1765098287386,111,HTTP Request - /api/orders,200,OK,Thread Group 1-2,text,true,,1595,314,5,5,http://api.demo.com/api/orders,111,0,1
1765098287485,112,HTTP Request - /api/inventory,200,OK,Thread Group 1-3,text,true,,2667,461,5,5,http://api.demo.com/api/inventory,112,0,9
1765098287605,127,HTTP Request - /api/orders,200,OK,Thread Group 1-4,text,true,,1940,438,5,5,http://api.demo.com/api/orders,127,0,8
1765098287724,92,HTTP Request - /api/products,200,OK,Thread Group 1-5,text,true,,3269,446,5,5,http://api.demo.com/api/products,92,0,7
1765098287815,134,HTTP Request - /api/inventory,200,OK,Thread Group 1-1,text,true,,1309,261,5,5,http://api.demo.com/api/inventory,134,0,10
1765098287899,128,HTTP Request - /api/users,200,OK,Thread Group 1-2,text,true,,3542,448,5,5,http://api.demo.com/api/users,128,0,6
1765098288014,133,HTTP Request - /api/checkout,200,OK,Thread Group 1-3,text,true,,1894,350,5,5,http://api.demo.com/api/checkout,133,0,6
1765098288119,140,HTTP Request - /api/checkout,200,OK,Thread Group 1-4,text,true,,2105,473,5,5,http://api.demo.com/api/checkout,140,0,2
1765098288201,136,HTTP Request - /api/inventory,200,OK,Thread Group 1-5,text,true,,2397,339,5,5,http://api.demo.com/api/inventory,136,0,10
1765098288289,125,HTTP Request - /api/orders,200,OK,Thread Group 1-1,text,true,,2043,386,5,5,http://api.demo.com/api/orders,125,0,7
1765098288388,130,HTTP Request - /api/users,200,OK,Thread Group 1-2,text,true,,1571,285,5,5,http://api.demo.com/api/users,130,0,10
1765098288484,139,HTTP Request - /api/checkout,200,OK,Thread Group 1-3,text,true,,3665,283,5,5,http://api.demo.com/api/checkout,139,0,2
1765098288586,135,HTTP Request - /api/orders,200,OK,Thread Group 1-4,text,true,,3083,475,5,5,http://api.demo.com/api/orders,135,0,2
1765098288684,83,HTTP Request - /api/users,200,OK,Thread Group 1-5,text,true,,1243,357,5,5,http://api.demo.com/api/users,83,0,2
1765098288764,92,HTTP Request - /api/checkout,200,OK,Thread Group 1-1,text,true,,2937,437,5,5,http://api.demo.com/api/checkout,92,0,10
1765098288845,150,HTTP Request - /api/checkout,200,OK,Thread Group 1-2,text,true,,1482,444,5,5,http://api.demo.com/api/checkout,150,0,1
1765098288961,135,HTTP Request - /api/orders,200,OK,Thread Group 1-3,text,true,,1956,483,5,5,http://api.demo.com/api/orders,135,0,6
1765098289080,110,HTTP Request - /api/orders,200,OK,Thread Group 1-4,text,true,,3962,393,5,5,http://api.demo.com/api/orders,110,0,7
1765098289186,135,HTTP Request - /api/inventory,200,OK,Thread Group 1-5,text,true,,1244,361,5,5,http://api.demo.com/api/inventory,135,0,7
1765098289296,4795,HTTP Request - /api/users,200,OK,Thread Group 1-1,text,true,,3800,267,5,5,http://api.demo.com/api/users,4795,0,3
1765098289416,106,HTTP Request - /api/checkout,200,OK,Thread Group 1-2,text,true,,2725,456,5,5,http://api.demo.com/api/checkout,106,0,1
1765098289510,82,HTTP Request - /api/products,200,OK,Thread Group 1-3,text,true,,2357,403,5,5,http://api.demo.com/api/products,82,0,7
1765098289612,3639,HTTP Request - /api/products,200,OK,Thread Group 1-4,text,true,,1280,308,5,5,http://api.demo.com/api/products,3639,0,3
1765098289703,84,HTTP Request - /api/inventory,200,OK,Thread Group 1-5,text,true,,1150,277,5,5,http://api.demo.com/api/inventory,84,0,7
1765098289814,109,HTTP Request - /api/products,200,OK,Thread Group 1-1,text,true,,1407,324,5,5,http://api.demo.com/api/products,109,0,4
1765098289906,3085,HTTP Request - /api/products,200,OK,Thread Group 1-2,text,true,,2167,484,5,5,http://api.demo.com/api/products,3085,0,10
1765098290008,142,HTTP Request - /api/checkout,200,OK,Thread Group 1-3,text,true,,3895,506,5,5,http://api.demo.com/api/checkout,142,0,2
1765098290118,134,HTTP Request - /api/products,200,OK,Thread Group 1-4,text,true,,3007,455,5,5,http://api.demo.com/api/products,134,0,10
1765098290201,140,HTTP Request - /api/inventory,200,OK,Thread Group 1-5,text,true,,2520,337,5,5,http://api.demo.com/api/inventory,140,0,8
1765098290307,107,HTTP Request - /api/inventory,200,OK,Thread Group 1-1,text,true,,3239,490,5,5,http://api.demo.com/api/inventory,107,0,1
1765098290413,142,HTTP Request - /api/users,200,OK,Thread Group 1-2,text,true,,1656,355,5,5,http://api.demo.com/api/users,142,0,2
1765098290523,112,HTTP Request - /api/orders,200,OK,Thread Group 1-3,text,true,,3334,268,5,5,http://api.demo.com/api/orders,112,0,8
1765098290604,147,HTTP Request - /api/products,200,OK,Thread Group 1-4,text,true,,3917,493,5,5,http://api.demo.com/api/products,147,0,7
1765098290706,4972,HTTP Request - /api/products,200,OK,Thread Group 1-5,text,true,,3248,459,5,5,http://api.demo.com/api/products,4972,0,6
1765098290797,4447,HTTP Request - /api/users,200,OK,Thread Group 1-1,text,true,,1809,294,5,5,http://api.demo.com/api/users,4447,0,8
1765098290911,146,HTTP Request - /api/products,200,OK,Thread Group 1-2,text,true,,2736,460,5,5,http://api.demo.com/api/products,146,0,10
1765098291003,3593,HTTP Request - /api/checkout,200,OK,Thread Group 1-3,text,true,,3100,462,5,5,http://api.demo.com/api/checkout,3593,0,7
1765098291088,125,HTTP Request - /api/checkout,200,OK,Thread Group 1-4,text,true,,2722,367,5,5,http://api.demo.com/api/checkout,125,0,6
1765098291198,4842,HTTP Request - /api/products,200,OK,Thread Group 1-5,text,true,,2735,493,5,5,http://api.demo.com/api/products,4842,0,5
1765098291312,4557,HTTP Request - /api/users,200,OK,Thread Group 1-1,text,true,,1569,501,5,5,http://api.demo.com/api/users,4557,0,5
1765098291392,3298,HTTP Request - /api/orders,200,OK,Thread Group 1-2,text,true,,1345,462,5,5,http://api.demo.com/api/orders,3298,0,8
1765098291505,4368,HTTP Request - /api/checkout,200,OK,Thread Group 1-3,text,true,,3597,318,5,5,http://api.demo.com/api/checkout,4368,0,5
1765098291610,3897,HTTP Request - /api/orders,200,OK,Thread Group 1-4,text,true,,1761,373,5,5,http://api.demo.com/api/orders,3897,0,3
1765098291719,112,HTTP Request - /api/products,200,OK,Thread Group 1-5,text,true,,1657,323,5,5,http://api.demo.com/api/products,112,0,8
1765098291823,4362,HTTP Request - /api/orders,200,OK,Thread Group 1-1,text,true,,3991,283,5,5,http://api.demo.com/api/orders,4362,0,8
1765098291922,3849,HTTP Request - /api/checkout,200,OK,Thread Group 1-2,text,true,,4022,432,5,5,http://api.demo.com/api/checkout,3849,0,3
1765098292014,3031,HTTP Request - /api/checkout,200,OK,Thread Group 1-3,text,true,,3950,471,5,5,http://api.demo.com/api/checkout,3031,0,7
1765098292123,119,HTTP Request - /api/orders,200,OK,Thread Group 1-4,text,true,,2247,488,5,5,http://api.demo.com/api/orders,119,0,10
1765098292239,148,HTTP Request - /api/checkout,200,OK,Thread Group 1-5,text,true,,2198,312,5,5,http://api.demo.com/api/checkout,148,0,6
1765098292350,95,HTTP Request - /api/checkout,200,OK,Thread Group 1-1,text,true,,1725,368,5,5,http://api.demo.com/api/checkout,95,0,8
1765098292453,116,HTTP Request - /api/inventory,200,OK,Thread Group 1-2,text,true,,3973,467,5,5,http://api.demo.com/api/inventory,116,0,7
1765098292550,3686,HTTP Request - /api/orders,200,OK,Thread Group 1-3,text,true,,3964,310,5,5,http://api.demo.com/api/orders,3686,0,3
1765098292667,129,HTTP Request - /api/users,200,OK,Thread Group 1-4,text,true,,3217,269,5,5,http://api.demo.com/api/users,129,0,8
1765098292778,127,HTTP Request - /api/users,200,OK,Thread Group 1-5,text,true,,2762,499,5,5,http://api.demo.com/api/users,127,0,8
1765098292871,104,HTTP Request - /api/orders,200,OK,Thread Group 1-1,text,true,,2908,429,5,5,http://api.demo.com/api/orders,104,0,7
1765098292951,82,HTTP Request - /api/products,200,OK,Thread Group 1-2,text,true,,2190,496,5,5,http://api.demo.com/api/products,82,0,2
1765098293037,3185,HTTP Request - /api/products,200,OK,Thread Group 1-3,text,true,,1791,272,5,5,http://api.demo.com/api/products,3185,0,9
1765098293148,4987,HTTP Request - /api/inventory,200,OK,Thread Group 1-4,text,true,,2256,492,5,5,http://api.demo.com/api/inventory,4987,0,6
1765098293249,104,HTTP Request - /api/users,200,OK,Thread Group 1-5,text,true,,1108,473,5,5,http://api.demo.com/api/users,104,0,5
1765098293367,121,HTTP Request - /api/checkout,200,OK,Thread Group 1-1,text,true,,1254,507,5,5,http://api.demo.com/api/checkout,121,0,2
1765098293476,99,HTTP Request - /api/products,200,OK,Thread Group 1-2,text,true,,2319,334,5,5,http://api.demo.com/api/products,99,0,6
1765098293582,142,HTTP Request - /api/inventory,200,OK,Thread Group 1-3,text,true,,2039,436,5,5,http://api.demo.com/api/inventory,142,0,6
1765098293692,119,HTTP Request - /api/checkout,200,OK,Thread Group 1-4,text,true,,1795,425,5,5,http://api.demo.com/api/checkout,119,0,2
1765098293781,138,HTTP Request - /api/checkout,200,OK,Thread Group 1-5,text,true,,2873,262,5,5,http://api.demo.com/api/checkout,138,0,3
1765098293890,112,HTTP Request - /api/inventory,200,OK,Thread Group 1-1,text,true,,3945,485,5,5,http://api.demo.com/api/inventory,112,0,7
1765098293972,129,HTTP Request - /api/users,200,OK,Thread Group 1-2,text,true,,4076,444,5,5,http://api.demo.com/api/users,129,0,6
1765098294083,81,HTTP Request - /api/checkout,200,OK,Thread Group 1-3,text,true,,3410,504,5,5,http://api.demo.com/api/checkout,81,0,1
1765098294170,132,HTTP Request - /api/users,200,OK,Thread Group 1-4,text,true,,4045,311,5,5,http://api.demo.com/api/users,132,0,7
1765098294274,145,HTTP Request - /api/checkout,200,OK,Thread Group 1-5,text,true,,1585,479,5,5,http://api.demo.com/api/checkout,145,0,4
1765098294363,145,HTTP Request - /api/checkout,200,OK,Thread Group 1-1,text,true,,3995,458,5,5,http://api.demo.com/api/checkout,145,0,4
1765098294458,80,HTTP Request - /api/orders,200,OK,Thread Group 1-2,text,true,,1808,428,5,5,http://api.demo.com/api/orders,80,0,10
1765098294541,124,HTTP Request - /api/orders,200,OK,Thread Group 1-3,text,true,,3064,491,5,5,http://api.demo.com/api/orders,124,0,8
1765098294640,127,HTTP Request - /api/orders,200,OK,Thread Group 1-4,text,true,,3829,361,5,5,http://api.demo.com/api/orders,127,0,1
1765098294738,116,HTTP Request - /api/users,200,OK,Thread Group 1-5,text,true,,3676,351,5,5,http://api.demo.com/api/users,116,0,4
1765098294826,129,HTTP Request - /api/inventory,200,OK,Thread Group 1-1,text,true,,1639,458,5,5,http://api.demo.com/api/inventory,129,0,5
1765098294921,114,HTTP Request - /api/checkout,200,OK,Thread Group 1-2,text,true,,1830,409,5,5,http://api.demo.com/api/checkout,114,0,7
1765098295036,89,HTTP Request - /api/checkout,200,OK,Thread Group 1-3,text,true,,1351,445,5,5,http://api.demo.com/api/checkout,89,0,4
1765098295137,137,HTTP Request - /api/orders,200,OK,Thread Group 1-4,text,true,,3524,416,5,5,http://api.demo.com/api/orders,137,0,10
1765098295241,98,HTTP Request - /api/orders,200,OK,Thread Group 1-5,text,true,,3589,422,5,5,http://api.demo.com/api/orders,98,0,5
1765098295350,84,HTTP Request - /api/users,200,OK,Thread Group 1-1,text,true,,2417,408,5,5,http://api.demo.com/api/users,84,0,3
1765098295430,96,HTTP Request - /api/inventory,200,OK,Thread Group 1-2,text,true,,3881,447,5,5,http://api.demo.com/api/inventory,96,0,9
1765098295543,110,HTTP Request - /api/checkout,200,OK,Thread Group 1-3,text,true,,1259,459,5,5,http://api.demo.com/api/checkout,110,0,4
1765098295638,131,HTTP Request - /api/products,200,OK,Thread Group 1-4,text,true,,2554,408,5,5,http://api.demo.com/api/products,131,0,2
1765098295731,144,HTTP Request - /api/orders,200,OK,Thread Group 1-5,text,true,,2293,401,5,5,http://api.demo.com/api/orders,144,0,1
1765098295842,81,HTTP Request - /api/orders,200,OK,Thread Group 1-1,text,true,,3112,446,5,5,http://api.demo.com/api/orders,81,0,1
1765098295958,108,HTTP Request - /api/users,200,OK,Thread Group 1-2,text,true,,1217,454,5,5,http://api.demo.com/api/users,108,0,2
1765098296049,131,HTTP Request - /api/orders,200,OK,Thread Group 1-3,text,true,,4062,285,5,5,http://api.demo.com/api/orders,131,0,10
1765098296131,113,HTTP Request - /api/inventory,200,OK,Thread Group 1-4,text,true,,3107,435,5,5,http://api.demo.com/api/inventory,113,0,8
1765098296225,133,HTTP Request - /api/checkout,200,OK,Thread Group 1-5,text,true,,2333,423,5,5,http://api.demo.com/api/checkout,133,0,1
1765098296333,148,HTTP Request - /api/users,200,OK,Thread Group 1-1,text,true,,3554,508,5,5,http://api.demo.com/api/users,148,0,8
1765098296450,84,HTTP Request - /api/orders,200,OK,Thread Group 1-2,text,true,,3266,263,5,5,http://api.demo.com/api/orders,84,0,5
1765098296541,142,HTTP Request - /api/users,200,OK,Thread Group 1-3,text,true,,3007,461,5,5,http://api.demo.com/api/users,142,0,1
1765098296622,132,HTTP Request - /api/users,200,OK,Thread Group 1-4,text,true,,1181,321,5,5,http://api.demo.com/api/users,132,0,7
1765098296720,150,HTTP Request - /api/inventory,200,OK,Thread Group 1-5,text,true,,1082,275,5,5,http://api.demo.com/api/inventory,150,0,9
1765098296829,108,HTTP Request - /api/users,200,OK,Thread Group 1-1,text,true,,3592,355,5,5,http://api.demo.com/api/users,108,0,5
1765098296944,132,HTTP Request - /api/products,200,OK,Thread Group 1-2,text,true,,1931,311,5,5,http://api.demo.com/api/products,132,0,7
1765098297024,102,HTTP Request - /api/users,200,OK,Thread Group 1-3,text,true,,2575,445,5,5,http://api.demo.com/api/users,102,0,8
1765098297109,114,HTTP Request - /api/checkout,200,OK,Thread Group 1-4,text,true,,2289,329,5,5,http://api.demo.com/api/checkout,114,0,3
1765098297225,133,HTTP Request - /api/inventory,200,OK,Thread Group 1-5,text,true,,3846,418,5,5,http://api.demo.com/api/inventory,133,0,4
1765098297310,145,HTTP Request - /api/inventory,200,OK,Thread Group 1-1,text,true,,3977,506,5,5,http://api.demo.com/api/inventory,145,0,6
1765098297404,124,HTTP Request - /api/products,200,OK,Thread Group 1-2,text,true,,4070,442,5,5,http://api.demo.com/api/products,124,0,1
1765098297523,86,HTTP Request - /api/products,200,OK,Thread Group 1-3,text,true,,2375,389,5,5,http://api.demo.com/api/products,86,0,4
1765098297606,111,HTTP Request - /api/inventory,200,OK,Thread Group 1-4,text,true,,2950,410,5,5,http://api.demo.com/api/inventory,111,0,3
1765098297699,125,HTTP Request - /api/checkout,200,OK,Thread Group 1-5,text,true,,3922,420,5,5,http://api.demo.com/api/checkout,125,0,5
1765098297815,146,HTTP Request - /api/inventory,200,OK,Thread Group 1-1,text,true,,1442,343,5,5,http://api.demo.com/api/inventory,146,0,8
1765098297911,115,HTTP Request - /api/users,200,OK,Thread Group 1-2,text,true,,2029,305,5,5,http://api.demo.com/api/users,115,0,3
1765098298023,116,HTTP Request - /api/orders,200,OK,Thread Group 1-3,text,true,,3876,412,5,5,http://api.demo.com/api/orders,116,0,4
1765098298121,131,HTTP Request - /api/users,200,OK,Thread Group 1-4,text,true,,3684,361,5,5,http://api.demo.com/api/users,131,0,5
1765098298222,132,HTTP Request - /api/products,200,OK,Thread Group 1-5,text,true,,1304,350,5,5,http://api.demo.com/api/products,132,0,6
1765098298309,111,HTTP Request - /api/products,200,OK,Thread Group 1-1,text,true,,3975,502,5,5,http://api.demo.com/api/products,111,0,6
1765098298406,130,HTTP Request - /api/inventory,200,OK,Thread Group 1-2,text,true,,1667,337,5,5,http://api.demo.com/api/inventory,130,0,8
1765098298489,132,HTTP Request - /api/checkout,200,OK,Thread Group 1-3,text,true,,3762,345,5,5,http://api.demo.com/api/checkout,132,0,6
1765098298608,83,HTTP Request - /api/inventory,200,OK,Thread Group 1-4,text,true,,3372,271,5,5,http://api.demo.com/api/inventory,83,0,6
1765098298692,80,HTTP Request - /api/products,200,OK,Thread Group 1-5,text,true,,2071,303,5,5,http://api.demo.com/api/products,80,0,8
1765098298773,119,HTTP Request - /api/orders,200,OK,Thread Group 1-1,text,true,,3747,463,5,5,http://api.demo.com/api/orders,119,0,7
1765098298857,112,HTTP Request - /api/checkout,200,OK,Thread Group 1-2,text,true,,4041,387,5,5,http://api.demo.com/api/checkout,112,0,4
1765098298956,92,HTTP Request - /api/users,200,OK,Thread Group 1-3,text,true,,1101,458,5,5,http://api.demo.com/api/users,92,0,4
1765098299045,109,HTTP Request - /api/products,200,OK,Thread Group 1-4,text,true,,4002,302,5,5,http://api.demo.com/api/products,109,0,8
1765098299127,150,HTTP Request - /api/orders,200,OK,Thread Group 1-5,text,true,,1389,304,5,5,http://api.demo.com/api/orders,150,0,5
1765098299247,135,HTTP Request - /api/orders,200,OK,Thread Group 1-1,text,true,,1128,313,5,5,http://api.demo.com/api/orders,135,0,1
1765098299352,137,HTTP Request - /api/users,200,OK,Thread Group 1-2,text,true,,4080,452,5,5,http://api.demo.com/api/users,137,0,6
1765098299438,134,HTTP Request - /api/checkout,200,OK,Thread Group 1-3,text,true,,2614,329,5,5,http://api.demo.com/api/checkout,134,0,3
1765098299522,127,HTTP Request - /api/inventory,200,OK,Thread Group 1-4,text,true,,1052,451,5,5,http://api.demo.com/api/inventory,127,0,3
1765098299602,118,HTTP Request - /api/products,200,OK,Thread Group 1-5,text,true,,2995,350,5,5,http://api.demo.com/api/products,118,0,4
1765098299688,83,HTTP Request - /api/inventory,200,OK,Thread Group 1-1,text,true,,2424,379,5,5,http://api.demo.com/api/inventory,83,0,3
1765098299796,92,HTTP Request - /api/products,200,OK,Thread Group 1-2,text,true,,1598,261,5,5,http://api.demo.com/api/products,92,0,8
1765098299915,96,HTTP Request - /api/orders,200,OK,Thread Group 1-3,text,true,,3923,505,5,5,http://api.demo.com/api/orders,96,0,3
1765098299996,86,HTTP Request - /api/inventory,200,OK,Thread Group 1-4,text,true,,2083,466,5,5,http://api.demo.com/api/inventory,86,0,9
1765098300102,126,HTTP Request - /api/inventory,200,OK,Thread Group 1-5,text,true,,3194,308,5,5,http://api.demo.com/api/inventory,126,0,4
